review_id,product_sku,rating,rating_trusted,theme
CR-000001,B0000AUTU3,5.0,true,none
CR-000002,B0000AUTU3,1.0,true,noise
CR-000003,B0000AUTU3,1.0,false,none
CR-000004,B00006WNMX,5.0,true,none
CR-000005,B000BC8WRA,5.0,true,none
CR-000006,B00006WNMX,4.0,true,noise
CR-000007,B0006BAVNY,5.0,true,reliability
CR-000008,B0000AUTU3,2.0,true,none
CR-000009,B0006BAVNY,5.0,true,none
CR-000010,B07R81N4X9,5.0,true,none
CR-000011,B0000AUTU3,1.0,true,none
CR-000012,B0006FLJWW,4.0,true,none
CR-000013,B07R81N4X9,5.0,true,none
CR-000014,B000EHJ8FC,1.0,true,none
CR-000015,B07R81N4X9,5.0,true,none
CR-000016,B07R81N4X9,5.0,true,none
CR-000017,B000KKXUMA,5.0,true,none
CR-000018,B00006WNMX,3.0,true,none
CR-000019,B00006WNMX,4.0,true,none
CR-000020,B07R81N4X9,5.0,true,none
CR-000021,B000VG7ZQ0,1.0,true,customer_service
CR-000022,B000VG7ZQ0,1.0,true,none
CR-000023,B07R81N4X9,5.0,true,none
CR-000024,B000KKXUMA,5.0,true,none
CR-000025,B000KKXUMA,4.0,true,none
CR-000026,B07R81N4X9,5.0,true,none
CR-000027,B000KKXUMA,1.0,false,none
CR-000028,B000KTKSSA,5.0,true,none
CR-000029,B07R81N4X9,5.0,true,none
CR-000030,B07R81N4X9,5.0,true,none
CR-000031,B000KTKSSA,5.0,true,none
CR-000032,B0006FLJWW,5.0,true,none
CR-000033,B000HECMEG,5.0,true,none
CR-000034,B000KTKSSA,4.0,true,none
CR-000035,B0017Z247E,5.0,true,none
CR-000036,B000KTKSSA,5.0,true,none
CR-000037,B000KTKSSA,5.0,true,none
CR-000038,B07R81N4X9,5.0,true,none
CR-000039,B000KTKSSA,1.0,false,none
CR-000040,B00143SXU6,1.0,false,none
CR-000041,B00143SXU6,5.0,true,none
CR-000042,B0006BAVNY,5.0,true,none
CR-000043,B000B1R9IY,5.0,true,none
CR-000044,B00143SXU6,1.0,true,none
CR-000045,B0015GJNYC,5.0,true,none
CR-000046,B0017Z247E,5.0,true,none
CR-000047,B000I0WQWC,1.0,true,none
CR-000048,B0017Z247E,5.0,true,none
CR-000049,B000B1R9IY,4.0,true,none
CR-000050,B0000AUTU3,3.0,true,none
CR-000051,B0000AUTU3,5.0,true,none
CR-000052,B000VG7ZQ0,1.0,false,none
CR-000053,B000BC8WRA,5.0,true,none
CR-000054,B001FWXKMC,1.0,true,none
CR-000055,B000BC8WRA,5.0,true,none
CR-000056,B0006BAVNY,4.0,true,none
CR-000057,B0006FLJWW,5.0,true,none
CR-000058,B001Q3KS9S,1.0,true,none
CR-000059,B0000AUTU3,5.0,true,none
CR-000060,B0006FLJWW,5.0,true,none
CR-000061,B0017Z247E,5.0,true,none
CR-000062,B000B1R9IY,4.0,true,none
CR-000063,B07R81N4X9,5.0,true,none
CR-000064,B0017Z247E,4.0,true,none
CR-000065,B000BC8WRA,5.0,true,none
CR-000066,B000VG7ZQ0,4.0,true,none
CR-000067,B0017Z247E,5.0,true,none
CR-000068,B0017Z247E,5.0,true,none
CR-000069,B07R81N4X9,4.0,true,none
CR-000070,B000I0WQWC,3.0,true,none
CR-000071,B000B1R9IY,5.0,true,none
CR-000072,B000B1R9IY,5.0,true,none
CR-000073,B000N1HZ2W,5.0,true,none
CR-000074,B000BC8WRA,1.0,true,none
CR-000075,B000B1R9IY,4.0,true,none
CR-000076,B0000AUTU3,5.0,true,none
CR-000077,B0000AUTU3,5.0,true,none
CR-000078,B000BC8WRA,1.0,true,none
CR-000079,B0000AUTU3,4.0,true,none
CR-000080,B000B1R9IY,1.0,true,value_effectiveness
CR-000081,B000B1R9IY,5.0,true,none
CR-000082,B000B1R9IY,4.0,true,none
CR-000083,B000XKM3J8,5.0,true,noise
CR-000084,B07R81N4X9,4.0,true,noise
CR-000085,B000B1R9IY,5.0,true,none
CR-000086,B000B1R9IY,5.0,true,none
CR-000087,B000XKM3J8,4.0,true,noise
CR-000088,B000XKM3J8,3.0,true,none
CR-000089,B001Q3KS9S,3.0,true,none
CR-000090,B000B1R9IY,2.0,true,none
CR-000091,B001FWXKMC,3.0,true,none
CR-000092,B000B1R9IY,1.0,true,none
CR-000093,B0000AUTU3,1.0,true,none
CR-000094,B000I0WQWC,1.0,true,none
CR-000095,B000I0WQWC,1.0,true,none
CR-000096,B000B1R9IY,5.0,true,none
CR-000097,B003BQTNIU,1.0,true,none
CR-000098,B0000AUTU3,5.0,true,none
CR-000099,B0015GJNYC,5.0,true,none
CR-000100,B07R81N4X9,5.0,true,noise
CR-000101,B0009GVZ0Y,4.0,true,none
CR-000102,B003BQTNIU,4.0,true,noise
CR-000103,B000B1R9IY,5.0,true,none
CR-000104,B000XKM3J8,5.0,true,none
CR-000105,B0006FLJWW,5.0,true,none
CR-000106,B000H16916,4.0,true,none
CR-000107,B000BC8WRA,2.0,true,customer_service
CR-000108,B000B1R9IY,4.0,true,none
CR-000109,B0006FLJWW,5.0,true,none
CR-000110,B000B1R9IY,4.0,true,none
CR-000111,B07R81N4X9,5.0,true,none
CR-000112,B07R81N4X9,5.0,true,none
CR-000113,B003BQTNIU,5.0,true,noise
CR-000114,B000B1R9IY,5.0,true,none
CR-000115,B000B1R9IY,1.0,true,customer_service
CR-000116,B07R81N4X9,1.0,false,none
CR-000117,B000XKM3J8,5.0,true,none
CR-000118,B0000AUTU3,1.0,true,none
CR-000119,B000XKM3J8,5.0,true,none
CR-000120,B07R81N4X9,5.0,true,none
CR-000121,B07R81N4X9,3.0,true,none
CR-000122,B003BQTNIU,5.0,true,noise
CR-000123,B000B1R9IY,4.0,true,none
CR-000124,B001DYX5KY,5.0,true,none
CR-000125,B07R81N4X9,5.0,true,none
CR-000126,B004BOUQPK,2.0,true,none
CR-000127,B07R81N4X9,5.0,true,none
CR-000128,B0006FLJWW,3.0,true,none
CR-000129,B000B1R9IY,5.0,true,none
CR-000130,B001BC3M1K,1.0,false,none
CR-000131,B07R81N4X9,4.0,true,none
CR-000132,B000B1R9IY,3.0,true,none
CR-000133,B001BC3M1K,5.0,true,none
CR-000134,B07R81N4X9,4.0,true,ozone_odor_safety
CR-000135,B07R81N4X9,5.0,true,noise
CR-000136,B000B1R9IY,4.0,true,none
CR-000137,B000XKM3J8,1.0,true,none
CR-000138,B07R81N4X9,5.0,true,none
CR-000139,B07R81N4X9,4.0,true,none
CR-000140,B07R81N4X9,5.0,true,none
CR-000141,B003EU67BO,5.0,true,none
CR-000142,B000I0WQWC,4.0,true,none
CR-000143,B001BC3M1K,5.0,true,none
CR-000144,B000XKM3J8,1.0,true,none
CR-000145,B000B1R9IY,3.0,true,none
CR-000146,B07R81N4X9,3.0,true,none
CR-000147,B000XKM3J8,5.0,true,none
CR-000148,B000XKM3J8,4.0,true,noise
CR-000149,B0776XKZ1Y,2.0,true,none
CR-000150,B0006FLJWW,5.0,true,none
CR-000151,B000BC8WRA,1.0,true,customer_service
CR-000152,B000B1R9IY,2.0,true,reliability
CR-000153,B003EU67BO,1.0,true,none
CR-000154,B000B1R9IY,4.0,true,none
CR-000155,B07R81N4X9,5.0,true,none
CR-000156,B000BC8WRA,1.0,true,none
CR-000157,B003BQTNIU,5.0,true,none
CR-000158,B002VSAFP4,5.0,true,none
CR-000159,B000XKM3J8,1.0,true,none
CR-000160,B07R81N4X9,4.0,true,none
CR-000161,B003BQTNIU,2.0,true,none
CR-000162,B07R81N4X9,5.0,true,none
CR-000163,B07R81N4X9,4.0,true,none
CR-000164,B003EU67BO,5.0,true,noise
CR-000165,B07R81N4X9,5.0,true,none
CR-000166,B000BC8WRA,1.0,true,none
CR-000167,B002FHIBM0,5.0,true,none
CR-000168,B003BQTNIU,5.0,true,none
CR-000169,B07R81N4X9,5.0,true,none
CR-000170,B0776XKZ1Y,5.0,true,none
CR-000171,B0009GVZ0Y,5.0,true,none
CR-000172,B003D7G9EI,5.0,true,none
CR-000173,B07R81N4X9,4.0,true,none
CR-000174,B07R81N4X9,5.0,true,none
CR-000175,B002VSAFP4,5.0,true,none
CR-000176,B07R81N4X9,5.0,true,none
CR-000177,B07R81N4X9,5.0,true,none
CR-000178,B0776XKZ1Y,4.0,true,none
CR-000179,B07R81N4X9,5.0,true,none
CR-000180,B07R81N4X9,5.0,true,reliability
CR-000181,B07R81N4X9,5.0,true,none
CR-000182,B07R81N4X9,4.0,true,ozone_odor_safety
CR-000183,B000XKM3J8,5.0,true,none
CR-000184,B07R81N4X9,5.0,true,ozone_odor_safety
CR-000185,B000XKM3J8,2.0,true,none
CR-000186,B002VSAFP4,5.0,true,none
CR-000187,B00411PN6A,3.0,true,none
CR-000188,B003BQTNIU,1.0,true,none
CR-000189,B002VSAFP4,4.0,true,none
CR-000190,B002VSAFP4,5.0,true,none
CR-000191,B002VSAFP4,5.0,true,none
CR-000192,B07R81N4X9,5.0,true,none
CR-000193,B002VSAFP4,5.0,true,none
CR-000194,B0776XKZ1Y,5.0,true,none
CR-000195,B07R81N4X9,5.0,true,none
CR-000196,B000KTKSSA,5.0,true,none
CR-000197,B0776XKZ1Y,5.0,true,none
CR-000198,B0776XKZ1Y,5.0,true,none
CR-000199,B00411PN6A,3.0,true,none
CR-000200,B0776XKZ1Y,4.0,true,none
CR-000201,B000I0WQWC,5.0,true,none
CR-000202,B002VSAFP4,4.0,true,noise
CR-000203,B002VSAFP4,5.0,true,none
CR-000204,B07R81N4X9,3.0,true,none
CR-000205,B000XKM3J8,5.0,true,none
CR-000206,B002VSAFP4,5.0,true,none
CR-000207,B07R81N4X9,5.0,true,filter_cost
CR-000208,B07R81N4X9,4.0,true,none
CR-000209,B0006FLJWW,1.0,true,none
CR-000210,B000B1R9IY,1.0,true,none
CR-000211,B003BQTNIU,5.0,true,none
CR-000212,B002QUZGVA,1.0,true,noise
CR-000213,B000B1R9IY,2.0,true,none
CR-000214,B0006FLJWW,4.0,true,noise
CR-000215,B07R81N4X9,5.0,true,none
CR-000216,B001FWXKMC,4.0,true,none
CR-000217,B002QUZGVA,1.0,true,noise
CR-000218,B0006BAVNY,5.0,true,none
CR-000219,B000I0WQWC,1.0,true,none
CR-000220,B07R81N4X9,5.0,true,none
CR-000221,B007GQ80YY,4.0,true,none
CR-000222,B000VG7ZQ0,1.0,true,none
CR-000223,B00143SXU6,5.0,false,noise
CR-000224,B007Y9RBX4,5.0,true,none
CR-000225,B007GQ80YY,3.0,true,none
CR-000226,B007Y9RBX4,5.0,true,none
CR-000227,B0776XKZ1Y,5.0,true,none
CR-000228,B07R81N4X9,5.0,true,none
CR-000229,B07R81N4X9,4.0,true,none
CR-000230,B07R81N4X9,2.0,true,none
CR-000231,B07R81N4X9,5.0,true,none
CR-000232,B0057IKJPQ,4.0,true,noise
CR-000233,B07R81N4X9,5.0,true,none
CR-000234,B000I0WQWC,3.0,true,none
CR-000235,B07R81N4X9,5.0,true,none
CR-000236,B006KSEZ5C,1.0,true,reliability
CR-000237,B007Y9RBX4,5.0,true,none
CR-000238,B003EU67BO,4.0,true,none
CR-000239,B000N1HZ2W,5.0,true,none
CR-000240,B0776XKZ1Y,5.0,true,none
CR-000241,B000I0WQWC,1.0,true,customer_service
CR-000242,B07R81N4X9,5.0,true,none
CR-000243,B009CAUR6G,4.0,true,noise
CR-000244,B07R81N4X9,4.0,true,none
CR-000245,B007Y9RBX4,5.0,true,none
CR-000246,B007Y9RBX4,5.0,true,none
CR-000247,B002VSAFP4,1.0,true,none
CR-000248,B007GQ80YY,1.0,true,none
CR-000249,B007Y9RBX4,5.0,true,none
CR-000250,B002VSAFP4,2.0,true,none
CR-000251,B007Y9RBX4,5.0,true,none
CR-000252,B0776XKZ1Y,5.0,true,none
CR-000253,B07R81N4X9,5.0,false,noise
CR-000254,B002FHIBM0,5.0,true,none
CR-000255,B07R81N4X9,5.0,true,filter_cost
CR-000256,B0006FLJWW,5.0,true,none
CR-000257,B07R81N4X9,5.0,true,none
CR-000258,B000B1R9IY,1.0,true,none
CR-000259,B007Y9RBX4,1.0,true,ozone_odor_safety
CR-000260,B007Y9RBX4,5.0,true,none
CR-000261,B07R81N4X9,3.0,true,customer_service
CR-000262,B003EU67BO,5.0,true,none
CR-000263,B001BC3M1K,5.0,true,none
CR-000264,B007Y9RBX4,1.0,false,none
CR-000265,B07R81N4X9,5.0,true,none
CR-000266,B007Y9RBX4,5.0,true,none
CR-000267,B007Y5B814,5.0,true,none
CR-000268,B006KSEZ5C,1.0,true,none
CR-000269,B007Y9RBX4,5.0,true,none
CR-000270,B000I0WQWC,1.0,true,none
CR-000271,B007Y9RBX4,5.0,true,none
CR-000272,B007Y9RBX4,5.0,true,none
CR-000273,B00411PN6A,5.0,true,none
CR-000274,B07R81N4X9,5.0,true,none
CR-000275,B07R81N4X9,5.0,true,none
CR-000276,B0776XKZ1Y,4.0,true,none
CR-000277,B07R81N4X9,3.0,true,none
CR-000278,B000I0WQWC,5.0,true,none
CR-000279,B000I0WQWC,5.0,true,none
CR-000280,B007Y9RBX4,4.0,true,none
CR-000281,B007Y9RBX4,5.0,true,none
CR-000282,B0030UD626,5.0,true,none
CR-000283,B003D7G9EI,5.0,true,none
CR-000284,B007Y9RBX4,4.0,true,none
CR-000285,B003EU67BO,5.0,true,none
CR-000286,B007Y9RBX4,5.0,true,none
CR-000287,B0776XKZ1Y,5.0,true,none
CR-000288,B000I0WQWC,5.0,true,none
CR-000289,B000B1R9IY,1.0,true,none
CR-000290,B006KSEZ5C,5.0,true,none
CR-000291,B000I0WQWC,4.0,true,none
CR-000292,B07R81N4X9,5.0,true,none
CR-000293,B0BBV2Z7VG,5.0,true,none
CR-000294,B007Y9RBX4,5.0,true,none
CR-000295,B07R81N4X9,4.0,true,none
CR-000296,B002FHIBM0,1.0,true,none
CR-000297,B007Y9RBX4,3.0,true,none
CR-000298,B0006FLJWW,5.0,true,none
CR-000299,B0776XKZ1Y,5.0,true,none
CR-000300,B006KSEZ5C,5.0,true,none
CR-000301,B07V4GC3VC,5.0,true,noise
CR-000302,B000I0WQWC,1.0,true,none
CR-000303,B000I0WQWC,5.0,true,none
CR-000304,B0776XKZ1Y,3.0,true,none
CR-000305,B007Y9RBX4,5.0,true,none
CR-000306,B007Y9RBX4,5.0,true,none
CR-000307,B007Y9RBX4,5.0,true,none
CR-000308,B003EU67BO,5.0,false,noise
CR-000309,B0776XKZ1Y,5.0,true,none
CR-000310,B007Y9RBX4,5.0,true,none
CR-000311,B007Y9RBX4,5.0,true,none
CR-000312,B007Y9RBX4,4.0,true,none
CR-000313,B00654T2Z4,1.0,true,none
CR-000314,B00654T2Z4,4.0,true,none
CR-000315,B003EU67BO,5.0,false,none
CR-000316,B006VA94E6,2.0,true,none
CR-000317,B000XKM3J8,1.0,true,noise
CR-000318,B007Y9RBX4,5.0,true,none
CR-000319,B002VSAFP4,2.0,true,none
CR-000320,B0006FLJWW,4.0,true,none
CR-000321,B003EU67BO,5.0,true,none
CR-000322,B007Y9RBX4,1.0,true,none
CR-000323,B002VSAFP4,5.0,true,none
CR-000324,B0BBV2Z7VG,4.0,true,none
CR-000325,B007Y9RBX4,5.0,true,none
CR-000326,B000N1HZ2W,5.0,true,none
CR-000327,B07R81N4X9,2.0,true,none
CR-000328,B007Y9RBX4,2.0,true,none
CR-000329,B002FHIBM0,3.0,true,none
CR-000330,B006KSEZ5C,3.0,true,none
CR-000331,B00BFXJXQS,4.0,true,none
CR-000332,B000I0WQWC,4.0,true,none
CR-000333,B007Y9RBX4,5.0,true,none
CR-000334,B006KSEZ5C,4.0,true,none
CR-000335,B006KSEZ5C,3.0,true,none
CR-000336,B007Y9RBX4,3.0,true,none
CR-000337,B009CAUR6G,5.0,true,noise
CR-000338,B009CAUR6G,4.0,true,none
CR-000339,B07R81N4X9,5.0,true,none
CR-000340,B07R81N4X9,5.0,true,none
CR-000341,B0006FLJWW,2.0,true,none
CR-000342,B007Y9RBX4,1.0,true,none
CR-000343,B002QUZGVA,3.0,true,none
CR-000344,B007Y9RBX4,3.0,true,noise
CR-000345,B009CAUR6G,5.0,true,none
CR-000346,B000I0WQWC,1.0,true,none
CR-000347,B009CAUR6G,5.0,true,none
CR-000348,B0006FLJWW,3.0,true,none
CR-000349,B00BFXJXQS,2.0,true,none
CR-000350,B07R81N4X9,5.0,true,none
CR-000351,B009CAUR6G,5.0,true,none
CR-000352,B007GQ80YY,1.0,true,none
CR-000353,B007Y9RBX4,5.0,true,none
CR-000354,B006KSEZ5C,5.0,true,none
CR-000355,B009CAUR6G,5.0,true,none
CR-000356,B003EU67BO,5.0,true,none
CR-000357,B07R81N4X9,5.0,true,none
CR-000358,B07R81N4X9,5.0,true,none
CR-000359,B007Y9RBX4,5.0,true,none
CR-000360,B007Y9RBX4,4.0,true,none
CR-000361,B006KSEZ5C,5.0,true,none
CR-000362,B000I0WQWC,5.0,true,none
CR-000363,B007Y9RBX4,1.0,false,none
CR-000364,B000N1HZ2W,5.0,true,none
CR-000365,B000I0WQWC,5.0,true,none
CR-000366,B0776XKZ1Y,5.0,true,none
CR-000367,B006KSEZ5C,4.0,true,none
CR-000368,B0006BAVNY,4.0,true,noise
CR-000369,B07R81N4X9,4.0,true,none
CR-000370,B006KSEZ5C,1.0,false,none
CR-000371,B000I0WQWC,5.0,true,none
CR-000372,B000I0WQWC,1.0,true,none
CR-000373,B002VSAFP4,4.0,true,none
CR-000374,B000I0WQWC,5.0,true,none
CR-000375,B007Y9RBX4,5.0,true,none
CR-000376,B003LMUUP4,4.0,true,none
CR-000377,B00654T2Z4,4.0,true,none
CR-000378,B007Y9RBX4,5.0,true,none
CR-000379,B0776XKZ1Y,4.0,true,none
CR-000380,B0776XKZ1Y,4.0,true,none
CR-000381,B0776XKZ1Y,5.0,true,none
CR-000382,B07R81N4X9,5.0,true,none
CR-000383,B0BBV2Z7VG,5.0,true,none
CR-000384,B002VSAFP4,5.0,false,none
CR-000385,B0BBV2Z7VG,4.0,true,none
CR-000386,B007Y9RBX4,5.0,true,ozone_odor_safety
CR-000387,B000I0WQWC,5.0,true,none
CR-000388,B007Y9RBX4,5.0,true,none
CR-000389,B07R81N4X9,5.0,true,none
CR-000390,B007Y9RBX4,1.0,true,reliability
CR-000391,B006VA94E6,2.0,true,none
CR-000392,B0006FLJWW,5.0,true,none
CR-000393,B007Y9RBX4,4.0,true,noise
CR-000394,B007Y9RBX4,5.0,true,none
CR-000395,B007Y9RBX4,3.0,true,none
CR-000396,B07R81N4X9,5.0,true,none
CR-000397,B001FWXKMC,4.0,true,noise
CR-000398,B009CAUR6G,5.0,true,none
CR-000399,B07R81N4X9,5.0,true,none
CR-000400,B00BFXJXQS,5.0,true,none
CR-000401,B007Y9RBX4,5.0,true,none
CR-000402,B0776XKZ1Y,1.0,true,none
CR-000403,B07R81N4X9,4.0,true,none
CR-000404,B000I0WQWC,5.0,true,none
CR-000405,B0015GJNYC,5.0,true,none
CR-000406,B007Y9RBX4,3.0,true,none
CR-000407,B007Y9RBX4,4.0,true,none
CR-000408,B07R81N4X9,5.0,true,none
CR-000409,B07R81N4X9,5.0,true,none
CR-000410,B007Y9RBX4,4.0,true,none
CR-000411,B007Y9RBX4,4.0,true,none
CR-000412,B007Y9RBX4,5.0,true,none
CR-000413,B000I0WQWC,5.0,true,none
CR-000414,B07R81N4X9,5.0,true,none
CR-000415,B006KSEZ5C,4.0,true,none
CR-000416,B07R81N4X9,5.0,true,none
CR-000417,B007Y9RBX4,5.0,true,none
CR-000418,B00A13VE38,5.0,true,none
CR-000419,B000H16916,5.0,true,none
CR-000420,B07R81N4X9,5.0,true,none
CR-000421,B007Y5B814,5.0,true,none
CR-000422,B007Y9RBX4,5.0,true,none
CR-000423,B07R81N4X9,5.0,true,none
CR-000424,B0776XKZ1Y,4.0,true,none
CR-000425,B07R81N4X9,5.0,true,none
CR-000426,B0BBV2Z7VG,1.0,false,none
CR-000427,B007Y9RBX4,5.0,true,none
CR-000428,B000I0WQWC,5.0,true,none
CR-000429,B0776XKZ1Y,5.0,true,none
CR-000430,B007Y9RBX4,5.0,true,none
CR-000431,B000I0WQWC,3.0,true,none
CR-000432,B00A13VE38,5.0,true,none
CR-000433,B000I0WQWC,1.0,true,none
CR-000434,B00143SXU6,2.0,true,noise
CR-000435,B009CAUR6G,1.0,true,none
CR-000436,B07R81N4X9,5.0,true,none
CR-000437,B0776XKZ1Y,5.0,true,none
CR-000438,B009CAUR6G,3.0,true,none
CR-000439,B0776XKZ1Y,5.0,true,none
CR-000440,B00411PN6A,5.0,true,none
CR-000441,B07R81N4X9,5.0,true,none
CR-000442,B007Y9RBX4,4.0,true,none
CR-000443,B000I0WQWC,5.0,true,none
CR-000444,B0000AUTU3,2.0,true,none
CR-000445,B0BBV2Z7VG,5.0,true,noise
CR-000446,B002QUZGVA,4.0,true,none
CR-000447,B07R81N4X9,5.0,true,none
CR-000448,B007Y9RBX4,5.0,true,none
CR-000449,B0009GVZ0Y,3.0,true,none
CR-000450,B007Y9RBX4,5.0,false,ozone_odor_safety
CR-000451,B007Y9RBX4,4.0,true,none
CR-000452,B07R81N4X9,1.0,true,none
CR-000453,B007Y9RBX4,1.0,true,none
CR-000454,B0776XKZ1Y,5.0,true,none
CR-000455,B007Y9RBX4,2.0,true,none
CR-000456,B007Y5B814,5.0,true,none
CR-000457,B007Y9RBX4,4.0,true,noise
CR-000458,B07R81N4X9,5.0,true,none
CR-000459,B000I0WQWC,1.0,true,none
CR-000460,B007Y9RBX4,3.0,true,noise
CR-000461,B001FWXKMC,5.0,true,none
CR-000462,B007Y5B814,5.0,true,none
CR-000463,B007Y5B814,5.0,true,none
CR-000464,B0006FLJWW,5.0,true,ozone_odor_safety
CR-000465,B007Y9RBX4,4.0,true,noise
CR-000466,B07R81N4X9,5.0,true,none
CR-000467,B007Y9RBX4,5.0,true,none
CR-000468,B002QUZGVA,3.0,true,none
CR-000469,B007Y5B814,5.0,true,none
CR-000470,B007Y9RBX4,5.0,false,noise
CR-000471,B006KSEZ5C,2.0,true,none
CR-000472,B00143SXU6,3.0,true,none
CR-000473,B0776XKZ1Y,5.0,true,none
CR-000474,B0BBV2Z7VG,5.0,true,none
CR-000475,B0776XKZ1Y,5.0,true,none
CR-000476,B007Y9RBX4,5.0,true,none
CR-000477,B007Y9RBX4,5.0,true,none
CR-000478,B007Y5B814,5.0,true,none
CR-000479,B007Y5B814,5.0,true,none
CR-000480,B000XKM3J8,1.0,true,none
CR-000481,B007Y9RBX4,5.0,true,none
CR-000482,B000I0WQWC,3.0,true,none
CR-000483,B00EHN19JW,4.0,true,none
CR-000484,B0006FLJWW,4.0,true,none
CR-000485,B0776XKZ1Y,5.0,true,none
CR-000486,B007Y9RBX4,1.0,true,reliability
CR-000487,B006VA94E6,1.0,true,customer_service
CR-000488,B000HECMEG,5.0,true,none
CR-000489,B007Y5B814,5.0,true,none
CR-000490,B007Y5B814,4.0,true,none
CR-000491,B07V4GC3VC,1.0,true,none
CR-000492,B007Y5B814,5.0,true,none
CR-000493,B007Y9RBX4,5.0,true,none
CR-000494,B000I0WQWC,5.0,true,none
CR-000495,B00EHN19JW,5.0,true,none
CR-000496,B00BFXJXQS,4.0,true,none
CR-000497,B00BFXJXQS,1.0,false,none
CR-000498,B0776XKZ1Y,5.0,true,none
CR-000499,B0776XKZ1Y,5.0,true,none
CR-000500,B00EHN19JW,2.0,true,none
CR-000501,B00BFXJXQS,5.0,true,none
CR-000502,B006KSEZ5C,4.0,true,none
CR-000503,B002VSAFP4,2.0,true,none
CR-000504,B007Y5B814,2.0,true,none
CR-000505,B007Y5B814,3.0,true,none
CR-000506,B007Y5B814,5.0,true,none
CR-000507,B007Y9RBX4,1.0,true,none
CR-000508,B007Y5B814,5.0,true,none
CR-000509,B002VSAFP4,5.0,true,none
CR-000510,B0776XKZ1Y,1.0,true,none
CR-000511,B007Y9RBX4,4.0,true,none
CR-000512,B006KSEZ5C,2.0,true,none
CR-000513,B07R81N4X9,5.0,true,none
CR-000514,B007Y9RBX4,3.0,true,reliability
CR-000515,B0776XKZ1Y,5.0,true,none
CR-000516,B0776XKZ1Y,5.0,true,none
CR-000517,B006KSEZ5C,4.0,true,none
CR-000518,B007Y5B814,1.0,true,ozone_odor_safety
CR-000519,B007Y5B814,4.0,true,none
CR-000520,B007Y5B814,5.0,true,none
CR-000521,B07R81N4X9,5.0,true,none
CR-000522,B007Y9RBX4,2.0,true,none
CR-000523,B007Y9RBX4,5.0,true,none
CR-000524,B07R81N4X9,5.0,true,none
CR-000525,B007Y5B814,2.0,true,none
CR-000526,B0BBV2Z7VG,5.0,true,none
CR-000527,B0BBV2Z7VG,5.0,true,none
CR-000528,B002VSAFP4,5.0,false,noise
CR-000529,B07R81N4X9,4.0,true,noise
CR-000530,B002VSAFP4,4.0,true,none
CR-000531,B002FHIBM0,5.0,true,none
CR-000532,B002VSAFP4,3.0,true,none
CR-000533,B007Y9RBX4,5.0,true,none
CR-000534,B0BBV2Z7VG,5.0,true,none
CR-000535,B007Y5B814,3.0,true,none
CR-000536,B0077TBFHE,1.0,true,noise
CR-000537,B006KSEZ5C,2.0,true,none
CR-000538,B007Y9RBX4,5.0,true,none
CR-000539,B002FHIBM0,1.0,true,none
CR-000540,B0BBV2Z7VG,5.0,true,none
CR-000541,B002VSAFP4,2.0,true,none
CR-000542,B007Y9RBX4,5.0,true,none
CR-000543,B000I0WQWC,5.0,true,none
CR-000544,B00EHN19JW,5.0,true,none
CR-000545,B0BBV2Z7VG,5.0,true,none
CR-000546,B000I0WQWC,5.0,true,none
CR-000547,B007Y5B814,5.0,true,none
CR-000548,B002VSAFP4,5.0,true,none
CR-000549,B0006BAVNY,5.0,true,none
CR-000550,B007Y9RBX4,5.0,true,none
CR-000551,B007Y9RBX4,4.0,true,none
CR-000552,B002VSAFP4,5.0,true,none
CR-000553,B0BBV2Z7VG,5.0,true,none
CR-000554,B0BBV2Z7VG,5.0,true,none
CR-000555,B007Y9RBX4,4.0,true,none
CR-000556,B0030UD626,5.0,true,none
CR-000557,B0776XKZ1Y,5.0,true,none
CR-000558,B007Y5B814,5.0,true,none
CR-000559,B0776XKZ1Y,3.0,true,none
CR-000560,B002FHIBM0,1.0,true,noise
CR-000561,B007Y9RBX4,3.0,true,none
CR-000562,B006KSEZ5C,5.0,true,none
CR-000563,B0776XKZ1Y,5.0,true,none
CR-000564,B0015GJNYC,1.0,true,reliability
CR-000565,B00411PN6A,5.0,true,none
CR-000566,B0BBV2Z7VG,4.0,true,none
CR-000567,B0006FLJWW,5.0,true,none
CR-000568,B00A6E9JP2,5.0,true,none
CR-000569,B07R81N4X9,4.0,true,none
CR-000570,B00EHN19JW,5.0,true,none
CR-000571,B0776XKZ1Y,5.0,true,none
CR-000572,B0776XKZ1Y,5.0,true,none
CR-000573,B0006FLJWW,1.0,true,none
CR-000574,B0BBV2Z7VG,5.0,true,none
CR-000575,B0BBV2Z7VG,5.0,true,none
CR-000576,B007Y9RBX4,3.0,true,none
CR-000577,B07R81N4X9,4.0,true,none
CR-000578,B007Y9RBX4,5.0,true,none
CR-000579,B007Y5B814,4.0,true,none
CR-000580,B006KSEZ5C,5.0,true,none
CR-000581,B07V4GC3VC,5.0,true,none
CR-000582,B007GQ80YY,1.0,true,none
CR-000583,B006KSEZ5C,2.0,true,none
CR-000584,B0BBV2Z7VG,5.0,false,none
CR-000585,B0776XKZ1Y,5.0,true,none
CR-000586,B002VSAFP4,3.0,true,none
CR-000587,B0BBV2Z7VG,5.0,true,none
CR-000588,B007Y9RBX4,5.0,false,ozone_odor_safety
CR-000589,B07R81N4X9,5.0,true,none
CR-000590,B000XKM3J8,1.0,true,none
CR-000591,B07R81N4X9,3.0,true,none
CR-000592,B007Y5B814,5.0,true,none
CR-000593,B00009ETVW,5.0,true,none
CR-000594,B07R81N4X9,5.0,true,none
CR-000595,B07R81N4X9,5.0,true,noise
CR-000596,B002VSAFP4,5.0,true,none
CR-000597,B000HECMEG,5.0,true,none
CR-000598,B000BC8WRA,5.0,true,none
CR-000599,B07R81N4X9,5.0,true,none
CR-000600,B007Y9RBX4,2.0,true,none
CR-000601,B007Y9RBX4,2.0,true,none
CR-000602,B000I0WQWC,3.0,true,none
CR-000603,B0BBV2Z7VG,5.0,true,none
CR-000604,B007Y9RBX4,4.0,true,none
CR-000605,B007Y9RBX4,5.0,true,none
CR-000606,B007Y9RBX4,5.0,true,none
CR-000607,B007Y5B814,4.0,true,none
CR-000608,B009CAUR6G,4.0,true,none
CR-000609,B002FHIBM0,4.0,true,none
CR-000610,B00EHN19JW,1.0,true,none
CR-000611,B07R81N4X9,1.0,true,ozone_odor_safety
CR-000612,B07R81N4X9,5.0,false,noise
CR-000613,B001Q3KS9S,5.0,true,none
CR-000614,B07R81N4X9,5.0,true,none
CR-000615,B07R81N4X9,5.0,true,none
CR-000616,B007Y9RBX4,2.0,true,none
CR-000617,B000I0WQWC,5.0,true,none
CR-000618,B009CAUR6G,5.0,true,none
CR-000619,B07R81N4X9,5.0,true,none
CR-000620,B007Y5B814,5.0,true,none
CR-000621,B009CAUR6G,5.0,true,none
CR-000622,B007Y5B814,3.0,true,none
CR-000623,B0BBV2Z7VG,4.0,true,none
CR-000624,B0776XKZ1Y,5.0,true,none
CR-000625,B007Y9RBX4,1.0,false,none
CR-000626,B000I0WQWC,5.0,true,none
CR-000627,B007Y9RBX4,4.0,true,none
CR-000628,B07R81N4X9,5.0,true,none
CR-000629,B006KSEZ5C,5.0,true,none
CR-000630,B0015GJNYC,5.0,true,none
CR-000631,B009CAUR6G,5.0,true,noise
CR-000632,B006VA94E6,2.0,true,none
CR-000633,B007Y5B814,5.0,true,none
CR-000634,B07R81N4X9,4.0,true,none
CR-000635,B0BBV2Z7VG,5.0,true,none
CR-000636,B07R81N4X9,5.0,true,none
CR-000637,B0776XKZ1Y,5.0,true,none
CR-000638,B000I0WQWC,2.0,true,none
CR-000639,B007Y5B814,3.0,true,none
CR-000640,B001FWXKMC,5.0,true,none
CR-000641,B00EHN19JW,5.0,false,none
CR-000642,B007Y9RBX4,5.0,true,none
CR-000643,B07R81N4X9,5.0,true,none
CR-000644,B006KSEZ5C,5.0,true,none
CR-000645,B007Y9RBX4,5.0,true,none
CR-000646,B0BBV2Z7VG,5.0,true,none
CR-000647,B0776XKZ1Y,2.0,true,value_effectiveness
CR-000648,B007Y5B814,5.0,true,none
CR-000649,B007Y5B814,4.0,true,none
CR-000650,B00EHN19JW,4.0,true,none
CR-000651,B001Q3KS9S,5.0,true,none
CR-000652,B0BBV2Z7VG,5.0,true,none
CR-000653,B002QUZGVA,5.0,true,none
CR-000654,B007Y9RBX4,1.0,true,ozone_odor_safety
CR-000655,B07R81N4X9,5.0,true,none
CR-000656,B007Y9RBX4,2.0,true,none
CR-000657,B07R81N4X9,4.0,true,none
CR-000658,B007Y5B814,5.0,true,none
CR-000659,B000I0WQWC,4.0,true,none
CR-000660,B007Y9RBX4,3.0,true,none
CR-000661,B007Y9RBX4,1.0,true,none
CR-000662,B07R81N4X9,2.0,true,none
CR-000663,B007Y5B814,3.0,true,none
CR-000664,B0BBV2Z7VG,5.0,true,none
CR-000665,B006KSEZ5C,1.0,true,none
CR-000666,B000B1R9IY,5.0,true,none
CR-000667,B0BBV2Z7VG,1.0,true,none
CR-000668,B007Y9RBX4,3.0,true,none
CR-000669,B000I0WQWC,1.0,true,none
CR-000670,B009CAUR6G,3.0,true,noise
CR-000671,B000I0WQWC,2.0,true,none
CR-000672,B07R81N4X9,2.0,true,filter_cost
CR-000673,B07R81N4X9,5.0,true,none
CR-000674,B0BBV2Z7VG,5.0,true,none
CR-000675,B006VA94E6,1.0,true,none
CR-000676,B007Y9RBX4,5.0,true,none
CR-000677,B0776XKZ1Y,5.0,true,none
CR-000678,B0006FLJWW,4.0,true,noise
CR-000679,B009CAUR6G,4.0,true,noise
CR-000680,B0088EKCYY,5.0,true,none
CR-000681,B0BBV2Z7VG,1.0,true,none
CR-000682,B002VSAFP4,5.0,true,none
CR-000683,B007Y9RBX4,1.0,false,none
CR-000684,B002VSAFP4,5.0,true,none
CR-000685,B007Y9RBX4,1.0,true,none
CR-000686,B007Y9RBX4,5.0,true,none
CR-000687,B000I0WQWC,5.0,true,none
CR-000688,B0776XKZ1Y,3.0,true,none
CR-000689,B0776XKZ1Y,5.0,true,none
CR-000690,B000I0WQWC,4.0,true,none
CR-000691,B00E5JLGFK,5.0,true,none
CR-000692,B00BVF0NK0,1.0,true,none
CR-000693,B0BBV2Z7VG,4.0,true,none
CR-000694,B007Y9RBX4,3.0,true,none
CR-000695,B006KSEZ5C,5.0,true,none
CR-000696,B000I0WQWC,5.0,true,none
CR-000697,B003EU67BO,4.0,true,none
CR-000698,B07R81N4X9,5.0,true,none
CR-000699,B07R81N4X9,5.0,true,noise
CR-000700,B006KSEZ5C,3.0,true,noise
CR-000701,B001BC3M1K,5.0,true,none
CR-000702,B002VSAFP4,5.0,true,none
CR-000703,B0776XKZ1Y,5.0,true,none
CR-000704,B0776XKZ1Y,5.0,true,none
CR-000705,B0776XKZ1Y,2.0,true,none
CR-000706,B007Y9RBX4,5.0,true,none
CR-000707,B07R81N4X9,5.0,true,none
CR-000708,B007Y5B814,5.0,true,none
CR-000709,B007Y9RBX4,4.0,true,none
CR-000710,B007Y9RBX4,1.0,true,reliability
CR-000711,B00143SXU6,5.0,true,none
CR-000712,B002VSAFP4,5.0,true,none
CR-000713,B007Y9RBX4,5.0,true,none
CR-000714,B007Y9RBX4,3.0,true,noise
CR-000715,B00H8AOGYG,4.0,true,none
CR-000716,B007Y9RBX4,3.0,true,ozone_odor_safety
CR-000717,B000I0WQWC,5.0,true,none
CR-000718,B007Y9RBX4,1.0,true,noise
CR-000719,B006KSEZ5C,5.0,true,none
CR-000720,B0BBV2Z7VG,3.0,true,none
CR-000721,B009CAUR6G,5.0,true,none
CR-000722,B007Y5B814,5.0,true,none
CR-000723,B007Y9RBX4,4.0,true,none
CR-000724,B001Q3KS9S,5.0,true,none
CR-000725,B0BBV2Z7VG,5.0,true,none
CR-000726,B0BBV2Z7VG,5.0,true,none
CR-000727,B000B1R9IY,2.0,true,none
CR-000728,B0088EKCYY,5.0,true,none
CR-000729,B0BBV2Z7VG,3.0,true,none
CR-000730,B07R81N4X9,5.0,true,none
CR-000731,B0BBV2Z7VG,5.0,true,none
CR-000732,B007Y9RBX4,5.0,true,ozone_odor_safety
CR-000733,B00A13VE38,2.0,true,none
CR-000734,B0BBV2Z7VG,5.0,true,none
CR-000735,B000I0WQWC,5.0,true,none
CR-000736,B007Y5B814,4.0,true,none
CR-000737,B007Y9RBX4,5.0,true,none
CR-000738,B0BBV2Z7VG,5.0,true,none
CR-000739,B0015GJNYC,5.0,true,none
CR-000740,B0BBV2Z7VG,5.0,true,none
CR-000741,B007Y9RBX4,5.0,true,none
CR-000742,B007Y9RBX4,2.0,true,none
CR-000743,B0BBV2Z7VG,5.0,true,none
CR-000744,B000I0WQWC,1.0,true,value_effectiveness
CR-000745,B007Y9RBX4,5.0,true,none
CR-000746,B07R81N4X9,5.0,true,none
CR-000747,B007Y9RBX4,5.0,true,none
CR-000748,B000BC8WRA,5.0,true,none
CR-000749,B007Y9RBX4,5.0,true,none
CR-000750,B0776XKZ1Y,1.0,true,none
CR-000751,B07R81N4X9,5.0,true,none
CR-000752,B007Y9RBX4,5.0,true,none
CR-000753,B0776XKZ1Y,5.0,true,none
CR-000754,B0BBV2Z7VG,3.0,true,none
CR-000755,B000I0WQWC,4.0,true,none
CR-000756,B007Y5B814,5.0,true,none
CR-000757,B007Y9RBX4,5.0,true,none
CR-000758,B0BBV2Z7VG,5.0,false,noise
CR-000759,B07R81N4X9,5.0,true,none
CR-000760,B007Y5B814,1.0,true,none
CR-000761,B007Y9RBX4,4.0,true,none
CR-000762,B007Y5B814,5.0,true,none
CR-000763,B007Y9RBX4,4.0,true,none
CR-000764,B0BBV2Z7VG,5.0,true,none
CR-000765,B000I0WQWC,5.0,true,none
CR-000766,B0776XKZ1Y,1.0,true,none
CR-000767,B007Y9RBX4,5.0,true,none
CR-000768,B0BBV2Z7VG,5.0,true,none
CR-000769,B0BBV2Z7VG,5.0,true,none
CR-000770,B007Y9RBX4,4.0,true,none
CR-000771,B00A13VE38,1.0,true,none
CR-000772,B0BBV2Z7VG,3.0,true,none
CR-000773,B0776XKZ1Y,5.0,true,none
CR-000774,B0776XKZ1Y,2.0,true,none
CR-000775,B001Q3KS9S,5.0,true,none
CR-000776,B003D7G9EI,5.0,true,none
CR-000777,B0776XKZ1Y,5.0,true,none
CR-000778,B007Y5B814,1.0,true,value_effectiveness
CR-000779,B0776XKZ1Y,3.0,true,none
CR-000780,B007Y9RBX4,5.0,true,none
CR-000781,B007Y9RBX4,5.0,true,none
CR-000782,B00EHN19JW,5.0,true,none
CR-000783,B007Y9RBX4,4.0,true,none
CR-000784,B007Y9RBX4,5.0,true,none
CR-000785,B0BBV2Z7VG,5.0,true,none
CR-000786,B00H8AOGYG,5.0,true,none
CR-000787,B007Y9RBX4,5.0,true,none
CR-000788,B00654T2Z4,2.0,true,none
CR-000789,B007Y5B814,5.0,true,none
CR-000790,B006KSEZ5C,3.0,true,none
CR-000791,B007Y5B814,5.0,true,none
CR-000792,B007Y9RBX4,5.0,true,none
CR-000793,B07R81N4X9,5.0,true,none
CR-000794,B007Y9RBX4,1.0,true,none
CR-000795,B0776XKZ1Y,5.0,true,none
CR-000796,B007Y9RBX4,5.0,true,none
CR-000797,B000I0WQWC,5.0,true,none
CR-000798,B007Y9RBX4,5.0,true,none
CR-000799,B000KTKSSA,5.0,true,none
CR-000800,B000I0WQWC,5.0,true,none
CR-000801,B007Y5B814,3.0,true,none
CR-000802,B0776XKZ1Y,5.0,true,none
CR-000803,B07R81N4X9,5.0,true,none
CR-000804,B007Y9RBX4,5.0,true,none
CR-000805,B007Y9RBX4,4.0,true,none
CR-000806,B07R81N4X9,4.0,true,none
CR-000807,B007Y5B814,5.0,true,none
CR-000808,B002VSAFP4,5.0,true,none
CR-000809,B00MNT420A,5.0,true,none
CR-000810,B007Y5B814,4.0,true,none
CR-000811,B000I0WQWC,5.0,true,none
CR-000812,B00A13VE38,4.0,true,none
CR-000813,B00MNT420A,5.0,true,none
CR-000814,B00MNT420A,5.0,true,none
CR-000815,B07R81N4X9,5.0,true,none
CR-000816,B0776XKZ1Y,5.0,true,none
CR-000817,B07R81N4X9,5.0,true,none
CR-000818,B00009ETVW,5.0,true,none
CR-000819,B000I0WQWC,5.0,true,none
CR-000820,B007Y9RBX4,4.0,true,none
CR-000821,B07R81N4X9,3.0,true,none
CR-000822,B007Y9RBX4,5.0,true,none
CR-000823,B007Y9RBX4,5.0,true,none
CR-000824,B006KSEZ5C,5.0,true,none
CR-000825,B07R81N4X9,5.0,true,none
CR-000826,B007Y9RBX4,2.0,true,reliability
CR-000827,B007Y9RBX4,5.0,true,none
CR-000828,B0776XKZ1Y,5.0,true,none
CR-000829,B007Y9RBX4,4.0,true,none
CR-000830,B000I0WQWC,1.0,true,none
CR-000831,B000I0WQWC,4.0,true,none
CR-000832,B07R81N4X9,3.0,true,none
CR-000833,B0BBV2Z7VG,5.0,true,none
CR-000834,B006KSEZ5C,5.0,true,none
CR-000835,B000I0WQWC,4.0,true,none
CR-000836,B007Y9RBX4,5.0,true,none
CR-000837,B001FWXKMC,5.0,true,none
CR-000838,B000I0WQWC,5.0,true,none
CR-000839,B007Y5B814,2.0,true,none
CR-000840,B000I0WQWC,5.0,true,none
CR-000841,B0776XKZ1Y,5.0,true,none
CR-000842,B0088EKCYY,5.0,true,none
CR-000843,B000I0WQWC,2.0,true,none
CR-000844,B000I0WQWC,1.0,true,none
CR-000845,B0BBV2Z7VG,5.0,false,ozone_odor_safety
CR-000846,B000I0WQWC,4.0,true,none
CR-000847,B07R81N4X9,3.0,true,noise
CR-000848,B007Y9RBX4,5.0,true,none
CR-000849,B007Y5B814,5.0,true,none
CR-000850,B0BBV2Z7VG,4.0,true,none
CR-000851,B007Y9RBX4,4.0,true,none
CR-000852,B0776XKZ1Y,3.0,true,none
CR-000853,B007Y9RBX4,4.0,true,none
CR-000854,B0776XKZ1Y,5.0,true,none
CR-000855,B07R81N4X9,5.0,true,none
CR-000856,B07R81N4X9,5.0,true,none
CR-000857,B0BBV2Z7VG,5.0,true,none
CR-000858,B000I0WQWC,5.0,true,none
CR-000859,B007Y9RBX4,1.0,true,none
CR-000860,B007Y5B814,1.0,true,none
CR-000861,B0776XKZ1Y,5.0,true,none
CR-000862,B07R81N4X9,5.0,true,none
CR-000863,B07R81N4X9,3.0,true,none
CR-000864,B000I0WQWC,5.0,true,none
CR-000865,B007Y9RBX4,2.0,true,none
CR-000866,B007Y5B814,5.0,true,none
CR-000867,B0BBV2Z7VG,5.0,true,none
CR-000868,B0BBV2Z7VG,5.0,true,none
CR-000869,B007Y9RBX4,5.0,true,none
CR-000870,B0776XKZ1Y,4.0,true,none
CR-000871,B00L5KSV8M,4.0,true,none
CR-000872,B007Y9RBX4,5.0,true,none
CR-000873,B006KSEZ5C,5.0,true,none
CR-000874,B07R81N4X9,5.0,true,none
CR-000875,B007Y9RBX4,5.0,true,none
CR-000876,B000I0WQWC,5.0,true,none
CR-000877,B000XKM3J8,1.0,true,none
CR-000878,B007Y9RBX4,1.0,true,none
CR-000879,B007Y9RBX4,5.0,true,none
CR-000880,B07R81N4X9,5.0,true,none
CR-000881,B00L5KSV8M,5.0,true,none
CR-000882,B00L5KSV8M,5.0,true,none
CR-000883,B000I0WQWC,5.0,true,none
CR-000884,B007Y9RBX4,3.0,true,none
CR-000885,B00L5KSV8M,5.0,true,none
CR-000886,B007Y9RBX4,5.0,true,none
CR-000887,B0BBV2Z7VG,4.0,true,none
CR-000888,B007Y9RBX4,5.0,true,none
CR-000889,B0BBV2Z7VG,5.0,true,none
CR-000890,B007Y9RBX4,5.0,true,none
CR-000891,B00BVF0NK0,5.0,true,noise
CR-000892,B00L5KSV8M,5.0,true,none
CR-000893,B007Y5B814,5.0,true,none
CR-000894,B0776XKZ1Y,4.0,true,none
CR-000895,B007Y5B814,3.0,true,none
CR-000896,B07R81N4X9,5.0,true,none
CR-000897,B0BBV2Z7VG,5.0,true,none
CR-000898,B009CAUR6G,1.0,true,reliability
CR-000899,B003BQTNIU,4.0,true,none
CR-000900,B007Y9RBX4,5.0,true,none
CR-000901,B007Y5B814,3.0,true,none
CR-000902,B000BC8WRA,4.0,true,none
CR-000903,B0009GVZ0Y,3.0,true,none
CR-000904,B007Y9RBX4,4.0,true,none
CR-000905,B003EU67BO,5.0,true,none
CR-000906,B0BBV2Z7VG,5.0,true,none
CR-000907,B007Y9RBX4,2.0,true,reliability
CR-000908,B007Y9RBX4,5.0,true,none
CR-000909,B07R81N4X9,5.0,true,none
CR-000910,B07R81N4X9,5.0,true,none
CR-000911,B0776XKZ1Y,5.0,true,none
CR-000912,B0776XKZ1Y,5.0,true,none
CR-000913,B0776XKZ1Y,5.0,true,none
CR-000914,B0BBV2Z7VG,5.0,true,none
CR-000915,B007Y5B814,5.0,true,none
CR-000916,B000I0WQWC,4.0,true,none
CR-000917,B009CAUR6G,4.0,true,none
CR-000918,B007Y9RBX4,4.0,true,none
CR-000919,B0BBV2Z7VG,2.0,true,none
CR-000920,B007Y9RBX4,5.0,true,none
CR-000921,B07R81N4X9,5.0,true,none
CR-000922,B07R81N4X9,5.0,true,none
CR-000923,B0BBV2Z7VG,5.0,true,none
CR-000924,B000BC8WRA,1.0,true,none
CR-000925,B006KSEZ5C,1.0,true,none
CR-000926,B006KSEZ5C,3.0,true,none
CR-000927,B0BBV2Z7VG,4.0,true,none
CR-000928,B007Y5B814,5.0,true,none
CR-000929,B07R81N4X9,4.0,true,none
CR-000930,B00L5KSV8M,5.0,true,none
CR-000931,B0BBV2Z7VG,5.0,true,none
CR-000932,B0776XKZ1Y,5.0,true,none
CR-000933,B007Y5B814,4.0,true,none
CR-000934,B0776XKZ1Y,5.0,true,none
CR-000935,B0BBV2Z7VG,4.0,true,none
CR-000936,B001BC3M1K,1.0,true,none
CR-000937,B007Y9RBX4,5.0,true,none
CR-000938,B0BBV2Z7VG,5.0,true,none
CR-000939,B07R81N4X9,5.0,true,none
CR-000940,B007Y9RBX4,5.0,true,none
CR-000941,B000I0WQWC,5.0,true,none
CR-000942,B07R81N4X9,5.0,true,none
CR-000943,B00E5JLGFK,5.0,true,none
CR-000944,B0BBV2Z7VG,2.0,true,none
CR-000945,B07R81N4X9,5.0,true,none
CR-000946,B000I0WQWC,3.0,true,none
CR-000947,B007Y5B814,2.0,true,none
CR-000948,B0776XKZ1Y,5.0,true,none
CR-000949,B007Y5B814,5.0,true,none
CR-000950,B000I0WQWC,5.0,true,none
CR-000951,B0776XKZ1Y,5.0,true,none
CR-000952,B0776XKZ1Y,5.0,true,none
CR-000953,B007Y9RBX4,5.0,true,none
CR-000954,B07R81N4X9,5.0,true,none
CR-000955,B00MNT420A,5.0,true,none
CR-000956,B007Y9RBX4,5.0,true,none
CR-000957,B07R81N4X9,5.0,true,none
CR-000958,B007Y9RBX4,5.0,true,none
CR-000959,B0776XKZ1Y,5.0,true,none
CR-000960,B0776XKZ1Y,5.0,true,none
CR-000961,B007Y9RBX4,3.0,true,none
CR-000962,B001FWXKMC,5.0,true,none
CR-000963,B007Y9RBX4,2.0,true,none
CR-000964,B0BBV2Z7VG,4.0,true,none
CR-000965,B007Y9RBX4,2.0,true,none
CR-000966,B007Y9RBX4,1.0,true,none
CR-000967,B0BBV2Z7VG,5.0,true,none
CR-000968,B00L5KSV8M,5.0,true,none
CR-000969,B000I0WQWC,4.0,true,none
CR-000970,B0776XKZ1Y,4.0,true,none
CR-000971,B0BBV2Z7VG,5.0,true,none
CR-000972,B009CAUR6G,5.0,true,none
CR-000973,B007Y9RBX4,5.0,true,none
CR-000974,B0776XKZ1Y,3.0,true,none
CR-000975,B007Y9RBX4,1.0,true,none
CR-000976,B009CAUR6G,5.0,true,none
CR-000977,B0776XKZ1Y,3.0,true,none
CR-000978,B0776XKZ1Y,3.0,true,none
CR-000979,B000I0WQWC,3.0,true,none
CR-000980,B00EZF9HVE,5.0,true,none
CR-000981,B007Y9RBX4,5.0,true,none
CR-000982,B0776XKZ1Y,5.0,true,none
CR-000983,B007Y9RBX4,5.0,true,none
CR-000984,B007Y5B814,5.0,true,none
CR-000985,B0BBV2Z7VG,5.0,true,none
CR-000986,B00BFXJXQS,1.0,true,none
CR-000987,B00L5KSV8M,5.0,true,none
CR-000988,B00A13VE38,3.0,true,none
CR-000989,B0BBV2Z7VG,2.0,true,none
CR-000990,B0776XKZ1Y,5.0,true,none
CR-000991,B006KSEZ5C,5.0,true,none
CR-000992,B0BBV2Z7VG,5.0,true,none
CR-000993,B000I0WQWC,5.0,true,none
CR-000994,B007Y5B814,5.0,true,none
CR-000995,B007Y5B814,5.0,true,none
CR-000996,B000I0WQWC,5.0,true,none
CR-000997,B07R81N4X9,5.0,true,none
CR-000998,B000I0WQWC,5.0,true,none
CR-000999,B07R81N4X9,5.0,true,none
CR-001000,B0BBV2Z7VG,5.0,true,none
CR-001001,B00G3DEIO2,5.0,true,none
CR-001002,B0BBV2Z7VG,5.0,true,none
CR-001003,B007Y5B814,5.0,true,none
CR-001004,B002QUZGVA,5.0,true,none
CR-001005,B007Y9RBX4,5.0,true,none
CR-001006,B0776XKZ1Y,1.0,true,value_effectiveness
CR-001007,B001FWXKMC,4.0,true,none
CR-001008,B00MNT420A,5.0,true,none
CR-001009,B000I0WQWC,5.0,true,none
CR-001010,B07R81N4X9,3.0,true,none
CR-001011,B00L5KSV8M,5.0,true,none
CR-001012,B00L5KSV8M,4.0,true,none
CR-001013,B000I0WQWC,5.0,true,none
CR-001014,B07R81N4X9,5.0,true,none
CR-001015,B007Y9RBX4,5.0,true,none
CR-001016,B009CAUR6G,3.0,true,none
CR-001017,B009CAUR6G,3.0,true,none
CR-001018,B00L5KSV8M,5.0,true,none
CR-001019,B000I0WQWC,5.0,true,none
CR-001020,B0776XKZ1Y,5.0,true,none
CR-001021,B009CAUR6G,1.0,true,noise
CR-001022,B000BC8WRA,5.0,true,none
CR-001023,B000I0WQWC,5.0,true,none
CR-001024,B00G3DEIO2,5.0,true,none
CR-001025,B007Y5B814,4.0,true,none
CR-001026,B009CAUR6G,5.0,true,none
CR-001027,B00L5KSV8M,4.0,true,none
CR-001028,B006KSEZ5C,5.0,true,none
CR-001029,B0776XKZ1Y,5.0,true,none
CR-001030,B007Y9RBX4,5.0,true,none
CR-001031,B0BBV2Z7VG,5.0,true,none
CR-001032,B07R81N4X9,5.0,true,noise
CR-001033,B0BBV2Z7VG,5.0,true,none
CR-001034,B006KSEZ5C,5.0,true,none
CR-001035,B07R81N4X9,5.0,true,none
CR-001036,B00L5KSV8M,5.0,true,none
CR-001037,B007Y9RBX4,5.0,true,none
CR-001038,B0BBV2Z7VG,4.0,true,none
CR-001039,B00L5KSV8M,5.0,true,none
CR-001040,B000H16916,5.0,true,noise
CR-001041,B07R81N4X9,5.0,true,none
CR-001042,B007Y9RBX4,1.0,true,none
CR-001043,B009CAUR6G,5.0,true,none
CR-001044,B07R81N4X9,5.0,true,none
CR-001045,B007Y9RBX4,1.0,true,none
CR-001046,B007Y9RBX4,3.0,true,none
CR-001047,B07R81N4X9,5.0,true,noise
CR-001048,B00L5KSV8M,5.0,true,none
CR-001049,B007Y9RBX4,5.0,true,none
CR-001050,B009CAUR6G,5.0,true,none
CR-001051,B007Y9RBX4,1.0,true,reliability
CR-001052,B007Y9RBX4,5.0,true,none
CR-001053,B007Y5B814,5.0,true,none
CR-001054,B07R81N4X9,5.0,true,none
CR-001055,B000I0WQWC,5.0,true,none
CR-001056,B00L5KSV8M,5.0,true,none
CR-001057,B009CAUR6G,5.0,true,none
CR-001058,B00EZF9HVE,5.0,true,none
CR-001059,B000I0WQWC,4.0,true,none
CR-001060,B07R81N4X9,5.0,true,none
CR-001061,B007Y5B814,1.0,true,none
CR-001062,B07R81N4X9,3.0,true,none
CR-001063,B07R81N4X9,5.0,true,none
CR-001064,B007Y9RBX4,5.0,true,none
CR-001065,B000I0WQWC,5.0,true,none
CR-001066,B00L5KSV8M,5.0,true,none
CR-001067,B0776XKZ1Y,5.0,true,none
CR-001068,B007Y9RBX4,5.0,true,none
CR-001069,B007Y5B814,4.0,true,none
CR-001070,B009CAUR6G,3.0,true,customer_service
CR-001071,B07R81N4X9,5.0,true,none
CR-001072,B00L5KSV8M,5.0,true,none
CR-001073,B00L5KSV8M,5.0,true,none
CR-001074,B0776XKZ1Y,5.0,true,none
CR-001075,B007Y9RBX4,3.0,true,none
CR-001076,B0776XKZ1Y,5.0,true,none
CR-001077,B007Y9RBX4,5.0,true,none
CR-001078,B006KSEZ5C,4.0,true,none
CR-001079,B000I0WQWC,4.0,true,none
CR-001080,B07R81N4X9,5.0,true,none
CR-001081,B00L5KSV8M,5.0,true,none
CR-001082,B007Y5B814,5.0,true,none
CR-001083,B0BBV2Z7VG,5.0,true,none
CR-001084,B00L5KSV8M,5.0,true,none
CR-001085,B00L5KSV8M,4.0,true,none
CR-001086,B07R81N4X9,5.0,true,none
CR-001087,B007Y5B814,5.0,true,none
CR-001088,B00L5KSV8M,4.0,true,none
CR-001089,B007Y9RBX4,5.0,true,none
CR-001090,B007Y9RBX4,5.0,true,none
CR-001091,B00L5KSV8M,4.0,true,none
CR-001092,B000HECMEG,5.0,true,none
CR-001093,B00L5KSV8M,5.0,true,none
CR-001094,B07R81N4X9,5.0,true,none
CR-001095,B0BBV2Z7VG,5.0,true,none
CR-001096,B000I0WQWC,5.0,true,none
CR-001097,B07R81N4X9,5.0,true,none
CR-001098,B0BBV2Z7VG,5.0,true,none
CR-001099,B00G3DEIO2,4.0,true,none
CR-001100,B0776XKZ1Y,5.0,true,none
CR-001101,B00L5KSV8M,5.0,true,none
CR-001102,B009CAUR6G,5.0,true,none
CR-001103,B0057IKJPQ,5.0,true,none
CR-001104,B00L5KSV8M,4.0,true,none
CR-001105,B0BBV2Z7VG,5.0,true,none
CR-001106,B00L5KSV8M,1.0,true,none
CR-001107,B0015GJNYC,3.0,true,none
CR-001108,B007Y5B814,5.0,true,none
CR-001109,B0776XKZ1Y,5.0,true,none
CR-001110,B001FWXKMC,4.0,true,none
CR-001111,B007Y9RBX4,5.0,true,none
CR-001112,B07R81N4X9,5.0,true,none
CR-001113,B007Y5B814,5.0,true,none
CR-001114,B0BBV2Z7VG,5.0,false,noise
CR-001115,B0088EKCYY,5.0,true,none
CR-001116,B006KSEZ5C,5.0,true,none
CR-001117,B07R81N4X9,5.0,true,none
CR-001118,B007Y9RBX4,5.0,true,none
CR-001119,B00L5KSV8M,5.0,true,none
CR-001120,B00L5KSV8M,5.0,true,none
CR-001121,B002VSAFP4,5.0,true,none
CR-001122,B07R81N4X9,2.0,true,none
CR-001123,B007Y9RBX4,5.0,true,none
CR-001124,B0BBV2Z7VG,4.0,true,none
CR-001125,B0006BAVNY,5.0,true,none
CR-001126,B07R81N4X9,5.0,true,none
CR-001127,B007Y5B814,5.0,true,none
CR-001128,B0776XKZ1Y,5.0,true,none
CR-001129,B07R81N4X9,5.0,true,none
CR-001130,B00L5KSV8M,5.0,true,none
CR-001131,B00L5KSV8M,5.0,true,none
CR-001132,B0776XKZ1Y,5.0,false,none
CR-001133,B00L5KSV8M,1.0,true,noise
CR-001134,B00L5KSV8M,4.0,true,none
CR-001135,B00L5KSV8M,5.0,false,none
CR-001136,B07R81N4X9,5.0,true,none
CR-001137,B07R81N4X9,1.0,true,filter_cost
CR-001138,B00L5KSV8M,5.0,true,none
CR-001139,B00L5KSV8M,5.0,true,none
CR-001140,B00L5KSV8M,1.0,true,none
CR-001141,B00L5KSV8M,5.0,true,none
CR-001142,B00L5KSV8M,1.0,false,none
CR-001143,B00L5KSV8M,5.0,true,none
CR-001144,B0BBV2Z7VG,5.0,true,none
CR-001145,B00L5KSV8M,3.0,true,none
CR-001146,B07R81N4X9,5.0,true,none
CR-001147,B0BBV2Z7VG,4.0,true,none
CR-001148,B009CAUR6G,5.0,true,none
CR-001149,B00L5KSV8M,1.0,true,ozone_odor_safety
CR-001150,B00L5KSV8M,4.0,true,none
CR-001151,B00L5KSV8M,5.0,true,none
CR-001152,B0BBV2Z7VG,5.0,true,none
CR-001153,B00L5KSV8M,2.0,true,none
CR-001154,B07R81N4X9,4.0,true,none
CR-001155,B00A13VE38,4.0,true,none
CR-001156,B009CAUR6G,5.0,true,none
CR-001157,B00X67EJI8,4.0,true,none
CR-001158,B001Q3KS9S,5.0,true,none
CR-001159,B000I0WQWC,5.0,true,none
CR-001160,B07R81N4X9,5.0,true,none
CR-001161,B07R81N4X9,5.0,true,ozone_odor_safety
CR-001162,B000I0WQWC,4.0,true,none
CR-001163,B000I0WQWC,5.0,true,none
CR-001164,B0776XKZ1Y,1.0,true,none
CR-001165,B00BFXJXQS,5.0,true,none
CR-001166,B00X67EJI8,3.0,true,none
CR-001167,B007Y5B814,3.0,true,none
CR-001168,B07R81N4X9,5.0,true,none
CR-001169,B00L5KSV8M,5.0,true,none
CR-001170,B00G3DEIO2,1.0,false,none
CR-001171,B000I0WQWC,5.0,true,none
CR-001172,B000I0WQWC,5.0,true,none
CR-001173,B00G3DEIO2,5.0,true,none
CR-001174,B00L5KSV8M,5.0,true,none
CR-001175,B00G3DEIO2,4.0,true,none
CR-001176,B0BBV2Z7VG,5.0,true,none
CR-001177,B00L5KSV8M,5.0,false,ozone_odor_safety
CR-001178,B00L5KSV8M,5.0,true,none
CR-001179,B07R81N4X9,3.0,true,none
CR-001180,B00A13VE38,4.0,true,none
CR-001181,B00WTJEPHY,5.0,true,none
CR-001182,B0776XKZ1Y,1.0,true,none
CR-001183,B00L5KSV8M,1.0,true,none
CR-001184,B007Y5B814,3.0,true,none
CR-001185,B00L5KSV8M,5.0,true,none
CR-001186,B007Y9RBX4,5.0,true,none
CR-001187,B007Y9RBX4,5.0,true,none
CR-001188,B000I0WQWC,4.0,true,none
CR-001189,B007Y5B814,5.0,true,none
CR-001190,B07R81N4X9,3.0,true,none
CR-001191,B00X67EJI8,5.0,true,none
CR-001192,B000BC8WRA,5.0,true,none
CR-001193,B00L5KSV8M,5.0,true,none
CR-001194,B00L5KSV8M,5.0,true,none
CR-001195,B000I0WQWC,5.0,true,none
CR-001196,B00L5KSV8M,3.0,true,none
CR-001197,B00WTJEPHY,4.0,true,none
CR-001198,B000B1R9IY,3.0,true,none
CR-001199,B00WTJEPHY,5.0,true,none
CR-001200,B00L5KSV8M,5.0,true,none
CR-001201,B0BBV2Z7VG,4.0,true,none
CR-001202,B00L5KSV8M,5.0,true,none
CR-001203,B07R81N4X9,4.0,true,none
CR-001204,B0000AUTU3,5.0,true,none
CR-001205,B00A13VE38,5.0,true,none
CR-001206,B00A13VE38,1.0,true,none
CR-001207,B0BBV2Z7VG,5.0,true,none
CR-001208,B00L5KSV8M,4.0,true,none
CR-001209,B000I0WQWC,3.0,true,none
CR-001210,B00L5KSV8M,5.0,true,none
CR-001211,B002QUZGVA,5.0,true,none
CR-001212,B00L5KSV8M,5.0,true,none
CR-001213,B00L5KSV8M,5.0,true,none
CR-001214,B000I0WQWC,5.0,false,none
CR-001215,B00X67EJI8,5.0,true,none
CR-001216,B007Y9RBX4,5.0,true,none
CR-001217,B007Y9RBX4,4.0,true,none
CR-001218,B000I0WQWC,5.0,true,none
CR-001219,B0776XKZ1Y,5.0,true,none
CR-001220,B0776XKZ1Y,4.0,true,none
CR-001221,B0776XKZ1Y,4.0,true,none
CR-001222,B002QUZGVA,5.0,true,none
CR-001223,B007Y9RBX4,5.0,true,none
CR-001224,B001FWXKMC,5.0,true,none
CR-001225,B0776XKZ1Y,3.0,true,none
CR-001226,B0776XKZ1Y,5.0,true,none
CR-001227,B0776XKZ1Y,1.0,false,none
CR-001228,B007Y9RBX4,4.0,true,none
CR-001229,B07R81N4X9,4.0,true,none
CR-001230,B000I0WQWC,4.0,true,none
CR-001231,B0776XKZ1Y,5.0,true,none
CR-001232,B00L5KSV8M,2.0,true,none
CR-001233,B000I0WQWC,4.0,true,none
CR-001234,B00L5KSV8M,5.0,true,none
CR-001235,B0BBV2Z7VG,4.0,true,none
CR-001236,B000I0WQWC,5.0,true,none
CR-001237,B007Y9RBX4,5.0,true,none
CR-001238,B0BBV2Z7VG,5.0,true,none
CR-001239,B007C8FJBS,5.0,true,none
CR-001240,B0BBV2Z7VG,5.0,true,none
CR-001241,B0BBV2Z7VG,5.0,true,none
CR-001242,B007Y5B814,5.0,true,none
CR-001243,B0776XKZ1Y,5.0,true,none
CR-001244,B000I0WQWC,5.0,true,none
CR-001245,B00L5KSV8M,5.0,true,none
CR-001246,B00L5KSV8M,5.0,true,none
CR-001247,B006KSEZ5C,1.0,true,none
CR-001248,B000I0WQWC,1.0,true,none
CR-001249,B007Y9RBX4,5.0,true,none
CR-001250,B0BBV2Z7VG,5.0,true,none
CR-001251,B007Y5B814,5.0,true,none
CR-001252,B007Y9RBX4,5.0,true,none
CR-001253,B007Y5B814,5.0,true,none
CR-001254,B0776XKZ1Y,5.0,true,none
CR-001255,B07R81N4X9,5.0,true,none
CR-001256,B00L5KSV8M,4.0,true,none
CR-001257,B00X67EJI8,5.0,true,none
CR-001258,B000I0WQWC,1.0,true,none
CR-001259,B007Y5B814,3.0,true,none
CR-001260,B006KSEZ5C,2.0,true,none
CR-001261,B007Y9RBX4,4.0,true,none
CR-001262,B007Y9RBX4,5.0,true,none
CR-001263,B07R81N4X9,5.0,true,none
CR-001264,B00X67EJI8,5.0,true,none
CR-001265,B07R81N4X9,5.0,true,none
CR-001266,B00X67EJI8,4.0,true,none
CR-001267,B07R81N4X9,2.0,true,none
CR-001268,B007Y9RBX4,4.0,true,none
CR-001269,B07R81N4X9,4.0,true,none
CR-001270,B0776XKZ1Y,2.0,true,none
CR-001271,B00Z2CJ9QW,5.0,true,none
CR-001272,B006VA94E6,3.0,true,none
CR-001273,B007Y9RBX4,1.0,true,none
CR-001274,B007Y9RBX4,3.0,true,none
CR-001275,B007Y5B814,5.0,true,none
CR-001276,B00Z2CJ9QW,5.0,true,none
CR-001277,B00X67EJI8,5.0,true,none
CR-001278,B00L5KSV8M,5.0,true,none
CR-001279,B006VA94E6,1.0,true,value_effectiveness
CR-001280,B0BBV2Z7VG,3.0,true,noise
CR-001281,B001FWXKMC,5.0,true,none
CR-001282,B00A13VE38,1.0,true,none
CR-001283,B00Z2CJ9QW,5.0,true,none
CR-001284,B0BBV2Z7VG,1.0,true,none
CR-001285,B00X67EJI8,5.0,true,none
CR-001286,B007Y9RBX4,4.0,true,none
CR-001287,B002QUZGVA,2.0,true,none
CR-001288,B007Y9RBX4,5.0,true,none
CR-001289,B000I0WQWC,5.0,true,none
CR-001290,B07R81N4X9,5.0,true,none
CR-001291,B0776XKZ1Y,2.0,true,none
CR-001292,B00L5KSV8M,5.0,true,none
CR-001293,B00L5KSV8M,3.0,true,none
CR-001294,B00X67EJI8,5.0,true,none
CR-001295,B0776XKZ1Y,5.0,true,none
CR-001296,B0776XKZ1Y,5.0,true,none
CR-001297,B00L5KSV8M,5.0,true,none
CR-001298,B07R81N4X9,5.0,true,reliability
CR-001299,B0776XKZ1Y,5.0,true,none
CR-001300,B007Y9RBX4,5.0,true,none
CR-001301,B0776XKZ1Y,2.0,true,none
CR-001302,B007Y5B814,5.0,true,none
CR-001303,B00L5KSV8M,5.0,true,none
CR-001304,B007Y5B814,5.0,true,none
CR-001305,B0776XKZ1Y,5.0,true,none
CR-001306,B0776XKZ1Y,3.0,true,none
CR-001307,B007Y9RBX4,3.0,true,noise
CR-001308,B00X67EJI8,5.0,true,none
CR-001309,B0776XKZ1Y,5.0,true,none
CR-001310,B0776XKZ1Y,5.0,true,none
CR-001311,B07R81N4X9,5.0,true,none
CR-001312,B0776XKZ1Y,5.0,true,none
CR-001313,B0776XKZ1Y,4.0,true,none
CR-001314,B00A13VE38,1.0,true,reliability
CR-001315,B07R81N4X9,5.0,true,none
CR-001316,B00L5KSV8M,4.0,true,none
CR-001317,B00L5KSV8M,5.0,true,none
CR-001318,B00A13VE38,1.0,true,none
CR-001319,B007Y9RBX4,5.0,true,none
CR-001320,B00L5KSV8M,4.0,true,none
CR-001321,B00L5KSV8M,5.0,true,none
CR-001322,B0776XKZ1Y,4.0,true,none
CR-001323,B000HECMEG,5.0,true,none
CR-001324,B000I0WQWC,5.0,true,none
CR-001325,B00X67EJI8,1.0,true,none
CR-001326,B07R81N4X9,4.0,true,none
CR-001327,B00X67EJI8,4.0,true,none
CR-001328,B07R81N4X9,5.0,true,none
CR-001329,B07R81N4X9,2.0,true,none
CR-001330,B00L5KSV8M,4.0,true,none
CR-001331,B0BBV2Z7VG,5.0,true,none
CR-001332,B00L5KSV8M,5.0,true,none
CR-001333,B007Y5B814,5.0,true,none
CR-001334,B00H8AOGYG,3.0,true,none
CR-001335,B00BVF0NK0,2.0,true,none
CR-001336,B00L5KSV8M,5.0,true,none
CR-001337,B00Z2CJ9QW,5.0,true,none
CR-001338,B00L5KSV8M,4.0,true,none
CR-001339,B007Y5B814,5.0,true,none
CR-001340,B00Z2CJ9QW,5.0,true,none
CR-001341,B00L5KSV8M,2.0,true,none
CR-001342,B00X67EJI8,5.0,true,none
CR-001343,B00L5KSV8M,2.0,true,reliability
CR-001344,B007Y9RBX4,1.0,true,reliability
CR-001345,B007Y9RBX4,4.0,true,none
CR-001346,B00Z2CJ9QW,5.0,true,none
CR-001347,B0776XKZ1Y,5.0,true,none
CR-001348,B007Y9RBX4,5.0,true,none
CR-001349,B07R81N4X9,5.0,true,none
CR-001350,B0776XKZ1Y,5.0,true,none
CR-001351,B0776XKZ1Y,5.0,true,none
CR-001352,B002QUZGVA,3.0,true,noise
CR-001353,B00L5KSV8M,5.0,true,none
CR-001354,B007Y9RBX4,5.0,true,none
CR-001355,B0BBV2Z7VG,5.0,true,none
CR-001356,B00L5KSV8M,5.0,true,none
CR-001357,B0088EKCYY,5.0,true,none
CR-001358,B00L5KSV8M,1.0,true,reliability
CR-001360,B00L5KSV8M,5.0,true,none
CR-001361,B0776XKZ1Y,2.0,true,none
CR-001362,B007Y9RBX4,1.0,true,none
CR-001363,B00X67EJI8,5.0,true,none
CR-001364,B007Y9RBX4,5.0,true,none
CR-001365,B0776XKZ1Y,3.0,true,none
CR-001366,B007Y5B814,5.0,true,none
CR-001367,B007Y9RBX4,5.0,true,none
CR-001368,B007Y5B814,3.0,true,none
CR-001369,B00X67EJI8,4.0,true,none
CR-001370,B00X67EJI8,3.0,true,none
CR-001371,B00L5KSV8M,5.0,true,none
CR-001372,B007Y9RBX4,5.0,true,none
CR-001373,B000I0WQWC,5.0,true,none
CR-001374,B0009GVZ0Y,5.0,true,none
CR-001375,B000I0WQWC,5.0,true,none
CR-001376,B007Y5B814,5.0,true,none
CR-001377,B0776XKZ1Y,5.0,true,none
CR-001378,B00L5KSV8M,4.0,true,none
CR-001379,B007Y9RBX4,4.0,true,none
CR-001380,B00WTJEPHY,5.0,true,none
CR-001381,B0776XKZ1Y,5.0,true,none
CR-001382,B07R81N4X9,5.0,true,none
CR-001383,B00X67EJI8,5.0,true,reliability
CR-001384,B000I0WQWC,4.0,true,none
CR-001385,B000I0WQWC,5.0,true,none
CR-001386,B00L5KSV8M,5.0,true,none
CR-001387,B0030UD626,5.0,true,none
CR-001388,B07R81N4X9,5.0,true,none
CR-001389,B002QUZGVA,2.0,true,none
CR-001390,B00BVF0NK0,1.0,true,reliability
CR-001391,B00L5KSV8M,5.0,true,none
CR-001392,B00L5KSV8M,5.0,true,none
CR-001393,B07R81N4X9,5.0,true,none
CR-001394,B00L5KSV8M,4.0,true,none
CR-001395,B000I0WQWC,5.0,true,none
CR-001396,B00X67EJI8,1.0,true,none
CR-001397,B006KSEZ5C,5.0,true,none
CR-001398,B0BBV2Z7VG,5.0,true,noise
CR-001399,B00L5KSV8M,5.0,true,none
CR-001400,B07R81N4X9,5.0,true,none
CR-001401,B007Y9RBX4,5.0,true,none
CR-001402,B07R81N4X9,5.0,true,none
CR-001403,B00A6E9JP2,1.0,true,none
CR-001404,B00A13VE38,1.0,true,none
CR-001405,B0776XKZ1Y,4.0,true,none
CR-001406,B00EZF9HVE,5.0,true,none
CR-001407,B07R81N4X9,5.0,true,noise
CR-001408,B00L5KSV8M,3.0,true,none
CR-001409,B07R81N4X9,5.0,true,none
CR-001410,B00L5KSV8M,5.0,true,none
CR-001411,B00L5KSV8M,1.0,true,none
CR-001412,B007Y5B814,5.0,true,none
CR-001413,B00Z2CJ9QW,5.0,true,none
CR-001414,B00X67EJI8,5.0,true,none
CR-001415,B000BC8WRA,4.0,true,none
CR-001416,B000I0WQWC,5.0,true,none
CR-001417,B0009GVZ0Y,5.0,true,none
CR-001418,B00L5KSV8M,4.0,true,none
CR-001419,B0000AUTU3,5.0,true,none
CR-001420,B002VSAFP4,1.0,true,none
CR-001421,B07R81N4X9,5.0,true,none
CR-001422,B00L5KSV8M,5.0,true,ozone_odor_safety
CR-001423,B00L5KSV8M,4.0,true,none
CR-001424,B07R81N4X9,5.0,true,none
CR-001425,B007Y5B814,5.0,true,none
CR-001426,B00L5KSV8M,5.0,true,none
CR-001427,B0BBV2Z7VG,3.0,true,none
CR-001428,B00X67EJI8,4.0,true,none
CR-001429,B00L5KSV8M,5.0,true,none
CR-001430,B0BBV2Z7VG,5.0,true,none
CR-001431,B07R81N4X9,5.0,true,none
CR-001432,B07R81N4X9,5.0,true,none
CR-001433,B00A13VE38,2.0,true,none
CR-001434,B006VA94E6,2.0,true,none
CR-001435,B00X67EJI8,1.0,true,none
CR-001436,B000I0WQWC,5.0,true,none
CR-001437,B000HECMEG,5.0,true,none
CR-001438,B007Y9RBX4,5.0,true,none
CR-001439,B000I0WQWC,4.0,true,none
CR-001440,B00L5KSV8M,3.0,true,none
CR-001441,B00L5KSV8M,5.0,true,none
CR-001442,B00X67EJI8,4.0,true,none
CR-001443,B00L5KSV8M,4.0,true,none
CR-001444,B00L5KSV8M,5.0,true,none
CR-001445,B07R81N4X9,5.0,true,none
CR-001446,B07R81N4X9,5.0,true,none
CR-001447,B007Y9RBX4,5.0,true,none
CR-001448,B0088EKCYY,5.0,true,none
CR-001449,B0BBV2Z7VG,1.0,true,value_effectiveness
CR-001450,B00L5KSV8M,5.0,true,none
CR-001451,B07R81N4X9,5.0,true,none
CR-001452,B007Y9RBX4,4.0,true,none
CR-001453,B00WTJEPHY,5.0,true,none
CR-001454,B00Z2CJ9QW,5.0,true,none
CR-001455,B000I0WQWC,5.0,true,none
CR-001456,B00X67EJI8,5.0,true,none
CR-001457,B0BBV2Z7VG,4.0,true,none
CR-001458,B00L5KSV8M,4.0,true,none
CR-001459,B007Y9RBX4,4.0,true,none
CR-001460,B00L5KSV8M,5.0,true,none
CR-001461,B00L5KSV8M,5.0,true,none
CR-001462,B00L5KSV8M,5.0,true,none
CR-001463,B007Y9RBX4,3.0,true,none
CR-001464,B00X67EJI8,5.0,true,none
CR-001465,B0BBV2Z7VG,5.0,true,none
CR-001466,B00Z2CJ9QW,5.0,true,none
CR-001467,B00L5KSV8M,5.0,true,none
CR-001468,B00Z2CJ9QW,5.0,true,ozone_odor_safety
CR-001469,B012KUS7UW,3.0,true,none
CR-001470,B00L5KSV8M,5.0,true,none
CR-001471,B0BBV2Z7VG,5.0,true,none
CR-001472,B007Y5B814,2.0,true,none
CR-001473,B0776XKZ1Y,5.0,true,none
CR-001474,B00Z2CJ9QW,5.0,true,none
CR-001475,B00X67EJI8,5.0,true,none
CR-001476,B00Z2CJ9QW,5.0,true,none
CR-001477,B00X67EJI8,5.0,true,none
CR-001478,B006VA94E6,2.0,true,none
CR-001479,B07R81N4X9,5.0,true,none
CR-001480,B00Z2CJ9QW,5.0,true,none
CR-001481,B0776XKZ1Y,5.0,true,none
CR-001482,B0BBV2Z7VG,2.0,true,none
CR-001483,B009CAUR6G,5.0,true,none
CR-001484,B000I0WQWC,5.0,true,none
CR-001485,B0BBV2Z7VG,4.0,true,none
CR-001486,B00Z2CJ9QW,5.0,true,none
CR-001487,B07R81N4X9,5.0,true,none
CR-001488,B00G3DEIO2,4.0,true,none
CR-001489,B00L5KSV8M,3.0,true,none
CR-001490,B003RYPPO2,5.0,true,none
CR-001491,B00X67EJI8,3.0,true,none
CR-001492,B07R81N4X9,4.0,true,none
CR-001493,B007Y9RBX4,5.0,true,none
CR-001494,B0776XKZ1Y,4.0,true,none
CR-001495,B07R81N4X9,5.0,true,ozone_odor_safety
CR-001496,B000I0WQWC,5.0,true,none
CR-001497,B00009ETVW,2.0,true,none
CR-001498,B07R81N4X9,5.0,true,none
CR-001499,B007Y5B814,5.0,true,none
CR-001500,B007C8FJBS,5.0,true,none
CR-001501,B00Z2CJ9QW,2.0,true,none
CR-001502,B000I0WQWC,4.0,true,none
CR-001503,B000XKM3J8,3.0,true,none
CR-001504,B00L5KSV8M,1.0,false,none
CR-001505,B00YSVYUW6,5.0,true,none
CR-001506,B0776XKZ1Y,5.0,true,none
CR-001507,B07R81N4X9,5.0,true,none
CR-001508,B00Z2CJ9QW,2.0,true,ozone_odor_safety
CR-001509,B007Y9RBX4,5.0,true,none
CR-001510,B00X67EJI8,3.0,true,none
CR-001511,B0BBV2Z7VG,5.0,true,none
CR-001512,B07R81N4X9,5.0,true,none
CR-001513,B00Z2CJ9QW,5.0,true,none
CR-001514,B017199I1Y,5.0,true,none
CR-001515,B0BBV2Z7VG,5.0,true,none
CR-001516,B017199I1Y,3.0,true,none
CR-001517,B00Z2CJ9QW,5.0,true,none
CR-001518,B07R81N4X9,5.0,true,none
CR-001519,B00L5KSV8M,1.0,true,none
CR-001520,B07R81N4X9,5.0,true,none
CR-001521,B07R81N4X9,1.0,true,none
CR-001522,B000I0WQWC,4.0,true,none
CR-001523,B0BBV2Z7VG,5.0,true,none
CR-001524,B00Z2CJ9QW,5.0,true,none
CR-001525,B017199I1Y,3.0,true,none
CR-001526,B0BBV2Z7VG,5.0,true,none
CR-001527,B00L5KSV8M,5.0,true,none
CR-001528,B0017Z247E,5.0,true,none
CR-001529,B07R81N4X9,4.0,true,noise
CR-001530,B000HECMEG,5.0,true,none
CR-001531,B007Y5B814,5.0,true,none
CR-001532,B00X67EJI8,3.0,true,none
CR-001533,B07R81N4X9,5.0,true,none
CR-001534,B000I0WQWC,4.0,true,none
CR-001535,B006KSEZ5C,3.0,true,none
CR-001536,B0BBV2Z7VG,5.0,true,none
CR-001537,B0BBV2Z7VG,4.0,true,none
CR-001538,B07R81N4X9,4.0,true,none
CR-001539,B007Y9RBX4,5.0,true,none
CR-001540,B00X67EJI8,5.0,true,none
CR-001541,B0BBV2Z7VG,5.0,true,none
CR-001542,B0776XKZ1Y,5.0,true,none
CR-001543,B007Y9RBX4,1.0,true,reliability
CR-001544,B000I0WQWC,5.0,true,none
CR-001545,B0088EKCYY,5.0,true,none
CR-001546,B000I0WQWC,5.0,true,none
CR-001547,B017199I1Y,5.0,true,none
CR-001548,B007Y5B814,2.0,true,none
CR-001549,B0BBV2Z7VG,4.0,true,none
CR-001550,B07R81N4X9,2.0,true,ozone_odor_safety
CR-001551,B00L5KSV8M,4.0,true,none
CR-001552,B017199I1Y,3.0,true,none
CR-001553,B00Z2CJ9QW,5.0,true,none
CR-001554,B000I0WQWC,1.0,true,none
CR-001555,B000I0WQWC,5.0,true,none
CR-001556,B00L5KSV8M,3.0,true,none
CR-001557,B00Z2CJ9QW,5.0,true,none
CR-001558,B007Y9RBX4,3.0,true,none
CR-001559,B099GYT47Z,3.0,true,none
CR-001561,B0BBV2Z7VG,2.0,true,none
CR-001562,B007Y5B814,3.0,true,none
CR-001563,B017199I1Y,5.0,true,none
CR-001564,B000I0WQWC,5.0,true,none
CR-001565,B0776XKZ1Y,5.0,true,none
CR-001566,B0776XKZ1Y,4.0,true,none
CR-001567,B0BBV2Z7VG,5.0,true,none
CR-001568,B007Y5B814,5.0,true,none
CR-001569,B0BBV2Z7VG,5.0,true,none
CR-001570,B00Z2CJ9QW,5.0,true,none
CR-001571,B000I0WQWC,5.0,true,none
CR-001572,B002QUZGVA,5.0,true,reliability
CR-001573,B007Y5B814,5.0,true,none
CR-001574,B00X67EJI8,5.0,true,none
CR-001575,B00WTJEPHY,5.0,true,none
CR-001576,B00WTJEPHY,5.0,true,none
CR-001577,B00X67EJI8,5.0,true,none
CR-001578,B003RYRKGS,1.0,true,none
CR-001579,B006VA94E6,1.0,true,none
CR-001580,B000I0WQWC,5.0,true,none
CR-001581,B007Y9RBX4,5.0,true,none
CR-001582,B00WTJEPHY,5.0,true,noise
CR-001583,B00WTJEPHY,5.0,true,none
CR-001584,B00Z2CJ9QW,5.0,true,none
CR-001585,B000I0WQWC,5.0,true,none
CR-001586,B0BBV2Z7VG,5.0,true,none
CR-001587,B000I0WQWC,5.0,true,none
CR-001588,B000I0WQWC,1.0,true,none
CR-001589,B00Z2CJ9QW,2.0,true,none
CR-001590,B007Y9RBX4,5.0,true,none
CR-001591,B07R81N4X9,4.0,true,none
CR-001592,B07R81N4X9,1.0,true,none
CR-001593,B07R81N4X9,5.0,true,none
CR-001594,B0088EKCYY,5.0,true,none
CR-001595,B000I0WQWC,5.0,true,none
CR-001596,B000I0WQWC,5.0,true,none
CR-001597,B002QUZGVA,4.0,true,noise
CR-001598,B00X67EJI8,5.0,true,none
CR-001599,B000I0WQWC,5.0,true,none
CR-001600,B007Y5B814,5.0,true,none
CR-001601,B00L5KSV8M,3.0,true,none
CR-001602,B007Y5B814,5.0,true,none
CR-001603,B007Y9RBX4,4.0,true,none
CR-001604,B07R81N4X9,5.0,true,none
CR-001605,B00X67EJI8,4.0,true,noise
CR-001606,B00X67EJI8,5.0,true,none
CR-001607,B009CAUR6G,5.0,true,none
CR-001608,B007Y5B814,1.0,true,value_effectiveness
CR-001609,B007Y9RBX4,1.0,true,none
CR-001610,B007Y5B814,4.0,true,none
CR-001611,B007Y9RBX4,4.0,true,none
CR-001612,B007Y9RBX4,1.0,true,noise
CR-001613,B00X67EJI8,4.0,true,none
CR-001614,B000I0WQWC,4.0,true,none
CR-001615,B00BVF0NK0,5.0,true,none
CR-001616,B0BBV2Z7VG,5.0,true,none
CR-001617,B0776XKZ1Y,5.0,true,none
CR-001618,B0776XKZ1Y,5.0,true,none
CR-001619,B007Y9RBX4,1.0,true,none
CR-001620,B00WTJEPHY,3.0,true,noise
CR-001621,B00L5KSV8M,5.0,true,none
CR-001622,B0776XKZ1Y,5.0,true,none
CR-001623,B007Y5B814,4.0,true,none
CR-001624,B007Y9RBX4,2.0,true,reliability
CR-001625,B07R81N4X9,5.0,true,none
CR-001626,B000I0WQWC,5.0,true,none
CR-001627,B000I0WQWC,4.0,true,none
CR-001628,B0BBV2Z7VG,5.0,true,none
CR-001629,B000I0WQWC,5.0,true,none
CR-001630,B07R81N4X9,5.0,true,none
CR-001631,B00X67EJI8,5.0,true,none
CR-001632,B002VSAFP4,4.0,true,none
CR-001633,B07R81N4X9,5.0,true,none
CR-001634,B07R81N4X9,4.0,true,none
CR-001635,B0BBV2Z7VG,5.0,true,none
CR-001636,B0776XKZ1Y,4.0,true,none
CR-001637,B00L5KSV8M,5.0,true,none
CR-001638,B0BBV2Z7VG,3.0,true,noise
CR-001639,B07R81N4X9,5.0,true,none
CR-001640,B00A6E9JP2,5.0,true,none
CR-001641,B006VA94E6,1.0,true,none
CR-001642,B07R81N4X9,5.0,true,none
CR-001643,B07R81N4X9,5.0,true,none
CR-001644,B0BBV2Z7VG,4.0,true,none
CR-001645,B07R81N4X9,5.0,true,none
CR-001646,B07R81N4X9,5.0,true,none
CR-001647,B00Z2CJ9QW,5.0,true,none
CR-001648,B009CAUR6G,4.0,true,none
CR-001649,B012KUS7UW,5.0,true,none
CR-001650,B07R81N4X9,1.0,true,none
CR-001651,B0776XKZ1Y,5.0,false,none
CR-001652,B0BBV2Z7VG,5.0,true,none
CR-001653,B07R81N4X9,5.0,true,none
CR-001654,B000I0WQWC,3.0,true,none
CR-001655,B000I0WQWC,1.0,true,none
CR-001656,B0BBV2Z7VG,4.0,true,none
CR-001657,B0BBV2Z7VG,5.0,true,none
CR-001658,B07R81N4X9,5.0,true,none
CR-001659,B007Y5B814,4.0,true,none
CR-001660,B0BBV2Z7VG,3.0,true,none
CR-001661,B000I0WQWC,4.0,true,none
CR-001662,B0776XKZ1Y,3.0,true,none
CR-001663,B000I0WQWC,4.0,true,none
CR-001664,B017199I1Y,5.0,true,none
CR-001665,B017199I1Y,1.0,true,reliability
CR-001666,B00X67EJI8,2.0,true,reliability
CR-001667,B009CAUR6G,5.0,true,none
CR-001668,B012KUS7UW,5.0,true,none
CR-001669,B00L5KSV8M,5.0,true,none
CR-001670,B0776XKZ1Y,5.0,true,none
CR-001671,B0776XKZ1Y,5.0,true,none
CR-001672,B007Y9RBX4,2.0,true,none
CR-001673,B007Y9RBX4,5.0,true,none
CR-001674,B07R81N4X9,5.0,true,none
CR-001675,B0030UD626,5.0,true,none
CR-001676,B012KUS7UW,5.0,true,none
CR-001678,B0776XKZ1Y,5.0,true,none
CR-001679,B000N1HZ2W,5.0,true,none
CR-001680,B0BBV2Z7VG,4.0,true,none
CR-001681,B0776XKZ1Y,4.0,true,none
CR-001682,B0BBV2Z7VG,5.0,true,none
CR-001683,B0BBV2Z7VG,5.0,true,none
CR-001684,B0776XKZ1Y,5.0,true,none
CR-001685,B007Y5B814,2.0,true,none
CR-001686,B007Y5B814,5.0,true,none
CR-001687,B00X67EJI8,4.0,true,none
CR-001688,B00Z2CJ9QW,3.0,true,none
CR-001689,B00Z2CJ9QW,5.0,true,none
CR-001690,B07R81N4X9,5.0,true,none
CR-001691,B0776XKZ1Y,4.0,true,none
CR-001692,B0776XKZ1Y,5.0,true,none
CR-001693,B0BBV2Z7VG,5.0,true,none
CR-001694,B000I0WQWC,5.0,true,none
CR-001695,B007Y5B814,5.0,true,none
CR-001696,B007Y9RBX4,2.0,true,none
CR-001697,B07R81N4X9,5.0,true,none
CR-001698,B0BBV2Z7VG,5.0,true,none
CR-001699,B00X67EJI8,5.0,true,none
CR-001700,B00X67EJI8,5.0,true,none
CR-001701,B00X67EJI8,5.0,true,none
CR-001702,B00BVF0NK0,1.0,true,none
CR-001703,B000I0WQWC,5.0,true,none
CR-001704,B0776XKZ1Y,5.0,true,none
CR-001705,B000I0WQWC,5.0,true,none
CR-001706,B007Y5B814,4.0,true,none
CR-001707,B0776XKZ1Y,5.0,true,none
CR-001708,B00Z2CJ9QW,3.0,true,none
CR-001709,B0088EKCYY,5.0,true,none
CR-001710,B00X67EJI8,5.0,true,none
CR-001711,B0776XKZ1Y,4.0,true,none
CR-001712,B007Y9RBX4,5.0,true,none
CR-001713,B0776XKZ1Y,5.0,true,none
CR-001714,B017199I1Y,5.0,true,none
CR-001715,B000I0WQWC,4.0,true,none
CR-001716,B00L5KSV8M,1.0,true,reliability
CR-001717,B0BBV2Z7VG,5.0,true,none
CR-001718,B0776XKZ1Y,5.0,true,none
CR-001719,B003RYRKGS,1.0,true,none
CR-001720,B007Y9RBX4,3.0,true,none
CR-001721,B007C8FJBS,5.0,true,none
CR-001722,B07R81N4X9,5.0,true,none
CR-001723,B000I0WQWC,5.0,true,none
CR-001724,B0776XKZ1Y,5.0,true,none
CR-001725,B007Y9RBX4,2.0,true,none
CR-001726,B00X67EJI8,1.0,true,none
CR-001727,B00Z2CJ9QW,1.0,true,none
CR-001728,B0776XKZ1Y,2.0,true,none
CR-001729,B00WTJEPHY,5.0,true,none
CR-001730,B0776XKZ1Y,2.0,true,none
CR-001731,B07C1HTHY6,3.0,true,none
CR-001732,B000I0WQWC,5.0,true,none
CR-001733,B0776XKZ1Y,5.0,true,none
CR-001734,B000HECMEG,5.0,true,none
CR-001735,B07C1HTHY6,1.0,true,none
CR-001736,B000I0WQWC,5.0,true,none
CR-001737,B0C73KH2HD,5.0,true,none
CR-001738,B000I0WQWC,5.0,true,none
CR-001739,B07R81N4X9,4.0,true,none
CR-001740,B0BBV2Z7VG,4.0,true,none
CR-001741,B000I0WQWC,4.0,true,none
CR-001742,B00WTJEPHY,2.0,true,none
CR-001743,B009CAUR6G,1.0,true,none
CR-001744,B01GXFY0KQ,5.0,true,none
CR-001745,B0776XKZ1Y,4.0,true,ozone_odor_safety
CR-001746,B000I0WQWC,4.0,true,none
CR-001747,B0776XKZ1Y,2.0,true,none
CR-001748,B07R81N4X9,5.0,true,noise
CR-001749,B007Y5B814,5.0,true,none
CR-001750,B00WTJEPHY,5.0,true,none
CR-001751,B000I0WQWC,5.0,true,none
CR-001752,B0BBV2Z7VG,5.0,true,none
CR-001753,B009CAUR6G,3.0,true,noise
CR-001754,B017199I1Y,5.0,true,none
CR-001755,B00X67EJI8,4.0,true,none
CR-001756,B00X67EJI8,5.0,true,none
CR-001757,B017199I1Y,5.0,true,none
CR-001758,B0776XKZ1Y,5.0,true,none
CR-001759,B0776XKZ1Y,5.0,true,none
CR-001760,B00EZF9HVE,5.0,true,none
CR-001761,B000KTKSSA,1.0,true,none
CR-001762,B00X67EJI8,1.0,true,none
CR-001763,B007Y5B814,5.0,true,none
CR-001764,B007Y9RBX4,3.0,true,none
CR-001765,B0BBV2Z7VG,5.0,true,none
CR-001766,B0776XKZ1Y,5.0,true,none
CR-001767,B00X67EJI8,4.0,true,none
CR-001768,B000I0WQWC,4.0,true,none
CR-001769,B00Z2CJ9QW,3.0,true,none
CR-001770,B000I0WQWC,1.0,true,none
CR-001771,B0088EKCYY,4.0,true,none
CR-001772,B0776XKZ1Y,5.0,true,none
CR-001773,B000BC8WRA,5.0,true,none
CR-001774,B0BBV2Z7VG,3.0,true,none
CR-001775,B007Y5B814,5.0,true,none
CR-001776,B000I0WQWC,5.0,true,none
CR-001777,B007Y5B814,5.0,true,none
CR-001778,B07R81N4X9,5.0,true,none
CR-001779,B01KLOZ68K,5.0,true,none
CR-001780,B00L5KSV8M,2.0,true,none
CR-001781,B07R81N4X9,3.0,true,none
CR-001782,B0776XKZ1Y,5.0,true,none
CR-001783,B00Z2CJ9QW,5.0,true,none
CR-001784,B000I0WQWC,4.0,true,none
CR-001785,B009CAUR6G,5.0,true,none
CR-001786,B0776XKZ1Y,5.0,true,none
CR-001787,B018M98UDE,5.0,true,none
CR-001788,B0BBV2Z7VG,5.0,true,none
CR-001789,B0776XKZ1Y,5.0,true,none
CR-001790,B00L5KSV8M,1.0,true,none
CR-001791,B01GXFY0KQ,5.0,true,none
CR-001792,B01BHXCSPS,5.0,true,none
CR-001793,B0BBV2Z7VG,5.0,false,filter_cost
CR-001794,B00L5KSV8M,5.0,true,none
CR-001795,B000I0WQWC,5.0,true,none
CR-001796,B0776XKZ1Y,5.0,true,none
CR-001797,B000I0WQWC,5.0,true,none
CR-001798,B000I0WQWC,5.0,true,none
CR-001799,B0BBV2Z7VG,5.0,true,none
CR-001800,B000I0WQWC,3.0,true,none
CR-001801,B07C1HTHY6,2.0,true,none
CR-001802,B007Y5B814,1.0,true,reliability
CR-001803,B0776XKZ1Y,5.0,true,none
CR-001804,B0776XKZ1Y,5.0,true,none
CR-001805,B0776XKZ1Y,4.0,true,none
CR-001806,B007Y5B814,5.0,true,none
CR-001807,B007Y5B814,1.0,true,customer_service
CR-001808,B000I0WQWC,3.0,true,none
CR-001809,B000I0WQWC,5.0,true,none
CR-001810,B017199I1Y,5.0,true,none
CR-001811,B000I0WQWC,5.0,true,none
CR-001812,B0BBV2Z7VG,5.0,true,none
CR-001813,B01IBRFMQU,3.0,true,none
CR-001814,B017199I1Y,5.0,true,none
CR-001815,B0BBV2Z7VG,5.0,true,none
CR-001816,B00L5KSV8M,5.0,true,none
CR-001817,B0114VK7DI,5.0,true,none
CR-001818,B00X67EJI8,5.0,true,none
CR-001819,B07R81N4X9,5.0,true,none
CR-001820,B000I0WQWC,5.0,true,none
CR-001821,B000I0WQWC,4.0,true,none
CR-001822,B0776XKZ1Y,5.0,true,none
CR-001823,B000I0WQWC,5.0,true,none
CR-001824,B0BBV2Z7VG,5.0,true,none
CR-001825,B00X67EJI8,5.0,true,none
CR-001826,B07R81N4X9,5.0,true,none
CR-001827,B002QUZGVA,4.0,true,none
CR-001828,B007Y5B814,5.0,true,none
CR-001829,B01GXFY0KQ,5.0,true,none
CR-001830,B0BBV2Z7VG,5.0,true,none
CR-001831,B01BPQPW96,5.0,true,none
CR-001832,B0BBV2Z7VG,5.0,true,none
CR-001833,B000I0WQWC,3.0,true,none
CR-001834,B000HECMEG,4.0,true,none
CR-001835,B01GXFY0KQ,5.0,true,none
CR-001836,B000I0WQWC,3.0,true,none
CR-001837,B017199I1Y,3.0,true,none
CR-001838,B000I0WQWC,5.0,true,none
CR-001839,B0776XKZ1Y,5.0,true,none
CR-001840,B000I0WQWC,5.0,true,none
CR-001841,B07R81N4X9,4.0,true,none
CR-001842,B000I0WQWC,5.0,true,none
CR-001843,B007Y9RBX4,3.0,true,none
CR-001844,B0776XKZ1Y,5.0,true,none
CR-001845,B01KLOZ68K,1.0,true,value_effectiveness
CR-001846,B0776XKZ1Y,5.0,true,none
CR-001847,B000HECMEG,5.0,true,none
CR-001848,B00L5KSV8M,1.0,true,ozone_odor_safety
CR-001849,B000I0WQWC,5.0,true,none
CR-001850,B07R81N4X9,4.0,true,none
CR-001851,B000I0WQWC,5.0,true,none
CR-001852,B000I0WQWC,5.0,true,none
CR-001853,B000I0WQWC,5.0,true,none
CR-001854,B000I0WQWC,5.0,true,none
CR-001855,B01GXFY0KQ,2.0,true,value_effectiveness
CR-001856,B07R81N4X9,5.0,true,none
CR-001857,B01GXFY0KQ,5.0,true,none
CR-001858,B07R81N4X9,5.0,true,none
CR-001859,B01GXFY0KQ,5.0,true,none
CR-001860,B0776XKZ1Y,5.0,true,none
CR-001861,B00YSVYUW6,1.0,true,none
CR-001862,B00BVF0NK0,5.0,true,none
CR-001863,B009CAUR6G,5.0,true,none
CR-001864,B007Y9RBX4,5.0,true,none
CR-001865,B01GXFY0KQ,5.0,true,none
CR-001866,B000I0WQWC,5.0,true,none
CR-001867,B01GXFY0KQ,5.0,true,none
CR-001868,B01GXFY0KQ,5.0,true,none
CR-001869,B0776XKZ1Y,5.0,true,none
CR-001870,B018M98UDE,5.0,true,none
CR-001871,B000I0WQWC,5.0,true,none
CR-001872,B00Y2MLY34,4.0,true,none
CR-001873,B00A6E9JP2,5.0,true,none
CR-001874,B01GXFY0KQ,5.0,true,none
CR-001875,B00L5KSV8M,5.0,true,none
CR-001876,B00X67EJI8,5.0,true,none
CR-001877,B0BBV2Z7VG,5.0,true,none
CR-001878,B000I0WQWC,5.0,true,none
CR-001879,B01GXFY0KQ,5.0,true,none
CR-001880,B0BBV2Z7VG,1.0,true,none
CR-001881,B00L5KSV8M,5.0,true,none
CR-001882,B01MF8W1D1,5.0,true,none
CR-001883,B001DYX5KY,5.0,true,none
CR-001884,B017199I1Y,5.0,true,none
CR-001885,B0BBV2Z7VG,5.0,true,none
CR-001886,B017199I1Y,2.0,true,none
CR-001887,B0BBV2Z7VG,5.0,true,noise
CR-001888,B00YSVYUW6,5.0,true,none
CR-001889,B007Y9RBX4,3.0,true,none
CR-001890,B017199I1Y,5.0,true,none
CR-001891,B0030UD626,5.0,true,none
CR-001892,B0BBV2Z7VG,5.0,true,none
CR-001893,B07C1HTHY6,3.0,true,none
CR-001894,B0776XKZ1Y,4.0,true,none
CR-001895,B0BBV2Z7VG,5.0,true,none
CR-001896,B0BBV2Z7VG,5.0,true,none
CR-001897,B007Y9RBX4,5.0,true,none
CR-001898,B093JYV9RR,4.0,true,reliability
CR-001899,B01GXFY0KQ,5.0,true,none
CR-001900,B00X67EJI8,5.0,true,none
CR-001901,B012KUS7UW,1.0,true,reliability
CR-001902,B009CAUR6G,5.0,true,none
CR-001903,B07R81N4X9,5.0,true,none
CR-001904,B017199I1Y,1.0,true,reliability
CR-001905,B07R81N4X9,5.0,true,none
CR-001906,B007Y9RBX4,5.0,true,none
CR-001907,B017199I1Y,5.0,true,none
CR-001908,B07R81N4X9,5.0,true,none
CR-001909,B0BBV2Z7VG,5.0,true,none
CR-001910,B000I0WQWC,5.0,true,none
CR-001911,B007Y5B814,1.0,true,none
CR-001912,B000I0WQWC,5.0,true,none
CR-001913,B01GLRXGTC,5.0,true,none
CR-001914,B017199I1Y,5.0,true,none
CR-001915,B007Y5B814,5.0,true,none
CR-001916,B017199I1Y,5.0,true,none
CR-001917,B017199I1Y,1.0,true,none
CR-001918,B0BBV2Z7VG,5.0,true,none
CR-001919,B007Y9RBX4,5.0,true,none
CR-001920,B07R81N4X9,5.0,true,none
CR-001921,B017199I1Y,5.0,true,none
CR-001922,B07R81N4X9,5.0,true,none
CR-001923,B00WTJEPHY,5.0,true,none
CR-001924,B007Y9RBX4,5.0,true,none
CR-001925,B007Y9RBX4,5.0,true,none
CR-001926,B093JYV9RR,4.0,true,none
CR-001927,B07R81N4X9,3.0,true,none
CR-001928,B0776XKZ1Y,5.0,true,none
CR-001929,B002VSAFP4,3.0,true,none
CR-001930,B0BBV2Z7VG,5.0,false,none
CR-001931,B0BBV2Z7VG,5.0,true,none
CR-001932,B017199I1Y,5.0,true,none
CR-001933,B000I0WQWC,5.0,true,none
CR-001934,B07R81N4X9,5.0,true,none
CR-001935,B000I0WQWC,5.0,true,none
CR-001936,B017199I1Y,5.0,true,none
CR-001937,B0BBV2Z7VG,5.0,true,none
CR-001938,B0776XKZ1Y,5.0,true,none
CR-001939,B07R81N4X9,2.0,true,none
CR-001940,B0776XKZ1Y,5.0,true,none
CR-001941,B000I0WQWC,4.0,true,none
CR-001942,B01BHXCSPS,5.0,true,none
CR-001943,B0088EKCYY,5.0,true,none
CR-001944,B017199I1Y,3.0,true,none
CR-001945,B07R81N4X9,2.0,true,none
CR-001946,B0776XKZ1Y,5.0,true,none
CR-001947,B00X67EJI8,4.0,true,none
CR-001948,B07R81N4X9,3.0,true,none
CR-001949,B017199I1Y,2.0,true,none
CR-001950,B000I0WQWC,4.0,true,none
CR-001951,B07R81N4X9,5.0,true,none
CR-001952,B07R81N4X9,3.0,true,none
CR-001953,B0BBV2Z7VG,5.0,true,none
CR-001954,B009CAUR6G,5.0,true,none
CR-001955,B01GXFY0KQ,5.0,true,none
CR-001956,B093JYV9RR,5.0,true,none
CR-001957,B07R81N4X9,5.0,true,none
CR-001958,B000I0WQWC,5.0,true,none
CR-001959,B007Y9RBX4,5.0,true,none
CR-001960,B017199I1Y,5.0,true,none
CR-001961,B017199I1Y,5.0,true,none
CR-001962,B01GXFY0KQ,5.0,true,none
CR-001963,B07R81N4X9,5.0,true,none
CR-001964,B018M98UDE,5.0,true,none
CR-001965,B0BBV2Z7VG,5.0,true,none
CR-001966,B00WTJEPHY,5.0,true,none
CR-001967,B017199I1Y,1.0,true,none
CR-001968,B01GXFY0KQ,5.0,true,none
CR-001969,B017199I1Y,1.0,true,none
CR-001970,B07R81N4X9,5.0,true,none
CR-001971,B018M98UDE,5.0,true,none
CR-001972,B000I0WQWC,3.0,true,none
CR-001973,B07R81N4X9,5.0,true,none
CR-001974,B000I0WQWC,5.0,true,none
CR-001975,B07R81N4X9,5.0,true,none
CR-001976,B007Y9RBX4,4.0,true,none
CR-001977,B00YSVYUW6,5.0,true,none
CR-001978,B00YSVYUW6,3.0,true,none
CR-001979,B0BBV2Z7VG,1.0,true,none
CR-001980,B017199I1Y,4.0,true,none
CR-001981,B000I0WQWC,4.0,true,none
CR-001982,B017199I1Y,5.0,true,none
CR-001983,B009CAUR6G,1.0,true,none
CR-001984,B07R81N4X9,5.0,true,none
CR-001985,B07R81N4X9,5.0,true,none
CR-001986,B07R81N4X9,5.0,true,none
CR-001987,B000I0WQWC,2.0,true,none
CR-001988,B000I0WQWC,5.0,true,none
CR-001989,B093JYV9RR,4.0,true,noise
CR-001990,B093JYV9RR,4.0,true,none
CR-001991,B0088EKCYY,5.0,true,none
CR-001992,B0BBV2Z7VG,5.0,true,none
CR-001993,B093JYV9RR,5.0,true,noise
CR-001994,B01GXFY0KQ,5.0,true,none
CR-001995,B007Y9RBX4,5.0,true,none
CR-001996,B017199I1Y,3.0,true,none
CR-001997,B0BBV2Z7VG,5.0,true,none
CR-001998,B01BHVXBTC,1.0,true,reliability
CR-001999,B002QUZGVA,4.0,true,none
CR-002000,B0BBV2Z7VG,5.0,true,none
CR-002001,B07R81N4X9,5.0,true,none
CR-002002,B093JYV9RR,5.0,true,none
CR-002003,B0BBV2Z7VG,5.0,true,none
CR-002004,B0088EKCYY,5.0,true,none
CR-002005,B00E5JLGFK,3.0,true,reliability
CR-002006,B0030UD626,1.0,true,reliability
CR-002007,B00L5KSV8M,3.0,true,none
CR-002008,B0776XKZ1Y,5.0,true,none
CR-002009,B000I0WQWC,5.0,true,none
CR-002010,B018M98UDE,5.0,true,none
CR-002011,B0BBV2Z7VG,5.0,true,none
CR-002012,B01BHVXBTC,5.0,true,none
CR-002013,B07R81N4X9,5.0,true,none
CR-002014,B0BBV2Z7VG,1.0,false,none
CR-002015,B00L5KSV8M,5.0,true,none
CR-002016,B0B2DX3SNN,5.0,true,none
CR-002017,B0B2DX3SNN,5.0,true,none
CR-002018,B01GXFY0KQ,5.0,true,none
CR-002019,B000BC8WRA,1.0,true,reliability
CR-002020,B00143SXU6,2.0,true,none
CR-002021,B0B2DX3SNN,5.0,false,ozone_odor_safety
CR-002022,B0B2DX3SNN,4.0,true,none
CR-002023,B0B2DX3SNN,5.0,true,noise
CR-002024,B0B2DX3SNN,5.0,true,noise
CR-002025,B0B2DX3SNN,5.0,true,none
CR-002026,B0B2DX3SNN,5.0,true,none
CR-002027,B07R81N4X9,5.0,true,none
CR-002028,B01GXFY0KQ,5.0,true,none
CR-002029,B0088EKCYY,4.0,true,none
CR-002030,B0776XKZ1Y,5.0,true,none
CR-002031,B0B2DX3SNN,5.0,true,none
CR-002032,B07R81N4X9,3.0,true,none
CR-002033,B0B2DX3SNN,4.0,true,none
CR-002034,B0BBV2Z7VG,2.0,true,none
CR-002035,B000I0WQWC,4.0,true,none
CR-002036,B0B2DX3SNN,5.0,true,none
CR-002037,B007Y5B814,5.0,true,none
CR-002038,B0B2DX3SNN,5.0,true,none
CR-002039,B000I0WQWC,3.0,true,none
CR-002040,B000I0WQWC,4.0,true,none
CR-002041,B0B2DX3SNN,4.0,true,noise
CR-002042,B000I0WQWC,4.0,true,none
CR-002043,B0B2DX3SNN,5.0,true,none
CR-002044,B07V4GC3VC,4.0,true,none
CR-002045,B01GXFY0KQ,5.0,true,none
CR-002046,B000I0WQWC,5.0,true,none
CR-002047,B01GXFY0KQ,5.0,true,none
CR-002048,B000I0WQWC,1.0,true,none
CR-002049,B0776XKZ1Y,5.0,false,none
CR-002050,B07R81N4X9,5.0,true,none
CR-002051,B007Y9RBX4,5.0,true,none
CR-002052,B0B2DX3SNN,5.0,true,none
CR-002053,B093JYV9RR,5.0,true,none
CR-002054,B0B2DX3SNN,4.0,true,none
CR-002055,B0B2DX3SNN,4.0,true,none
CR-002056,B0B2DX3SNN,3.0,true,noise
CR-002057,B0BBV2Z7VG,5.0,true,none
CR-002058,B0BBV2Z7VG,5.0,true,none
CR-002059,B0B2DX3SNN,4.0,true,none
CR-002060,B01GXFY0KQ,4.0,true,none
CR-002061,B07R81N4X9,5.0,true,filter_cost
CR-002062,B0B2DX3SNN,4.0,true,none
CR-002063,B07R81N4X9,5.0,true,none
CR-002064,B0B2DX3SNN,5.0,true,none
CR-002065,B0B2DX3SNN,4.0,true,none
CR-002066,B01GXFY0KQ,5.0,true,none
CR-002067,B0B2DX3SNN,5.0,true,none
CR-002068,B0BBV2Z7VG,5.0,true,none
CR-002069,B07R81N4X9,5.0,true,none
CR-002070,B000I0WQWC,5.0,true,none
CR-002071,B000I0WQWC,3.0,true,none
CR-002072,B0B2DX3SNN,5.0,true,none
CR-002073,B07R81N4X9,5.0,true,none
CR-002074,B000I0WQWC,4.0,true,none
CR-002075,B007Y9RBX4,5.0,true,none
CR-002076,B0B2DX3SNN,4.0,true,none
CR-002077,B0B2DX3SNN,4.0,true,noise
CR-002078,B007Y9RBX4,1.0,false,none
CR-002079,B0BBV2Z7VG,5.0,true,none
CR-002080,B012KUS7UW,5.0,true,none
CR-002081,B000I0WQWC,5.0,true,none
CR-002082,B093JYV9RR,5.0,true,none
CR-002083,B00X67EJI8,1.0,false,none
CR-002084,B0B2DX3SNN,5.0,true,noise
CR-002085,B0B2DX3SNN,5.0,true,none
CR-002086,B00WTJEPHY,5.0,true,none
CR-002087,B0B2DX3SNN,5.0,true,none
CR-002088,B00X67EJI8,5.0,true,none
CR-002089,B093JYV9RR,5.0,true,none
CR-002090,B07R81N4X9,5.0,true,noise
CR-002091,B07R81N4X9,5.0,true,none
CR-002092,B07R81N4X9,5.0,true,none
CR-002093,B07R81N4X9,5.0,true,none
CR-002094,B000I0WQWC,4.0,true,none
CR-002095,B007Y9RBX4,3.0,true,none
CR-002096,B093JYV9RR,5.0,true,none
CR-002097,B0B2DX3SNN,4.0,true,noise
CR-002098,B000I0WQWC,4.0,true,none
CR-002099,B000I0WQWC,4.0,true,noise
CR-002100,B0B2DX3SNN,5.0,true,none
CR-002101,B01GXFY0KQ,5.0,true,none
CR-002102,B01MF8W1D1,1.0,true,none
CR-002103,B003RYRKGS,5.0,true,none
CR-002104,B07R81N4X9,5.0,true,none
CR-002105,B07R81N4X9,5.0,true,none
CR-002106,B009CAUR6G,2.0,true,reliability
CR-002107,B0BBV2Z7VG,5.0,true,none
CR-002108,B018M98UDE,5.0,true,none
CR-002109,B0B2DX3SNN,4.0,true,none
CR-002110,B0B2DX3SNN,5.0,true,none
CR-002111,B07R81N4X9,4.0,true,none
CR-002112,B01MF8W1D1,5.0,true,none
CR-002113,B07R81N4X9,5.0,true,none
CR-002114,B07R81N4X9,5.0,true,none
CR-002115,B003RYPPO2,5.0,true,none
CR-002116,B000HECMEG,4.0,true,none
CR-002117,B0BBV2Z7VG,5.0,true,none
CR-002118,B01GXFY0KQ,5.0,true,none
CR-002119,B0776XKZ1Y,4.0,true,none
CR-002120,B0B2DX3SNN,5.0,true,none
CR-002121,B093JYV9RR,5.0,true,none
CR-002122,B01GXFY0KQ,5.0,true,none
CR-002123,B000HECMEG,5.0,true,none
CR-002124,B07R81N4X9,5.0,true,none
CR-002125,B009CAUR6G,4.0,true,none
CR-002126,B007Y5B814,5.0,true,none
CR-002127,B000I0WQWC,5.0,true,none
CR-002128,B07R81N4X9,5.0,true,none
CR-002129,B01GXFY0KQ,3.0,true,none
CR-002130,B018M98UDE,5.0,true,none
CR-002131,B007Y9RBX4,2.0,true,none
CR-002132,B01GXFY0KQ,4.0,true,none
CR-002133,B01GXFY0KQ,1.0,true,none
CR-002134,B01GXFY0KQ,5.0,true,none
CR-002135,B07R81N4X9,5.0,true,none
CR-002136,B01GXFY0KQ,5.0,true,none
CR-002137,B093JYV9RR,5.0,true,noise
CR-002138,B0BBV2Z7VG,5.0,true,none
CR-002139,B009CAUR6G,5.0,true,none
CR-002140,B07R81N4X9,5.0,true,none
CR-002141,B000BC8WRA,5.0,true,none
CR-002142,B07R81N4X9,5.0,true,none
CR-002143,B07R81N4X9,3.0,true,none
CR-002144,B093JYV9RR,5.0,true,none
CR-002145,B07R81N4X9,5.0,true,none
CR-002146,B007Y9RBX4,5.0,true,none
CR-002147,B007Y5B814,2.0,true,reliability
CR-002148,B07R81N4X9,3.0,true,ozone_odor_safety
CR-002149,B07R81N4X9,5.0,true,none
CR-002150,B000I0WQWC,5.0,true,none
CR-002151,B093JYV9RR,5.0,true,none
CR-002152,B07R81N4X9,5.0,true,none
CR-002153,B000I0WQWC,5.0,true,none
CR-002154,B093JYV9RR,5.0,true,none
CR-002155,B007Y9RBX4,1.0,true,ozone_odor_safety
CR-002156,B00YSVYUW6,5.0,true,none
CR-002157,B07R81N4X9,5.0,true,none
CR-002158,B0776XKZ1Y,5.0,true,none
CR-002159,B07R81N4X9,5.0,true,none
CR-002160,B01MF8W1D1,5.0,true,none
CR-002161,B07R81N4X9,5.0,true,none
CR-002162,B0BBV2Z7VG,5.0,true,none
CR-002163,B07R81N4X9,3.0,true,none
CR-002164,B0B2DX3SNN,4.0,true,none
CR-002165,B01GXFY0KQ,2.0,true,none
CR-002166,B07R81N4X9,5.0,true,none
CR-002167,B07R81N4X9,5.0,true,none
CR-002168,B01MF8W1D1,1.0,true,none
CR-002169,B07R81N4X9,5.0,true,none
CR-002170,B07R81N4X9,5.0,true,none
CR-002171,B00Y2MLY34,1.0,true,none
CR-002172,B07R81N4X9,3.0,true,none
CR-002173,B07R81N4X9,5.0,true,none
CR-002174,B01GXFY0KQ,5.0,true,none
CR-002175,B0BBV2Z7VG,5.0,true,none
CR-002176,B000I0WQWC,5.0,true,none
CR-002177,B00Y2MLY34,4.0,true,none
CR-002178,B000I0WQWC,5.0,true,none
CR-002179,B00G3DEIO2,1.0,true,none
CR-002180,B07V4GC3VC,5.0,true,none
CR-002181,B07R81N4X9,5.0,true,none
CR-002182,B0B2DX3SNN,5.0,true,none
CR-002183,B0B2DX3SNN,5.0,true,none
CR-002184,B000I0WQWC,4.0,true,none
CR-002185,B00X67EJI8,1.0,true,reliability
CR-002186,B00X67EJI8,5.0,true,none
CR-002187,B0057IKJPQ,5.0,true,none
CR-002188,B0776XKZ1Y,5.0,true,none
CR-002189,B018M98UDE,5.0,true,none
CR-002190,B07R81N4X9,5.0,true,none
CR-002191,B07R81N4X9,5.0,true,none
CR-002192,B0B2DX3SNN,5.0,true,none
CR-002193,B093JYV9RR,3.0,true,none
CR-002194,B00X67EJI8,1.0,true,none
CR-002195,B07R81N4X9,4.0,true,none
CR-002196,B01GXFY0KQ,5.0,true,none
CR-002197,B000I0WQWC,5.0,true,none
CR-002198,B07R81N4X9,2.0,true,none
CR-002199,B093JYV9RR,5.0,true,none
CR-002200,B007Y9RBX4,5.0,true,none
CR-002201,B0B2DX3SNN,5.0,true,none
CR-002202,B009CAUR6G,5.0,true,none
CR-002203,B00X67EJI8,5.0,true,none
CR-002204,B0B2DX3SNN,5.0,true,none
CR-002205,B07R81N4X9,5.0,true,none
CR-002206,B093JYV9RR,5.0,true,none
CR-002207,B007Y9RBX4,5.0,true,none
CR-002208,B01MF8W1D1,4.0,true,none
CR-002209,B0B2DX3SNN,5.0,true,none
CR-002210,B0BBV2Z7VG,5.0,true,none
CR-002211,B07R81N4X9,5.0,true,none
CR-002212,B07R81N4X9,5.0,true,none
CR-002213,B07R81N4X9,5.0,true,none
CR-002214,B0114VK7DI,5.0,true,none
CR-002215,B07R81N4X9,5.0,true,none
CR-002216,B07R81N4X9,5.0,true,none
CR-002217,B01GXFY0KQ,1.0,true,none
CR-002218,B01MF8W1D1,5.0,true,none
CR-002219,B01GXFY0KQ,5.0,true,none
CR-002220,B0BBV2Z7VG,5.0,true,none
CR-002221,B0057IKJPQ,5.0,true,none
CR-002222,B000HECMEG,5.0,true,none
CR-002223,B017199I1Y,3.0,true,none
CR-002224,B01IBRFMQU,5.0,true,none
CR-002225,B000BC8WRA,3.0,true,none
CR-002226,B00Z2CJ9QW,4.0,true,none
CR-002227,B07R81N4X9,5.0,true,none
CR-002228,B071HGGN6N,5.0,true,none
CR-002229,B07R81N4X9,5.0,false,none
CR-002230,B07R81N4X9,5.0,true,none
CR-002231,B07R81N4X9,2.0,true,none
CR-002232,B07R81N4X9,5.0,true,none
CR-002233,B018M98UDE,5.0,true,none
CR-002234,B0B2DX3SNN,4.0,true,none
CR-002235,B0B2DX3SNN,5.0,true,none
CR-002236,B07R81N4X9,5.0,true,none
CR-002237,B07R81N4X9,5.0,true,none
CR-002238,B093JYV9RR,5.0,true,none
CR-002239,B07R81N4X9,5.0,true,none
CR-002240,B071HGGN6N,5.0,true,none
CR-002241,B0776XKZ1Y,5.0,true,none
CR-002242,B07R81N4X9,5.0,true,none
CR-002243,B01GXFY0KQ,5.0,true,none
CR-002244,B07R81N4X9,5.0,true,none
CR-002245,B01GXFY0KQ,4.0,true,none
CR-002246,B0B2DX3SNN,4.0,true,none
CR-002247,B0B2DX3SNN,4.0,true,none
CR-002248,B07R81N4X9,5.0,true,none
CR-002249,B01BHVXBTC,4.0,true,none
CR-002250,B007Y9RBX4,5.0,true,none
CR-002251,B0B2DX3SNN,4.0,true,none
CR-002252,B0BBV2Z7VG,5.0,true,none
CR-002253,B0B2DX3SNN,5.0,true,none
CR-002254,B0BBV2Z7VG,5.0,false,noise
CR-002255,B01M6CWTJI,3.0,true,none
CR-002256,B093JYV9RR,5.0,true,none
CR-002257,B07R81N4X9,4.0,true,none
CR-002258,B0BBV2Z7VG,5.0,true,none
CR-002259,B000I0WQWC,1.0,true,none
CR-002260,B00Y2MLY34,1.0,true,none
CR-002261,B07R81N4X9,5.0,true,none
CR-002262,B0B2DX3SNN,4.0,true,none
CR-002263,B093JYV9RR,5.0,true,none
CR-002264,B0BBV2Z7VG,4.0,true,none
CR-002265,B071HGGN6N,5.0,true,none
CR-002266,B01GXFY0KQ,5.0,true,none
CR-002267,B07R81N4X9,5.0,true,none
CR-002268,B0B2DX3SNN,1.0,true,none
CR-002269,B009CAUR6G,5.0,true,none
CR-002270,B01GXFY0KQ,5.0,true,none
CR-002271,B0776XKZ1Y,1.0,false,none
CR-002272,B0B2DX3SNN,5.0,true,none
CR-002273,B01GXFY0KQ,5.0,true,none
CR-002274,B0BBV2Z7VG,3.0,true,none
CR-002275,B0BBV2Z7VG,4.0,true,none
CR-002276,B01MF8W1D1,4.0,true,none
CR-002277,B0B2DX3SNN,5.0,true,none
CR-002278,B071HGGN6N,4.0,true,none
CR-002279,B0BBV2Z7VG,5.0,true,none
CR-002280,B0776XKZ1Y,5.0,true,none
CR-002281,B07R81N4X9,5.0,true,none
CR-002282,B01GXFY0KQ,5.0,true,none
CR-002283,B0BBV2Z7VG,5.0,true,none
CR-002284,B01MF8W1D1,5.0,true,none
CR-002285,B0BBV2Z7VG,5.0,true,none
CR-002286,B07R81N4X9,5.0,true,none
CR-002287,B00Z2CJ9QW,5.0,true,none
CR-002288,B07R81N4X9,5.0,true,none
CR-002289,B01GXFY0KQ,5.0,true,none
CR-002290,B07R81N4X9,3.0,true,none
CR-002291,B07R81N4X9,5.0,true,none
CR-002292,B0BBV2Z7VG,5.0,true,none
CR-002293,B071HGGN6N,5.0,true,none
CR-002294,B07R81N4X9,5.0,true,none
CR-002295,B07R81N4X9,5.0,true,none
CR-002296,B0BBV2Z7VG,4.0,true,none
CR-002297,B071HGGN6N,5.0,true,none
CR-002298,B0BBV2Z7VG,4.0,true,none
CR-002299,B01GXFY0KQ,5.0,true,none
CR-002300,B0BBV2Z7VG,5.0,true,none
CR-002301,B093JYV9RR,4.0,true,none
CR-002302,B01GXFY0KQ,2.0,true,none
CR-002303,B0BBV2Z7VG,5.0,true,none
CR-002304,B007Y9RBX4,5.0,true,none
CR-002305,B017199I1Y,1.0,true,none
CR-002306,B017199I1Y,5.0,true,none
CR-002307,B0B2DX3SNN,4.0,true,noise
CR-002308,B017199I1Y,5.0,true,none
CR-002309,B007C8FJBS,1.0,true,none
CR-002311,B0776XKZ1Y,2.0,true,none
CR-002312,B0B2DX3SNN,5.0,true,none
CR-002313,B0088EKCYY,5.0,true,none
CR-002314,B007Y9RBX4,1.0,true,none
CR-002315,B0B2DX3SNN,5.0,true,none
CR-002316,B007Y9RBX4,5.0,true,none
CR-002317,B000I0WQWC,2.0,true,filter_cost
CR-002318,B007Y9RBX4,3.0,true,none
CR-002319,B017199I1Y,5.0,true,none
CR-002320,B0057IKJPQ,5.0,true,none
CR-002321,B071HGGN6N,5.0,true,none
CR-002322,B07R81N4X9,5.0,true,none
CR-002323,B07R81N4X9,5.0,true,none
CR-002324,B07R81N4X9,5.0,true,none
CR-002325,B017G9MFXC,4.0,true,none
CR-002326,B0B2DX3SNN,4.0,true,none
CR-002327,B003RYPPO2,5.0,true,none
CR-002328,B01GXFY0KQ,5.0,true,none
CR-002329,B07R81N4X9,5.0,true,none
CR-002330,B072N13TZ5,5.0,true,none
CR-002331,B07R81N4X9,5.0,true,none
CR-002332,B0BBV2Z7VG,3.0,true,none
CR-002333,B07V4GC3VC,4.0,true,noise
CR-002334,B00Z2CJ9QW,5.0,true,none
CR-002335,B07R81N4X9,5.0,true,none
CR-002336,B0B2DX3SNN,5.0,true,none
CR-002337,B0BBV2Z7VG,5.0,true,none
CR-002338,B07R81N4X9,5.0,true,none
CR-002339,B07R81N4X9,5.0,true,none
CR-002340,B017G9MFXC,5.0,true,none
CR-002341,B017199I1Y,5.0,true,none
CR-002342,B07R81N4X9,5.0,true,none
CR-002343,B0B2DX3SNN,5.0,true,none
CR-002344,B07R81N4X9,5.0,true,none
CR-002345,B007Y5B814,5.0,true,none
CR-002346,B01GXFY0KQ,4.0,true,none
CR-002347,B017199I1Y,5.0,true,none
CR-002348,B0B2DX3SNN,5.0,true,none
CR-002349,B07R81N4X9,5.0,true,none
CR-002350,B093JYV9RR,5.0,true,none
CR-002351,B07R81N4X9,5.0,true,none
CR-002352,B07R81N4X9,5.0,true,none
CR-002353,B0057IKJPQ,5.0,true,none
CR-002354,B017199I1Y,5.0,true,none
CR-002355,B017199I1Y,5.0,true,none
CR-002356,B017199I1Y,5.0,true,none
CR-002357,B07R81N4X9,4.0,true,noise
CR-002358,B017199I1Y,5.0,true,none
CR-002359,B07R81N4X9,5.0,true,none
CR-002360,B0BBV2Z7VG,4.0,true,none
CR-002361,B01GXFY0KQ,5.0,true,none
CR-002362,B0B2DX3SNN,5.0,true,none
CR-002363,B0BBV2Z7VG,5.0,true,none
CR-002364,B07R81N4X9,5.0,true,none
CR-002365,B017199I1Y,5.0,true,none
CR-002366,B017G9MFXC,5.0,true,none
CR-002367,B071HGGN6N,4.0,true,none
CR-002368,B0B2DX3SNN,5.0,true,none
CR-002369,B07R81N4X9,5.0,true,none
CR-002370,B07R81N4X9,5.0,true,none
CR-002371,B071DXQ1RV,5.0,true,none
CR-002372,B071DXQ1RV,5.0,true,none
CR-002373,B07R81N4X9,5.0,true,none
CR-002374,B017199I1Y,5.0,true,none
CR-002375,B071DXQ1RV,5.0,true,none
CR-002376,B007Y9RBX4,5.0,true,none
CR-002377,B071DXQ1RV,4.0,true,none
CR-002378,B0BBV2Z7VG,5.0,true,none
CR-002379,B07R81N4X9,4.0,true,none
CR-002380,B07R81N4X9,3.0,true,none
CR-002381,B0BBV2Z7VG,5.0,false,none
CR-002382,B07R81N4X9,5.0,true,none
CR-002383,B07R81N4X9,5.0,true,none
CR-002384,B07R81N4X9,5.0,true,none
CR-002385,B01GXFY0KQ,5.0,true,none
CR-002386,B07R81N4X9,3.0,true,none
CR-002387,B00WTJEPHY,4.0,true,none
CR-002388,B071DXQ1RV,5.0,true,none
CR-002389,B071DXQ1RV,5.0,true,none
CR-002390,B007Y5B814,5.0,true,none
CR-002391,B07R81N4X9,5.0,true,none
CR-002392,B07R81N4X9,5.0,true,none
CR-002393,B07R81N4X9,5.0,true,none
CR-002394,B07R81N4X9,5.0,true,none
CR-002395,B018M98UDE,5.0,true,none
CR-002396,B071DXQ1RV,4.0,true,none
CR-002397,B071DXQ1RV,5.0,true,none
CR-002398,B07R81N4X9,4.0,true,none
CR-002399,B07R81N4X9,5.0,true,none
CR-002400,B071DXQ1RV,5.0,true,none
CR-002401,B071DXQ1RV,1.0,true,none
CR-002402,B012KUS7UW,1.0,true,none
CR-002403,B07R81N4X9,3.0,true,noise
CR-002404,B0B2DX3SNN,4.0,true,none
CR-002405,B0B2DX3SNN,5.0,true,none
CR-002406,B07R81N4X9,5.0,true,none
CR-002407,B0C2JF5179,5.0,true,none
CR-002408,B0C2JF5179,5.0,true,none
CR-002409,B000I0WQWC,5.0,true,none
CR-002410,B07R81N4X9,5.0,true,none
CR-002411,B07R81N4X9,3.0,true,none
CR-002412,B007Y5B814,5.0,true,none
CR-002413,B07R81N4X9,5.0,true,none
CR-002414,B0C2JF5179,5.0,true,none
CR-002415,B01MF8W1D1,3.0,true,none
CR-002416,B0C73KH2HD,5.0,true,none
CR-002417,B000I0WQWC,5.0,true,none
CR-002418,B07R81N4X9,5.0,true,none
CR-002419,B0C2JF5179,5.0,true,none
CR-002420,B0B2DX3SNN,4.0,true,none
CR-002421,B07R81N4X9,5.0,true,none
CR-002422,B0BBV2Z7VG,4.0,true,noise
CR-002423,B07R81N4X9,5.0,true,none
CR-002424,B0C2JF5179,5.0,true,none
CR-002425,B0C2JF5179,5.0,true,none
CR-002426,B0C2JF5179,5.0,true,none
CR-002427,B071DXQ1RV,5.0,true,none
CR-002428,B0BBV2Z7VG,5.0,true,none
CR-002429,B07R81N4X9,5.0,true,none
CR-002430,B07R81N4X9,5.0,true,none
CR-002431,B07R81N4X9,5.0,true,none
CR-002432,B07R81N4X9,5.0,true,none
CR-002433,B01BHV48D0,1.0,true,none
CR-002434,B0B2DX3SNN,5.0,true,none
CR-002435,B0BBV2Z7VG,5.0,true,none
CR-002436,B07R81N4X9,5.0,true,none
CR-002437,B07R81N4X9,5.0,true,none
CR-002438,B017199I1Y,5.0,true,none
CR-002439,B01GXFY0KQ,5.0,true,none
CR-002440,B07R81N4X9,5.0,true,none
CR-002441,B0C2JF5179,5.0,true,none
CR-002442,B017199I1Y,5.0,true,none
CR-002443,B071DXQ1RV,5.0,true,none
CR-002444,B07R81N4X9,5.0,true,none
CR-002445,B006KSEZ5C,5.0,true,none
CR-002446,B0B2DX3SNN,3.0,true,none
CR-002447,B0B2DX3SNN,1.0,true,none
CR-002448,B0C2JF5179,5.0,true,none
CR-002449,B07R81N4X9,5.0,true,none
CR-002450,B07R81N4X9,5.0,true,none
CR-002451,B07R81N4X9,5.0,true,none
CR-002452,B0BBV2Z7VG,5.0,true,none
CR-002453,B07R81N4X9,5.0,true,none
CR-002454,B07C1HTHY6,3.0,true,none
CR-002455,B07R81N4X9,5.0,true,none
CR-002456,B071DXQ1RV,1.0,true,reliability
CR-002457,B07R81N4X9,4.0,true,none
CR-002458,B0B2DX3SNN,5.0,true,none
CR-002459,B0C2JF5179,5.0,true,none
CR-002460,B0C2JF5179,5.0,true,none
CR-002461,B0057IKJPQ,5.0,true,none
CR-002462,B07R81N4X9,5.0,true,none
CR-002463,B07R81N4X9,5.0,true,none
CR-002464,B07R81N4X9,5.0,true,none
CR-002465,B07R81N4X9,5.0,true,none
CR-002466,B07R81N4X9,5.0,true,none
CR-002467,B017199I1Y,5.0,true,none
CR-002468,B07R81N4X9,5.0,true,none
CR-002469,B07R81N4X9,5.0,true,none
CR-002470,B07R81N4X9,4.0,true,none
CR-002471,B01MF8W1D1,1.0,true,none
CR-002472,B07R81N4X9,5.0,true,none
CR-002473,B071DXQ1RV,5.0,true,none
CR-002474,B07R81N4X9,5.0,true,noise
CR-002475,B017199I1Y,3.0,true,none
CR-002476,B07R81N4X9,5.0,true,none
CR-002477,B07R81N4X9,5.0,true,none
CR-002478,B07R81N4X9,5.0,true,none
CR-002479,B07R81N4X9,5.0,true,none
CR-002480,B093JYV9RR,3.0,true,none
CR-002481,B07R81N4X9,5.0,true,none
CR-002482,B0776XKZ1Y,5.0,true,none
CR-002483,B07R81N4X9,5.0,true,none
CR-002484,B01GXFY0KQ,5.0,true,none
CR-002485,B07R81N4X9,5.0,true,none
CR-002486,B0057IKJPQ,5.0,true,none
CR-002487,B0BBV2Z7VG,5.0,true,none
CR-002488,B017199I1Y,1.0,true,none
CR-002489,B0C2JF5179,2.0,true,none
CR-002490,B01GXFY0KQ,5.0,true,none
CR-002491,B07R81N4X9,5.0,true,noise
CR-002492,B0B2DX3SNN,3.0,true,noise
CR-002493,B0B2DX3SNN,4.0,true,none
CR-002494,B07R81N4X9,5.0,true,none
CR-002495,B0B2DX3SNN,4.0,true,none
CR-002496,B07R81N4X9,4.0,true,none
CR-002497,B07R81N4X9,5.0,true,none
CR-002498,B07R81N4X9,3.0,true,none
CR-002499,B017199I1Y,5.0,true,none
CR-002500,B07R81N4X9,5.0,true,none
CR-002501,B01GXFY0KQ,4.0,true,none
CR-002502,B07R81N4X9,5.0,true,none
CR-002503,B07C1HTHY6,4.0,true,none
CR-002504,B0057IKJPQ,3.0,true,none
CR-002505,B00A6E9JP2,1.0,true,noise
CR-002506,B017199I1Y,5.0,true,none
CR-002507,B093JYV9RR,5.0,true,noise
CR-002508,B017199I1Y,5.0,true,none
CR-002509,B076J4BK24,1.0,false,none
CR-002510,B01GXFY0KQ,5.0,true,none
CR-002511,B0B2DX3SNN,5.0,true,none
CR-002512,B017199I1Y,1.0,true,none
CR-002513,B07R81N4X9,5.0,true,none
CR-002514,B07R81N4X9,5.0,true,none
CR-002515,B07785QCTP,5.0,true,none
CR-002516,B071X6LDSL,1.0,true,none
CR-002517,B071DXQ1RV,5.0,true,none
CR-002518,B07R81N4X9,4.0,true,none
CR-002519,B07R81N4X9,5.0,true,none
CR-002520,B017199I1Y,5.0,true,none
CR-002521,B0B2DX3SNN,5.0,true,none
CR-002522,B07R81N4X9,5.0,true,none
CR-002523,B0B2DX3SNN,5.0,true,none
CR-002524,B0B2DX3SNN,5.0,true,none
CR-002525,B07R81N4X9,5.0,true,none
CR-002526,B07R81N4X9,5.0,true,none
CR-002527,B07R81N4X9,5.0,true,none
CR-002528,B00A6E9JP2,1.0,false,none
CR-002529,B00X67EJI8,5.0,true,none
CR-002530,B0057IKJPQ,5.0,true,none
CR-002531,B000I0WQWC,4.0,true,none
CR-002532,B07R81N4X9,5.0,true,none
CR-002533,B071X6LDSL,5.0,true,none
CR-002534,B07C1HTHY6,3.0,true,none
CR-002535,B018M98UDE,5.0,true,none
CR-002536,B00X67EJI8,5.0,true,none
CR-002537,B071DXQ1RV,5.0,true,none
CR-002538,B07R81N4X9,5.0,true,none
CR-002539,B07R81N4X9,5.0,true,none
CR-002540,B007Y5B814,1.0,true,customer_service
CR-002541,B07785QCTP,4.0,true,none
CR-002542,B07R81N4X9,5.0,true,none
CR-002543,B0BBV2Z7VG,5.0,true,none
CR-002544,B017G9MFXC,5.0,true,none
CR-002545,B093JYV9RR,5.0,true,none
CR-002546,B017199I1Y,5.0,true,none
CR-002547,B07785QCTP,1.0,true,none
CR-002548,B093JYV9RR,3.0,true,none
CR-002549,B072N13TZ5,1.0,true,none
CR-002550,B0B2DX3SNN,5.0,true,none
CR-002551,B0C2JF5179,5.0,true,none
CR-002552,B0776XKZ1Y,3.0,true,none
CR-002553,B0BBV2Z7VG,5.0,true,none
CR-002554,B07R81N4X9,5.0,true,none
CR-002555,B07R81N4X9,5.0,true,none
CR-002556,B0C2JF5179,5.0,true,none
CR-002557,B071DXQ1RV,5.0,true,none
CR-002558,B07R81N4X9,5.0,true,none
CR-002559,B00A6E9JP2,5.0,true,none
CR-002560,B0776XKZ1Y,3.0,true,none
CR-002561,B0BBV2Z7VG,4.0,true,ozone_odor_safety
CR-002562,B0B2DX3SNN,1.0,true,none
CR-002563,B07R81N4X9,3.0,true,none
CR-002564,B076J4BK24,1.0,true,none
CR-002565,B071S13BTC,1.0,true,none
CR-002566,B076J4BK24,1.0,true,reliability
CR-002567,B07R81N4X9,4.0,true,ozone_odor_safety
CR-002568,B07R81N4X9,1.0,true,none
CR-002569,B000I0WQWC,5.0,true,none
CR-002570,B0B2DX3SNN,5.0,true,none
CR-002571,B0B2DX3SNN,5.0,true,none
CR-002572,B071DXQ1RV,5.0,true,none
CR-002573,B07R81N4X9,5.0,true,none
CR-002574,B07R81N4X9,1.0,true,none
CR-002575,B007Y5B814,2.0,true,none
CR-002576,B07C1HTHY6,4.0,true,none
CR-002577,B0776XKZ1Y,2.0,true,none
CR-002578,B00A6E9JP2,5.0,true,none
CR-002579,B00X67EJI8,1.0,true,none
CR-002580,B00X67EJI8,4.0,true,none
CR-002581,B071DXQ1RV,5.0,true,none
CR-002582,B071HGGN6N,5.0,true,none
CR-002583,B093JYV9RR,5.0,true,none
CR-002584,B00YSVYUW6,5.0,true,none
CR-002585,B0BBV2Z7VG,5.0,true,none
CR-002586,B07R81N4X9,5.0,true,none
CR-002587,B01GXFY0KQ,5.0,true,none
CR-002588,B0B2DX3SNN,5.0,true,none
CR-002589,B0C2JF5179,5.0,true,none
CR-002590,B00X67EJI8,5.0,true,none
CR-002591,B071S13BTC,1.0,true,none
CR-002592,B00EHN19JW,5.0,true,none
CR-002593,B07R81N4X9,4.0,true,none
CR-002594,B0BBV2Z7VG,4.0,true,none
CR-002595,B0B2DX3SNN,1.0,true,none
CR-002596,B07R81N4X9,5.0,true,none
CR-002597,B07V4GC3VC,2.0,true,none
CR-002598,B017199I1Y,5.0,true,none
CR-002599,B076J4BK24,5.0,true,none
CR-002600,B071DXQ1RV,5.0,true,none
CR-002601,B07R81N4X9,5.0,true,none
CR-002602,B07R81N4X9,5.0,true,none
CR-002603,B093JYV9RR,1.0,true,noise
CR-002604,B0C2JF5179,5.0,true,none
CR-002605,B07B8LYNCX,5.0,true,none
CR-002606,B071DXQ1RV,5.0,true,none
CR-002607,B01GXFY0KQ,5.0,true,none
CR-002608,B0C2JF5179,2.0,true,none
CR-002609,B071DXQ1RV,5.0,true,none
CR-002610,B07R81N4X9,5.0,true,none
CR-002611,B0BBV2Z7VG,5.0,true,none
CR-002612,B07B8LYNCX,5.0,true,none
CR-002613,B07R81N4X9,5.0,true,none
CR-002614,B01GXFY0KQ,4.0,true,none
CR-002615,B017199I1Y,1.0,true,reliability
CR-002616,B0C2JF5179,5.0,true,none
CR-002617,B0BBV2Z7VG,5.0,true,noise
CR-002618,B00Z2CJ9QW,5.0,true,none
CR-002619,B0C2JF5179,5.0,true,none
CR-002620,B07B8LYNCX,5.0,true,none
CR-002621,B0BBV2Z7VG,2.0,true,none
CR-002622,B0C2JF5179,5.0,true,none
CR-002623,B0088EKCYY,5.0,true,none
CR-002624,B0BBV2Z7VG,5.0,true,none
CR-002625,B07R81N4X9,5.0,true,none
CR-002626,B000I0WQWC,5.0,true,none
CR-002627,B093JYV9RR,5.0,true,none
CR-002628,B0B2DX3SNN,5.0,true,none
CR-002629,B093JYV9RR,1.0,true,none
CR-002630,B00X67EJI8,5.0,true,none
CR-002631,B0057IKJPQ,5.0,true,none
CR-002632,B0C2JF5179,5.0,true,none
CR-002633,B007Y5B814,5.0,true,none
CR-002634,B0B2DX3SNN,1.0,true,noise
CR-002635,B071S13BTC,2.0,true,none
CR-002636,B07R81N4X9,5.0,true,none
CR-002637,B0C2JF5179,5.0,true,none
CR-002638,B012KUS7UW,2.0,true,none
CR-002639,B0C2JF5179,5.0,true,none
CR-002640,B0776XKZ1Y,3.0,true,none
CR-002641,B0C2JF5179,5.0,true,none
CR-002642,B00O9VVH80,5.0,true,none
CR-002643,B07785QCTP,5.0,true,none
CR-002644,B017199I1Y,3.0,true,none
CR-002645,B0C2JF5179,5.0,true,reliability
CR-002646,B0BBV2Z7VG,5.0,true,none
CR-002647,B01GXFY0KQ,5.0,true,noise
CR-002648,B007Y5B814,5.0,true,none
CR-002649,B017199I1Y,1.0,true,none
CR-002650,B07R81N4X9,5.0,true,none
CR-002651,B00BVF0NK0,5.0,true,none
CR-002652,B071DXQ1RV,5.0,true,none
CR-002653,B0C2JF5179,5.0,true,none
CR-002654,B07R81N4X9,5.0,true,none
CR-002655,B076J4BK24,1.0,true,none
CR-002656,B071DXQ1RV,5.0,true,none
CR-002657,B071HMNTPM,5.0,true,none
CR-002658,B07BTNJRS6,5.0,true,none
CR-002659,B07R81N4X9,5.0,true,none
CR-002660,B076J4BK24,5.0,true,none
CR-002661,B07R81N4X9,5.0,true,none
CR-002662,B07B8LYNCX,5.0,true,none
CR-002663,B0BBV2Z7VG,5.0,true,none
CR-002664,B0BBV2Z7VG,5.0,true,none
CR-002665,B00X67EJI8,3.0,true,none
CR-002666,B071HMNTPM,5.0,true,none
CR-002667,B07R81N4X9,5.0,true,none
CR-002668,B07DK5NSY1,5.0,true,none
CR-002669,B07R81N4X9,5.0,true,none
CR-002670,B07R81N4X9,1.0,true,none
CR-002671,B00X67EJI8,5.0,true,none
CR-002672,B00WTJEPHY,5.0,true,none
CR-002673,B07R81N4X9,4.0,true,none
CR-002674,B07B8LYNCX,5.0,true,none
CR-002675,B07R81N4X9,5.0,false,ozone_odor_safety
CR-002676,B07R81N4X9,5.0,true,none
CR-002677,B01BPQPW1E,5.0,true,none
CR-002678,B07R81N4X9,5.0,true,none
CR-002679,B071DXQ1RV,3.0,true,none
CR-002680,B07R81N4X9,5.0,true,noise
CR-002681,B0B2DX3SNN,2.0,true,noise
CR-002682,B000HECMEG,5.0,true,none
CR-002683,B07R81N4X9,5.0,true,none
CR-002684,B07R81N4X9,5.0,true,none
CR-002685,B0C2JF5179,5.0,true,none
CR-002686,B071DXQ1RV,4.0,true,none
CR-002687,B093JYV9RR,5.0,true,none
CR-002688,B07R81N4X9,5.0,true,none
CR-002689,B093JYV9RR,5.0,true,none
CR-002690,B000I0WQWC,3.0,true,none
CR-002691,B0776XKZ1Y,5.0,true,none
CR-002692,B0C2JF5179,5.0,true,none
CR-002693,B01GXFY0KQ,4.0,true,reliability
CR-002694,B01GXFY0KQ,4.0,true,none
CR-002695,B071S13BTC,3.0,true,none
CR-002696,B07R81N4X9,5.0,true,none
CR-002697,B07R81N4X9,5.0,true,none
CR-002698,B0B2DX3SNN,5.0,true,none
CR-002699,B0776XKZ1Y,5.0,true,none
CR-002700,B0C73KH2HD,5.0,true,none
CR-002701,B0776XKZ1Y,5.0,true,none
CR-002702,B07R81N4X9,4.0,true,none
CR-002703,B0BBV2Z7VG,5.0,true,none
CR-002704,B07R81N4X9,5.0,true,none
CR-002705,B0776XKZ1Y,5.0,true,none
CR-002706,B00X67EJI8,1.0,true,none
CR-002707,B07R81N4X9,3.0,true,none
CR-002708,B07R81N4X9,5.0,true,none
CR-002709,B07R81N4X9,5.0,true,none
CR-002710,B071DXQ1RV,1.0,true,none
CR-002711,B0C2JF5179,5.0,true,none
CR-002712,B071DXQ1RV,5.0,true,none
CR-002713,B00Z2CJ9QW,5.0,true,none
CR-002714,B071HMNTPM,5.0,true,none
CR-002715,B07R81N4X9,5.0,true,none
CR-002716,B0C2JF5179,5.0,true,none
CR-002717,B071DXQ1RV,5.0,true,none
CR-002718,B071DXQ1RV,2.0,true,none
CR-002719,B0BBV2Z7VG,5.0,true,none
CR-002720,B0BBV2Z7VG,5.0,true,none
CR-002721,B0776XKZ1Y,5.0,true,none
CR-002722,B0C2JF5179,5.0,true,none
CR-002723,B0776XKZ1Y,5.0,true,none
CR-002724,B0776XKZ1Y,3.0,true,none
CR-002725,B0C2JF5179,5.0,true,none
CR-002726,B0C2JF5179,5.0,true,none
CR-002727,B07R81N4X9,5.0,true,none
CR-002728,B0C2JF5179,5.0,true,none
CR-002729,B07G8WK2TW,5.0,true,none
CR-002730,B071DXQ1RV,2.0,true,none
CR-002731,B01GXFY0KQ,5.0,true,none
CR-002732,B093JYV9RR,4.0,true,none
CR-002733,B071DXQ1RV,5.0,true,none
CR-002734,B07R81N4X9,3.0,true,none
CR-002735,B0BBV2Z7VG,5.0,true,none
CR-002736,B0C2JF5179,5.0,true,none
CR-002737,B07C1HTHY6,4.0,true,none
CR-002738,B0BBV2Z7VG,5.0,true,none
CR-002739,B071DXQ1RV,5.0,true,none
CR-002740,B07B8LYNCX,5.0,true,none
CR-002741,B0C2JF5179,5.0,true,none
CR-002742,B07785QCTP,5.0,true,none
CR-002743,B0776XKZ1Y,4.0,true,none
CR-002744,B071DXQ1RV,4.0,true,none
CR-002745,B07R81N4X9,5.0,true,none
CR-002746,B0C2JF5179,5.0,true,none
CR-002747,B07R81N4X9,5.0,true,none
CR-002748,B07R81N4X9,5.0,true,none
CR-002749,B0C2JF5179,5.0,true,none
CR-002750,B071HMNTPM,5.0,true,none
CR-002751,B093JYV9RR,5.0,true,none
CR-002752,B07R81N4X9,5.0,true,none
CR-002753,B0C2JF5179,5.0,true,none
CR-002754,B071HMNTPM,5.0,true,none
CR-002755,B071S13BTC,1.0,true,none
CR-002756,B07R81N4X9,4.0,true,none
CR-002757,B01BHXWX30,3.0,true,none
CR-002758,B0C2JF5179,5.0,true,none
CR-002759,B07R81N4X9,4.0,true,none
CR-002760,B0BBV2Z7VG,5.0,true,noise
CR-002761,B0C2JF5179,5.0,true,none
CR-002762,B07DK5NSY1,5.0,true,none
CR-002763,B07R81N4X9,5.0,true,none
CR-002764,B0C2JF5179,2.0,true,none
CR-002765,B0776XKZ1Y,4.0,true,none
CR-002766,B07R81N4X9,5.0,true,none
CR-002767,B0B2DX3SNN,5.0,true,none
CR-002768,B076J4BK24,5.0,true,none
CR-002769,B07R81N4X9,5.0,true,none
CR-002770,B071S13BTC,5.0,true,none
CR-002771,B07785QCTP,5.0,true,none
CR-002772,B07R81N4X9,5.0,true,none
CR-002773,B0006FLJWW,4.0,true,none
CR-002774,B07R81N4X9,4.0,true,none
CR-002775,B07DK5NSY1,1.0,true,noise
CR-002776,B07R81N4X9,5.0,true,none
CR-002777,B0C2JF5179,5.0,true,none
CR-002778,B0C2JF5179,5.0,true,none
CR-002779,B0BBV2Z7VG,5.0,true,none
CR-002780,B07R81N4X9,5.0,true,none
CR-002781,B093JYV9RR,2.0,true,none
CR-002782,B0C2JF5179,5.0,true,none
CR-002783,B07D8PFRKX,5.0,true,none
CR-002784,B0C2JF5179,5.0,true,none
CR-002785,B0C2JF5179,5.0,true,none
CR-002786,B07R81N4X9,2.0,true,none
CR-002787,B017199I1Y,4.0,true,none
CR-002788,B07R81N4X9,5.0,true,none
CR-002789,B07R81N4X9,5.0,true,none
CR-002790,B0C2JF5179,5.0,true,none
CR-002791,B0C2JF5179,4.0,true,none
CR-002792,B0C2JF5179,5.0,true,none
CR-002793,B071DXQ1RV,5.0,true,none
CR-002794,B0BBV2Z7VG,5.0,true,none
CR-002795,B0BBV2Z7VG,5.0,true,none
CR-002796,B071HMNTPM,5.0,true,none
CR-002797,B0BBV2Z7VG,5.0,true,none
CR-002798,B071DXQ1RV,5.0,true,none
CR-002799,B07R81N4X9,4.0,true,none
CR-002800,B07785QCTP,5.0,true,none
CR-002801,B07R81N4X9,5.0,true,none
CR-002802,B0006FLJWW,5.0,true,none
CR-002803,B00X67EJI8,5.0,true,none
CR-002804,B0C2JF5179,5.0,true,none
CR-002805,B07R81N4X9,5.0,true,none
CR-002806,B07R81N4X9,3.0,true,none
CR-002807,B08QKRJJS1,5.0,true,none
CR-002808,B07R81N4X9,5.0,true,none
CR-002809,B08QKRJJS1,5.0,true,none
CR-002810,B07C1HTHY6,3.0,true,none
CR-002811,B0BBV2Z7VG,5.0,true,noise
CR-002812,B0C2JF5179,5.0,true,none
CR-002813,B07R81N4X9,5.0,true,none
CR-002814,B07B8LYNCX,1.0,true,none
CR-002815,B0057IKJPQ,5.0,true,none
CR-002816,B07R81N4X9,5.0,true,none
CR-002817,B093JYV9RR,5.0,true,none
CR-002818,B07R81N4X9,5.0,true,none
CR-002819,B07DK5NSY1,2.0,true,noise
CR-002820,B08QKRJJS1,5.0,true,noise
CR-002821,B07C1HTHY6,3.0,true,none
CR-002822,B071DXQ1RV,1.0,true,reliability
CR-002823,B076J4BK24,2.0,true,none
CR-002824,B07R81N4X9,5.0,true,none
CR-002825,B07R81N4X9,5.0,true,none
CR-002826,B07R81N4X9,5.0,true,none
CR-002827,B01GXFY0KQ,5.0,true,none
CR-002828,B07R81N4X9,3.0,true,none
CR-002829,B0776XKZ1Y,5.0,true,none
CR-002830,B07DK5NSY1,5.0,true,none
CR-002831,B07DK5NSY1,4.0,true,none
CR-002832,B0BBV2Z7VG,5.0,true,none
CR-002833,B07R81N4X9,5.0,true,none
CR-002834,B00L5KSV8M,5.0,true,none
CR-002835,B01GXFY0KQ,5.0,true,none
CR-002836,B0C2JF5179,5.0,true,none
CR-002837,B07DK5NSY1,5.0,true,none
CR-002838,B07R81N4X9,5.0,true,none
CR-002839,B08QKRJJS1,1.0,true,none
CR-002840,B071DXQ1RV,4.0,true,none
CR-002841,B07R81N4X9,5.0,true,none
CR-002842,B07R81N4X9,5.0,true,none
CR-002843,B00WTJEPHY,5.0,true,none
CR-002844,B07R81N4X9,5.0,true,none
CR-002845,B071HMNTPM,1.0,true,none
CR-002846,B0BBV2Z7VG,5.0,true,noise
CR-002847,B0057IKJPQ,5.0,true,none
CR-002848,B07R81N4X9,5.0,true,none
CR-002849,B0C2JF5179,5.0,true,none
CR-002850,B07R81N4X9,5.0,true,none
CR-002851,B017199I1Y,5.0,true,none
CR-002852,B0C2JF5179,5.0,true,none
CR-002853,B07R81N4X9,5.0,true,none
CR-002854,B0C2JF5179,5.0,true,none
CR-002855,B0B2DX3SNN,5.0,true,none
CR-002856,B01GXFY0KQ,5.0,true,none
CR-002857,B0C2JF5179,2.0,true,none
CR-002858,B07R81N4X9,5.0,true,none
CR-002859,B08QKRJJS1,5.0,true,none
CR-002860,B0BBV2Z7VG,1.0,true,none
CR-002861,B0B2DX3SNN,4.0,true,none
CR-002862,B08QKRJJS1,5.0,true,none
CR-002863,B093JYV9RR,5.0,true,none
CR-002864,B07R81N4X9,5.0,true,none
CR-002865,B0776XKZ1Y,2.0,true,none
CR-002866,B0B2DX3SNN,5.0,true,none
CR-002867,B093JYV9RR,4.0,true,none
CR-002868,B0C2JF5179,1.0,false,none
CR-002869,B0C2JF5179,3.0,true,none
CR-002870,B07R81N4X9,5.0,true,none
CR-002871,B07R81N4X9,5.0,true,none
CR-002872,B07R81N4X9,5.0,true,none
CR-002873,B0C2JF5179,5.0,true,none
CR-002874,B08QKRJJS1,5.0,true,none
CR-002875,B0C2JF5179,5.0,true,none
CR-002876,B099GYT47Z,5.0,true,none
CR-002877,B07DK5NSY1,2.0,true,none
CR-002878,B08QKRJJS1,4.0,true,none
CR-002879,B08QKRJJS1,5.0,true,none
CR-002880,B071DXQ1RV,5.0,false,none
CR-002881,B0114VK7DI,5.0,true,none
CR-002882,B076J4BK24,1.0,true,reliability
CR-002883,B071DXQ1RV,2.0,true,reliability
CR-002884,B0C2JF5179,3.0,true,none
CR-002885,B07R81N4X9,3.0,true,none
CR-002886,B0C2JF5179,5.0,true,none
CR-002887,B007Y5B814,1.0,true,none
CR-002888,B08QKRJJS1,5.0,true,none
CR-002889,B0B2DX3SNN,1.0,true,filter_cost
CR-002890,B0C2JF5179,5.0,true,none
CR-002891,B0BBV2Z7VG,5.0,true,noise
CR-002892,B0BBV2Z7VG,5.0,true,none
CR-002893,B0C2JF5179,5.0,true,none
CR-002894,B07R81N4X9,5.0,true,none
CR-002895,B08QKRJJS1,4.0,true,none
CR-002896,B0776XKZ1Y,5.0,true,none
CR-002897,B07R81N4X9,5.0,true,noise
CR-002898,B07R81N4X9,5.0,true,none
CR-002899,B0C2JF5179,5.0,true,none
CR-002900,B0C2JF5179,5.0,true,none
CR-002901,B017199I1Y,5.0,true,none
CR-002902,B01GXFY0KQ,5.0,true,none
CR-002903,B0C2JF5179,5.0,true,none
CR-002904,B0C2JF5179,5.0,true,none
CR-002905,B07R81N4X9,5.0,true,none
CR-002906,B0B2DX3SNN,5.0,true,none
CR-002907,B0C2JF5179,5.0,false,none
CR-002908,B0088EKCYY,5.0,true,none
CR-002909,B07B8LYNCX,5.0,true,none
CR-002910,B07B8LYNCX,3.0,true,none
CR-002911,B0C2JF5179,5.0,true,none
CR-002912,B0BBV2Z7VG,5.0,true,none
CR-002913,B07DK5NSY1,5.0,true,none
CR-002914,B07R81N4X9,5.0,true,none
CR-002915,B07R81N4X9,5.0,true,none
CR-002916,B093JYV9RR,5.0,true,none
CR-002917,B0C2JF5179,5.0,true,none
CR-002918,B0C2JF5179,5.0,true,none
CR-002919,B07HQ73JNL,5.0,true,none
CR-002920,B07R81N4X9,5.0,true,none
CR-002921,B0C2JF5179,5.0,true,none
CR-002922,B006VA94E6,1.0,true,none
CR-002923,B00WTJEPHY,4.0,true,none
CR-002924,B0C2JF5179,5.0,true,none
CR-002925,B07BHCFYKR,5.0,true,none
CR-002926,B01GXFY0KQ,5.0,true,none
CR-002927,B07R81N4X9,5.0,true,none
CR-002928,B0C2JF5179,5.0,true,none
CR-002929,B018M98UDE,5.0,true,none
CR-002930,B07R81N4X9,5.0,true,none
CR-002931,B0C2JF5179,5.0,true,none
CR-002932,B07R81N4X9,5.0,true,none
CR-002933,B0776XKZ1Y,5.0,true,none
CR-002934,B0C2JF5179,5.0,true,none
CR-002935,B07D8PFRKX,3.0,true,none
CR-002936,B07R81N4X9,5.0,true,none
CR-002937,B0BBV2Z7VG,5.0,true,none
CR-002938,B017G9MFXC,3.0,true,none
CR-002939,B0B2DX3SNN,2.0,true,none
CR-002940,B0C2JF5179,4.0,true,none
CR-002941,B0C2JF5179,5.0,true,none
CR-002942,B071DXQ1RV,5.0,true,none
CR-002943,B0C2JF5179,5.0,true,none
CR-002944,B0C2JF5179,5.0,true,none
CR-002945,B071DXQ1RV,5.0,true,none
CR-002946,B0C2JF5179,5.0,true,none
CR-002947,B00WTJEPHY,5.0,true,none
CR-002948,B07R81N4X9,5.0,true,none
CR-002949,B07R81N4X9,5.0,true,none
CR-002950,B01GXFY0KQ,5.0,true,none
CR-002951,B07G8WK2TW,5.0,true,none
CR-002952,B071DXQ1RV,5.0,true,none
CR-002953,B0C2JF5179,5.0,true,none
CR-002954,B0088EKCYY,5.0,true,none
CR-002955,B07R81N4X9,4.0,true,none
CR-002956,B0BBV2Z7VG,5.0,true,noise
CR-002957,B007Y5B814,1.0,true,reliability
CR-002958,B07R81N4X9,5.0,true,none
CR-002959,B076J4BK24,3.0,true,none
CR-002960,B07R81N4X9,4.0,true,none
CR-002961,B07R81N4X9,5.0,true,none
CR-002962,B093JYV9RR,1.0,true,none
CR-002963,B01GXFY0KQ,5.0,true,none
CR-002964,B07R81N4X9,5.0,true,none
CR-002965,B07DK5NSY1,5.0,true,none
CR-002966,B00X67EJI8,5.0,true,none
CR-002967,B07R81N4X9,5.0,true,none
CR-002968,B017G9MFXC,5.0,true,none
CR-002969,B07R81N4X9,5.0,true,none
CR-002970,B07785QCTP,5.0,true,none
CR-002971,B07R81N4X9,1.0,true,none
CR-002972,B0BBV2Z7VG,5.0,true,none
CR-002973,B076J4BK24,3.0,true,none
CR-002974,B093JYV9RR,1.0,true,none
CR-002975,B0C2JF5179,5.0,true,none
CR-002976,B07R81N4X9,5.0,true,none
CR-002977,B093JYV9RR,1.0,true,ozone_odor_safety
CR-002978,B00X67EJI8,5.0,true,none
CR-002979,B0C2JF5179,5.0,true,none
CR-002980,B07R81N4X9,5.0,true,none
CR-002981,B07R81N4X9,5.0,true,none
CR-002982,B093JYV9RR,2.0,true,none
CR-002983,B0BBV2Z7VG,5.0,true,none
CR-002984,B07785QCTP,5.0,true,noise
CR-002985,B07B8LYNCX,4.0,true,none
CR-002986,B0C2JF5179,4.0,true,none
CR-002987,B07DK5NSY1,5.0,true,none
CR-002988,B071HMNTPM,3.0,true,none
CR-002989,B0BBV2Z7VG,5.0,true,none
CR-002990,B07KXBX32V,5.0,true,none
CR-002991,B0C2JF5179,5.0,true,none
CR-002992,B07R81N4X9,5.0,true,none
CR-002993,B08QKRJJS1,5.0,true,none
CR-002994,B0C2JF5179,5.0,true,none
CR-002995,B0C2JF5179,5.0,true,none
CR-002996,B07HQ73JNL,5.0,true,none
CR-002997,B0C2JF5179,5.0,true,none
CR-002998,B07R81N4X9,4.0,true,none
CR-002999,B0C2JF5179,5.0,true,none
CR-003000,B07785QCTP,3.0,true,none
CR-003001,B0BBV2Z7VG,1.0,true,noise
CR-003002,B08QKRJJS1,5.0,true,none
CR-003003,B0C2JF5179,5.0,true,none
CR-003004,B0C2JF5179,5.0,true,none
CR-003005,B072KHQD1N,1.0,true,none
CR-003006,B071DXQ1RV,5.0,true,none
CR-003007,B0C2JF5179,5.0,true,none
CR-003008,B0C2JF5179,5.0,true,none
CR-003009,B0C2JF5179,5.0,true,noise
CR-003010,B0C2JF5179,4.0,true,none
CR-003011,B093JYV9RR,5.0,true,none
CR-003012,B0C2JF5179,5.0,true,none
CR-003013,B07B8LYNCX,5.0,true,noise
CR-003014,B0776XKZ1Y,5.0,true,none
CR-003015,B00O9VVH80,2.0,true,reliability
CR-003016,B072N13TZ5,5.0,true,none
CR-003017,B07R81N4X9,4.0,true,none
CR-003018,B0C2JF5179,5.0,true,none
CR-003019,B0C2JF5179,5.0,true,none
CR-003020,B07R81N4X9,5.0,true,none
CR-003021,B0C2JF5179,5.0,true,none
CR-003022,B0C2JF5179,5.0,true,none
CR-003023,B07DK5NSY1,5.0,true,none
CR-003024,B0C2JF5179,5.0,true,none
CR-003025,B07R81N4X9,4.0,true,none
CR-003026,B0BBV2Z7VG,4.0,true,none
CR-003027,B07R81N4X9,5.0,true,none
CR-003028,B0C2JF5179,5.0,true,none
CR-003029,B0C2JF5179,5.0,true,none
CR-003030,B07DK5NSY1,4.0,true,none
CR-003031,B0C2JF5179,5.0,true,none
CR-003032,B0BBV2Z7VG,5.0,true,none
CR-003033,B0C2JF5179,5.0,true,none
CR-003034,B071DXQ1RV,2.0,true,none
CR-003035,B07R81N4X9,5.0,true,none
CR-003036,B093JYV9RR,4.0,true,none
CR-003037,B093JYV9RR,5.0,true,noise
CR-003038,B0C2JF5179,4.0,true,none
CR-003039,B0C2JF5179,1.0,false,none
CR-003040,B0C2JF5179,5.0,true,none
CR-003041,B07785QCTP,5.0,true,none
CR-003042,B0C2JF5179,5.0,true,none
CR-003043,B01GXFY0KQ,5.0,true,none
CR-003044,B07DK5NSY1,5.0,true,none
CR-003045,B07R81N4X9,5.0,true,none
CR-003046,B071HMNTPM,4.0,true,none
CR-003047,B0C2JF5179,5.0,true,none
CR-003048,B07DK5NSY1,5.0,true,none
CR-003049,B0C2JF5179,5.0,true,none
CR-003050,B07785QCTP,5.0,true,none
CR-003051,B071DXQ1RV,5.0,true,none
CR-003052,B0C2JF5179,5.0,true,none
CR-003053,B07R81N4X9,1.0,true,none
CR-003054,B0C2JF5179,5.0,true,none
CR-003055,B00009ETVW,5.0,true,none
CR-003056,B0C2JF5179,5.0,true,none
CR-003057,B0C2JF5179,5.0,true,none
CR-003058,B07HQ73JNL,4.0,true,none
CR-003059,B0C2JF5179,5.0,true,none
CR-003060,B07R81N4X9,5.0,true,none
CR-003061,B07G8WK2TW,4.0,true,none
CR-003062,B07R81N4X9,5.0,true,none
CR-003063,B07HQ73JNL,5.0,true,none
CR-003064,B07KXBX32V,1.0,true,reliability
CR-003065,B07KXBX32V,2.0,true,none
CR-003066,B0C2JF5179,5.0,true,none
CR-003067,B07DK5NSY1,5.0,true,none
CR-003068,B07HQ73JNL,5.0,true,none
CR-003069,B0C2JF5179,5.0,true,none
CR-003070,B07R81N4X9,1.0,true,none
CR-003071,B000I0WQWC,4.0,true,none
CR-003072,B07R81N4X9,5.0,true,none
CR-003073,B07R81N4X9,5.0,true,none
CR-003074,B0C2JF5179,5.0,true,none
CR-003075,B07R81N4X9,5.0,true,none
CR-003076,B0C2JF5179,5.0,true,none
CR-003077,B093JYV9RR,5.0,false,noise
CR-003078,B07785QCTP,5.0,true,none
CR-003079,B071HMNTPM,5.0,true,none
CR-003080,B0C2JF5179,4.0,true,none
CR-003081,B01GXFY0KQ,5.0,true,none
CR-003082,B0C2JF5179,5.0,true,none
CR-003083,B076J4BK24,5.0,true,none
CR-003084,B07R81N4X9,5.0,true,none
CR-003085,B07R81N4X9,5.0,true,none
CR-003086,B07DK5NSY1,3.0,true,none
CR-003087,B072KHQD1N,5.0,true,none
CR-003088,B07R81N4X9,5.0,true,none
CR-003089,B076J4BK24,5.0,true,none
CR-003090,B071HMNTPM,5.0,true,none
CR-003091,B0C2JF5179,5.0,true,none
CR-003092,B07KXBX32V,5.0,true,none
CR-003093,B0C2JF5179,5.0,true,none
CR-003094,B07R81N4X9,5.0,true,noise
CR-003095,B07DK5NSY1,4.0,true,none
CR-003096,B07DK5NSY1,5.0,true,none
CR-003097,B07G8WK2TW,5.0,true,none
CR-003098,B07R81N4X9,5.0,true,none
CR-003099,B093JYV9RR,5.0,true,none
CR-003100,B0C2JF5179,4.0,true,none
CR-003101,B0C2JF5179,3.0,true,none
CR-003102,B071HMNTPM,4.0,true,none
CR-003103,B07R81N4X9,5.0,true,value_effectiveness
CR-003104,B0776XKZ1Y,5.0,true,none
CR-003105,B093JYV9RR,5.0,true,none
CR-003106,B093JYV9RR,5.0,true,noise
CR-003107,B07DK5NSY1,4.0,true,none
CR-003108,B07R81N4X9,5.0,true,none
CR-003109,B0C2JF5179,5.0,true,noise
CR-003110,B07KXBX32V,5.0,true,none
CR-003111,B0C2JF5179,5.0,true,none
CR-003112,B0C2JF5179,5.0,true,none
CR-003113,B093JYV9RR,5.0,true,none
CR-003114,B07R81N4X9,5.0,true,none
CR-003115,B0BBV2Z7VG,5.0,true,none
CR-003116,B071HMNTPM,5.0,true,none
CR-003117,B0C2JF5179,5.0,true,none
CR-003118,B07R81N4X9,2.0,true,none
CR-003119,B0C2JF5179,5.0,true,none
CR-003120,B0C2JF5179,5.0,true,none
CR-003121,B0C2JF5179,5.0,true,none
CR-003122,B071DXQ1RV,1.0,false,none
CR-003123,B0C2JF5179,5.0,true,none
CR-003124,B0C2JF5179,5.0,true,none
CR-003125,B0C2JF5179,5.0,true,none
CR-003126,B07HQ73JNL,5.0,true,none
CR-003127,B0C2JF5179,5.0,true,none
CR-003128,B072N13TZ5,5.0,true,none
CR-003129,B093JYV9RR,2.0,true,none
CR-003130,B0C2JF5179,5.0,true,none
CR-003131,B007Y5B814,5.0,true,none
CR-003132,B0C2JF5179,5.0,true,none
CR-003133,B099GYT47Z,4.0,true,noise
CR-003134,B01GXFY0KQ,5.0,true,none
CR-003135,B0C2JF5179,1.0,false,none
CR-003136,B093JYV9RR,5.0,true,none
CR-003137,B0BZPPXM8D,5.0,true,none
CR-003138,B093JYV9RR,5.0,true,none
CR-003139,B01GXFY0KQ,4.0,true,none
CR-003140,B07G8WK2TW,1.0,true,none
CR-003141,B07B8LYNCX,5.0,true,none
CR-003142,B0C2JF5179,5.0,true,none
CR-003143,B01GXFY0KQ,5.0,true,none
CR-003144,B0C2JF5179,5.0,true,none
CR-003145,B0C2JF5179,5.0,true,none
CR-003146,B07F6Q118Z,1.0,true,ozone_odor_safety
CR-003147,B0C2JF5179,5.0,true,none
CR-003148,B07R81N4X9,5.0,true,none
CR-003149,B0C2JF5179,1.0,true,ozone_odor_safety
CR-003150,B0C2JF5179,4.0,true,none
CR-003151,B0088EKCYY,5.0,true,none
CR-003152,B07P8L2F8B,4.0,true,none
CR-003153,B07R81N4X9,4.0,true,none
CR-003154,B0C2JF5179,4.0,true,none
CR-003155,B07R81N4X9,5.0,true,none
CR-003156,B07HQ73JNL,5.0,true,none
CR-003157,B071DXQ1RV,1.0,true,none
CR-003158,B0C2JF5179,4.0,true,none
CR-003159,B0C2JF5179,5.0,true,none
CR-003160,B07HQ73JNL,4.0,true,none
CR-003161,B07DK5NSY1,5.0,true,none
CR-003162,B0C2JF5179,2.0,true,noise
CR-003163,B0C2JF5179,5.0,true,none
CR-003164,B08QKRJJS1,5.0,true,none
CR-003165,B0C2JF5179,1.0,true,none
CR-003166,B0C2JF5179,4.0,true,none
CR-003167,B0C2JF5179,5.0,true,none
CR-003168,B0C2JF5179,5.0,true,none
CR-003169,B0C2JF5179,5.0,true,none
CR-003170,B071HMNTPM,1.0,false,none
CR-003171,B0C2JF5179,1.0,true,none
CR-003172,B07R81N4X9,5.0,true,none
CR-003173,B071DXQ1RV,5.0,true,none
CR-003174,B099GYT47Z,5.0,true,none
CR-003175,B01GXFY0KQ,5.0,true,none
CR-003176,B0C2JF5179,5.0,true,none
CR-003177,B07DK5NSY1,4.0,true,none
CR-003178,B0C2JF5179,4.0,true,none
CR-003179,B0BBV2Z7VG,5.0,true,none
CR-003180,B0C2JF5179,5.0,true,none
CR-003181,B07R81N4X9,5.0,false,noise
CR-003182,B071DXQ1RV,1.0,true,none
CR-003183,B07G8WK2TW,1.0,true,none
CR-003184,B0C2JF5179,5.0,true,none
CR-003185,B07P8L2F8B,4.0,true,reliability
CR-003186,B0C2JF5179,5.0,true,none
CR-003187,B0C2JF5179,5.0,true,none
CR-003188,B0C2JF5179,5.0,true,none
CR-003189,B0C2JF5179,5.0,true,none
CR-003190,B0C2JF5179,5.0,true,none
CR-003191,B071DXQ1RV,5.0,true,none
CR-003192,B0C2JF5179,5.0,true,none
CR-003193,B0C2JF5179,5.0,true,none
CR-003194,B0C2JF5179,5.0,true,none
CR-003195,B0C2JF5179,1.0,true,value_effectiveness
CR-003196,B0BZPPXM8D,5.0,true,none
CR-003197,B007C8FJBS,5.0,true,none
CR-003198,B0C2JF5179,5.0,true,none
CR-003199,B0C2JF5179,4.0,true,none
CR-003200,B0C2JF5179,5.0,true,none
CR-003201,B07DK5NSY1,5.0,true,none
CR-003202,B01GXFY0KQ,5.0,true,none
CR-003203,B0C2JF5179,5.0,true,none
CR-003204,B0C2JF5179,5.0,true,none
CR-003205,B0C2JF5179,5.0,true,none
CR-003206,B07R81N4X9,5.0,true,none
CR-003207,B07B8LYNCX,4.0,true,none
CR-003208,B0C2JF5179,5.0,true,none
CR-003209,B0C2JF5179,5.0,true,none
CR-003210,B0C2JF5179,5.0,true,none
CR-003211,B07R81N4X9,5.0,true,none
CR-003212,B07R81N4X9,5.0,true,none
CR-003213,B071HMNTPM,3.0,true,none
CR-003214,B07G8WK2TW,5.0,true,none
CR-003215,B0C2JF5179,5.0,false,none
CR-003216,B07R81N4X9,5.0,true,none
CR-003217,B0C2JF5179,5.0,true,none
CR-003218,B07KXBX32V,5.0,true,none
CR-003219,B071HMNTPM,5.0,true,none
CR-003220,B07DK5NSY1,2.0,true,none
CR-003221,B0C2JF5179,5.0,true,none
CR-003222,B07DK5NSY1,1.0,true,value_effectiveness
CR-003223,B0C2JF5179,5.0,true,none
CR-003224,B07DK5NSY1,5.0,true,none
CR-003225,B07R81N4X9,5.0,true,none
CR-003226,B07G8WK2TW,5.0,true,ozone_odor_safety
CR-003227,B0C2JF5179,5.0,true,none
CR-003228,B07R81N4X9,5.0,true,none
CR-003229,B071HMNTPM,5.0,true,none
CR-003230,B0C2JF5179,5.0,true,none
CR-003231,B071HMNTPM,5.0,true,none
CR-003232,B07DK5NSY1,5.0,true,none
CR-003233,B07KXBX32V,5.0,false,none
CR-003234,B0C2JF5179,4.0,true,none
CR-003235,B093JYV9RR,5.0,true,none
CR-003236,B093JYV9RR,5.0,true,none
CR-003237,B0C2JF5179,5.0,true,none
CR-003238,B0C2JF5179,5.0,true,none
CR-003239,B0C2JF5179,5.0,true,none
CR-003240,B0C2JF5179,5.0,true,none
CR-003241,B01GXFY0KQ,5.0,true,none
CR-003242,B07DK5NSY1,1.0,false,none
CR-003243,B0BZPPXM8D,3.0,true,none
CR-003244,B0C2JF5179,1.0,true,reliability
CR-003245,B0C2JF5179,5.0,true,none
CR-003246,B07DK5NSY1,1.0,true,noise
CR-003247,B0C2JF5179,5.0,true,none
CR-003248,B0C2JF5179,5.0,true,none
CR-003249,B07G8WK2TW,5.0,true,none
CR-003250,B07R81N4X9,4.0,true,none
CR-003251,B07R81N4X9,5.0,true,none
CR-003252,B00X67EJI8,3.0,true,none
CR-003253,B07DK5NSY1,5.0,false,none
CR-003254,B0C2JF5179,1.0,true,value_effectiveness
CR-003255,B0B2DX3SNN,5.0,true,none
CR-003256,B0BBV2Z7VG,5.0,true,none
CR-003257,B0C2JF5179,5.0,true,none
CR-003258,B07R81N4X9,5.0,true,none
CR-003259,B0BZPPXM8D,4.0,true,none
CR-003260,B0C2JF5179,2.0,true,none
CR-003261,B0C2JF5179,5.0,true,none
CR-003262,B009CAUR6G,5.0,true,noise
CR-003263,B093JYV9RR,5.0,true,none
CR-003264,B0C2JF5179,5.0,true,none
CR-003265,B07R81N4X9,5.0,true,none
CR-003266,B07R81N4X9,5.0,true,none
CR-003267,B0C2JF5179,5.0,true,none
CR-003268,B07R81N4X9,5.0,true,none
CR-003269,B0C2JF5179,5.0,true,none
CR-003270,B07DK5NSY1,5.0,true,none
CR-003271,B07R81N4X9,5.0,true,none
CR-003272,B07R81N4X9,5.0,true,none
CR-003273,B0C2JF5179,5.0,true,none
CR-003274,B0C2JF5179,4.0,true,none
CR-003275,B07R81N4X9,1.0,true,none
CR-003276,B07R81N4X9,4.0,true,none
CR-003277,B07R81N4X9,5.0,true,none
CR-003278,B0C2JF5179,5.0,true,none
CR-003279,B0BZPPXM8D,5.0,true,none
CR-003280,B0C2JF5179,5.0,true,none
CR-003281,B07KXBX32V,1.0,true,none
CR-003282,B071HMNTPM,1.0,true,none
CR-003283,B0BBV2Z7VG,5.0,true,none
CR-003284,B0C2JF5179,5.0,true,none
CR-003285,B0C2JF5179,2.0,true,none
CR-003286,B0C2JF5179,5.0,true,none
CR-003287,B0BZPPXM8D,5.0,true,none
CR-003288,B0C2JF5179,5.0,true,none
CR-003289,B07G8WK2TW,1.0,true,none
CR-003290,B0BZPPXM8D,5.0,true,none
CR-003291,B0C2JF5179,5.0,true,none
CR-003292,B093JYV9RR,1.0,true,none
CR-003293,B0C2JF5179,5.0,true,none
CR-003294,B07R81N4X9,4.0,true,none
CR-003295,B07R81N4X9,5.0,true,noise
CR-003296,B0C2JF5179,5.0,true,none
CR-003297,B0C2JF5179,1.0,true,none
CR-003298,B0C2JF5179,5.0,true,none
CR-003299,B00X67EJI8,5.0,true,none
CR-003300,B0C2JF5179,5.0,true,none
CR-003301,B0C2JF5179,2.0,true,none
CR-003302,B0776XKZ1Y,1.0,true,none
CR-003303,B071HMNTPM,5.0,true,none
CR-003304,B0C2JF5179,5.0,true,none
CR-003305,B0BZPPXM8D,5.0,true,none
CR-003306,B00O9VVH80,1.0,true,none
CR-003307,B0C2JF5179,5.0,true,none
CR-003308,B0BZPPXM8D,5.0,true,none
CR-003309,B0C2JF5179,5.0,true,none
CR-003310,B0C2JF5179,5.0,true,none
CR-003311,B07DK5NSY1,4.0,true,none
CR-003312,B07R81N4X9,5.0,true,none
CR-003313,B0BBV2Z7VG,5.0,true,none
CR-003314,B0C2JF5179,5.0,true,none
CR-003315,B01GXFY0KQ,1.0,true,none
CR-003316,B0C2JF5179,5.0,true,none
CR-003317,B0C2JF5179,4.0,true,none
CR-003318,B0C2JF5179,5.0,true,none
CR-003319,B07R81N4X9,5.0,true,none
CR-003320,B0BZPPXM8D,1.0,true,none
CR-003321,B0C2JF5179,5.0,true,none
CR-003322,B0758WC56N,1.0,true,none
CR-003323,B0C2JF5179,5.0,false,ozone_odor_safety
CR-003324,B0C2JF5179,1.0,true,none
CR-003325,B093JYV9RR,1.0,true,none
CR-003326,B0C2JF5179,4.0,true,none
CR-003327,B0BZPPXM8D,2.0,true,none
CR-003328,B07R81N4X9,2.0,true,none
CR-003329,B0C2JF5179,5.0,true,none
CR-003330,B0BZPPXM8D,5.0,true,noise
CR-003331,B07R81N4X9,5.0,false,none
CR-003332,B07B8LYNCX,4.0,true,none
CR-003333,B0C2JF5179,5.0,true,none
CR-003334,B0C2JF5179,5.0,true,none
CR-003335,B07DK5NSY1,5.0,true,none
CR-003336,B00X67EJI8,5.0,true,none
CR-003337,B07DK5NSY1,1.0,true,value_effectiveness
CR-003338,B01GXFY0KQ,5.0,true,none
CR-003339,B07R81N4X9,5.0,true,none
CR-003340,B07R81N4X9,5.0,true,none
CR-003341,B007Y5B814,5.0,true,none
CR-003342,B07R81N4X9,3.0,true,none
CR-003343,B00X67EJI8,5.0,true,none
CR-003344,B0BZPPXM8D,1.0,true,none
CR-003345,B0C2JF5179,5.0,true,none
CR-003346,B0C2JF5179,5.0,true,none
CR-003347,B0C2JF5179,4.0,true,none
CR-003348,B0C2JF5179,5.0,true,none
CR-003349,B0BZPPXM8D,5.0,true,none
CR-003350,B07R81N4X9,5.0,true,none
CR-003351,B071HMNTPM,5.0,true,none
CR-003352,B07R81N4X9,5.0,true,none
CR-003353,B0C2JF5179,5.0,true,none
CR-003354,B07R81N4X9,5.0,true,none
CR-003355,B0C2JF5179,5.0,true,none
CR-003356,B07P8L2F8B,5.0,true,none
CR-003357,B0C2JF5179,5.0,false,none
CR-003358,B0C2JF5179,5.0,true,none
CR-003359,B0C2JF5179,5.0,true,none
CR-003360,B0C2JF5179,2.0,true,none
CR-003361,B00O9VVH80,1.0,true,none
CR-003362,B07R81N4X9,5.0,true,none
CR-003363,B0C2JF5179,5.0,true,none
CR-003364,B0776XKZ1Y,4.0,true,none
CR-003365,B0BZDM7HQL,5.0,true,none
CR-003366,B0BZPPXM8D,5.0,true,none
CR-003367,B0C2JF5179,3.0,true,none
CR-003368,B0C2JF5179,5.0,true,none
CR-003369,B0C2JF5179,5.0,true,none
CR-003370,B07R81N4X9,5.0,true,none
CR-003371,B071HMNTPM,5.0,true,none
CR-003372,B0776XKZ1Y,5.0,true,none
CR-003373,B0BZPPXM8D,5.0,true,none
CR-003374,B0C2JF5179,5.0,true,none
CR-003375,B0BZPPXM8D,5.0,true,none
CR-003376,B0B2DX3SNN,5.0,true,none
CR-003377,B07P8L2F8B,1.0,false,none
CR-003378,B0C2JF5179,5.0,true,none
CR-003379,B0C2JF5179,5.0,true,none
CR-003380,B0C2JF5179,5.0,true,none
CR-003381,B07DK5NSY1,5.0,true,none
CR-003382,B0C2JF5179,5.0,true,none
CR-003383,B0C2JF5179,5.0,true,noise
CR-003384,B0C2JF5179,5.0,true,none
CR-003385,B0BZPPXM8D,5.0,true,none
CR-003386,B0C2JF5179,5.0,true,none
CR-003387,B07KXBX32V,5.0,true,none
CR-003388,B0C2JF5179,5.0,true,none
CR-003389,B08QKRJJS1,5.0,true,none
CR-003390,B0C2JF5179,5.0,true,none
CR-003391,B0C2JF5179,5.0,true,none
CR-003392,B071HMNTPM,3.0,true,noise
CR-003393,B00O9VVH80,5.0,true,none
CR-003394,B01GXFY0KQ,1.0,true,none
CR-003395,B08QKRJJS1,5.0,true,none
CR-003396,B0C2JF5179,5.0,true,none
CR-003397,B0C2JF5179,5.0,true,none
CR-003398,B07HQ73JNL,5.0,true,none
CR-003399,B0C2JF5179,5.0,true,none
CR-003400,B0776XKZ1Y,5.0,true,none
CR-003401,B07DK5NSY1,4.0,true,noise
CR-003402,B01GXFY0KQ,5.0,true,none
CR-003403,B0C2JF5179,5.0,true,none
CR-003404,B07DK5NSY1,5.0,true,none
CR-003405,B0C2JF5179,5.0,true,none
CR-003406,B0C2JF5179,5.0,true,none
CR-003407,B0BZPPXM8D,5.0,true,none
CR-003408,B0C2JF5179,5.0,true,none
CR-003409,B0C2JF5179,4.0,true,none
CR-003410,B0C2JF5179,5.0,true,none
CR-003411,B093JYV9RR,5.0,true,none
CR-003412,B0BZPPXM8D,1.0,true,none
CR-003413,B07HQ73JNL,5.0,true,none
CR-003414,B0C2JF5179,5.0,true,none
CR-003415,B0C2JF5179,3.0,true,noise
CR-003416,B0C2JF5179,5.0,true,none
CR-003417,B07DK5NSY1,4.0,true,noise
CR-003418,B0C2JF5179,5.0,true,none
CR-003419,B07HQ73JNL,1.0,true,none
CR-003420,B093JYV9RR,4.0,true,noise
CR-003421,B0C2JF5179,5.0,true,none
CR-003422,B0BZPPXM8D,5.0,true,none
CR-003423,B093JYV9RR,5.0,true,none
CR-003424,B07R81N4X9,5.0,true,none
CR-003425,B071HMNTPM,5.0,true,none
CR-003426,B0776XKZ1Y,5.0,true,none
CR-003427,B0BBV2Z7VG,5.0,true,none
CR-003428,B0C2JF5179,5.0,true,none
CR-003429,B08QKRJJS1,5.0,true,none
CR-003430,B07C1HTHY6,5.0,true,none
CR-003431,B0C2JF5179,5.0,true,none
CR-003432,B093JYV9RR,5.0,true,none
CR-003433,B07R81N4X9,5.0,true,none
CR-003434,B0C2JF5179,5.0,true,none
CR-003435,B0C2JF5179,5.0,true,none
CR-003436,B0BZPPXM8D,1.0,true,none
CR-003437,B0C2JF5179,5.0,true,none
CR-003438,B01GXFY0KQ,5.0,true,none
CR-003439,B0C2JF5179,5.0,true,none
CR-003440,B07R81N4X9,5.0,true,none
CR-003441,B0C2JF5179,5.0,true,none
CR-003442,B0C2JF5179,2.0,true,none
CR-003443,B08QKRJJS1,5.0,true,none
CR-003444,B07D8PFRKX,5.0,true,none
CR-003445,B07HQ73JNL,1.0,true,none
CR-003446,B07DK5NSY1,4.0,true,none
CR-003447,B0C2JF5179,5.0,true,none
CR-003448,B07M84HKHV,5.0,true,none
CR-003449,B07KXBX32V,5.0,true,none
CR-003450,B0C2JF5179,5.0,true,none
CR-003451,B07DK5NSY1,4.0,true,noise
CR-003452,B0BZPPXM8D,3.0,true,none
CR-003453,B0C2JF5179,5.0,true,none
CR-003454,B0C2JF5179,5.0,true,none
CR-003455,B0BZPPXM8D,5.0,true,none
CR-003456,B071HMNTPM,4.0,true,none
CR-003457,B0C2JF5179,4.0,true,noise
CR-003458,B0B2DX3SNN,5.0,true,none
CR-003459,B0C2JF5179,5.0,true,none
CR-003460,B0BZPPXM8D,5.0,true,noise
CR-003461,B071HMNTPM,5.0,true,none
CR-003462,B0C2JF5179,4.0,true,none
CR-003463,B07R81N4X9,5.0,true,none
CR-003464,B0776XKZ1Y,5.0,true,none
CR-003465,B0C2JF5179,5.0,true,none
CR-003466,B0C2JF5179,5.0,true,none
CR-003467,B0C2JF5179,5.0,true,none
CR-003468,B0BZPPXM8D,1.0,true,none
CR-003469,B0C2JF5179,5.0,true,none
CR-003470,B0BZPPXM8D,5.0,true,none
CR-003471,B01GXFY0KQ,5.0,true,none
CR-003472,B07R81N4X9,5.0,true,none
CR-003473,B0C2JF5179,5.0,true,none
CR-003474,B0C2JF5179,5.0,true,none
CR-003475,B0C2JF5179,5.0,true,none
CR-003476,B0BZPPXM8D,5.0,true,none
CR-003477,B0776XKZ1Y,5.0,true,none
CR-003478,B0C2JF5179,4.0,true,none
CR-003479,B08QKRJJS1,5.0,true,none
CR-003480,B007Y5B814,5.0,true,none
CR-003481,B0C2JF5179,5.0,true,none
CR-003482,B0C2JF5179,5.0,true,none
CR-003483,B00X67EJI8,5.0,true,none
CR-003484,B0C2JF5179,5.0,true,none
CR-003485,B07DK5NSY1,5.0,true,none
CR-003486,B072KHQD1N,5.0,true,none
CR-003487,B0C2JF5179,5.0,true,none
CR-003488,B0C2JF5179,2.0,true,none
CR-003489,B0C2JF5179,5.0,true,none
CR-003490,B0C2JF5179,5.0,true,none
CR-003491,B0C2JF5179,5.0,true,none
CR-003492,B0C2JF5179,5.0,true,none
CR-003493,B0C2JF5179,5.0,true,none
CR-003494,B0C2JF5179,5.0,true,none
CR-003495,B0C2JF5179,5.0,true,none
CR-003496,B0C2JF5179,5.0,true,none
CR-003497,B0C2JF5179,5.0,true,none
CR-003498,B0C2JF5179,5.0,true,none
CR-003499,B0C2JF5179,5.0,true,none
CR-003500,B07QPNSQJ5,5.0,true,none
CR-003501,B0C2JF5179,5.0,true,none
CR-003502,B0C2JF5179,5.0,true,none
CR-003503,B076J4BK24,5.0,true,none
CR-003504,B07DK5NSY1,5.0,true,none
CR-003505,B0C2JF5179,5.0,true,none
CR-003506,B0BZPPXM8D,5.0,true,none
CR-003507,B071HMNTPM,5.0,true,none
CR-003508,B0C2JF5179,5.0,true,none
CR-003509,B0C2JF5179,5.0,true,none
CR-003510,B00O9VVH80,1.0,true,none
CR-003511,B0BZPPXM8D,5.0,true,none
CR-003512,B07R81N4X9,5.0,true,none
CR-003513,B076J4BK24,5.0,true,none
CR-003514,B01GXFY0KQ,5.0,true,none
CR-003515,B0BBV2Z7VG,3.0,true,none
CR-003516,B0C2JF5179,5.0,true,none
CR-003517,B0B2DX3SNN,5.0,true,none
CR-003518,B07R81N4X9,5.0,true,none
CR-003519,B0BBV2Z7VG,5.0,true,none
CR-003520,B0C2JF5179,5.0,true,none
CR-003521,B01IBRFMQU,5.0,true,none
CR-003522,B07R81N4X9,5.0,true,none
CR-003523,B0BBV2Z7VG,4.0,true,none
CR-003524,B07DK5NSY1,5.0,true,none
CR-003525,B0088EKCYY,5.0,true,none
CR-003526,B0BBV2Z7VG,1.0,true,reliability
CR-003527,B0C2JF5179,5.0,true,none
CR-003528,B0BZPPXM8D,5.0,true,none
CR-003529,B0C2JF5179,5.0,true,none
CR-003530,B0C2JF5179,5.0,true,none
CR-003531,B099GYT47Z,4.0,true,none
CR-003532,B07DK5NSY1,5.0,true,none
CR-003533,B0C2JF5179,5.0,true,none
CR-003534,B08QKRJJS1,5.0,true,none
CR-003535,B0BBV2Z7VG,5.0,true,none
CR-003536,B0BZPPXM8D,5.0,true,none
CR-003537,B07R81N4X9,4.0,true,none
CR-003538,B0776XKZ1Y,4.0,true,none
CR-003539,B000HECMEG,5.0,true,none
CR-003540,B071HMNTPM,5.0,true,none
CR-003541,B093JYV9RR,5.0,true,none
CR-003542,B0C2JF5179,5.0,true,none
CR-003543,B071HMNTPM,5.0,true,none
CR-003544,B07KXBX32V,5.0,true,none
CR-003545,B0C2JF5179,5.0,true,none
CR-003546,B0C2JF5179,5.0,true,none
CR-003547,B0C2JF5179,5.0,true,none
CR-003548,B0C2JF5179,1.0,true,none
CR-003549,B07KXBX32V,3.0,true,none
CR-003550,B07R81N4X9,5.0,true,none
CR-003551,B0C2JF5179,5.0,true,none
CR-003552,B0C2JF5179,5.0,true,none
CR-003553,B07R81N4X9,5.0,true,none
CR-003554,B0BBV2Z7VG,5.0,true,reliability
CR-003555,B076J4BK24,2.0,true,none
CR-003556,B07DK5NSY1,3.0,true,none
CR-003557,B0C2JF5179,5.0,true,none
CR-003558,B0C2JF5179,2.0,true,noise
CR-003559,B0BZPPXM8D,1.0,true,none
CR-003560,B071HMNTPM,1.0,true,none
CR-003561,B07V4GC3VC,5.0,true,none
CR-003562,B0C2JF5179,5.0,true,none
CR-003563,B07PWDTF8B,5.0,true,none
CR-003564,B07R81N4X9,5.0,true,none
CR-003565,B0C2JF5179,5.0,true,none
CR-003566,B08QKRJJS1,1.0,true,none
CR-003567,B0C2JF5179,5.0,true,none
CR-003568,B07DK5NSY1,5.0,true,none
CR-003569,B07DK5NSY1,1.0,true,noise
CR-003570,B0BZPPXM8D,1.0,true,none
CR-003571,B0C2JF5179,5.0,true,none
CR-003572,B0C2JF5179,3.0,true,none
CR-003573,B00WTJEPHY,2.0,true,none
CR-003574,B0C2JF5179,5.0,true,none
CR-003575,B0BZDM7HQL,5.0,true,none
CR-003576,B0C2JF5179,5.0,true,none
CR-003577,B07HQ73JNL,1.0,true,none
CR-003578,B0C2JF5179,2.0,true,customer_service
CR-003580,B0C2JF5179,5.0,true,none
CR-003581,B08QKRJJS1,5.0,true,none
CR-003582,B0BZPPXM8D,5.0,true,none
CR-003583,B08QKRJJS1,5.0,true,none
CR-003584,B07DK5NSY1,4.0,true,none
CR-003585,B0C2JF5179,5.0,true,none
CR-003586,B07G8WK2TW,5.0,true,none
CR-003587,B0C2JF5179,5.0,true,none
CR-003588,B07R81N4X9,5.0,true,none
CR-003589,B0BBV2Z7VG,5.0,true,none
CR-003590,B07R81N4X9,5.0,true,none
CR-003591,B071HMNTPM,4.0,true,none
CR-003592,B07R81N4X9,5.0,true,none
CR-003593,B071DXQ1RV,4.0,true,none
CR-003594,B0C2JF5179,5.0,true,none
CR-003595,B0C2JF5179,5.0,true,none
CR-003596,B0C2JF5179,5.0,true,none
CR-003597,B07R81N4X9,5.0,true,none
CR-003598,B0C2JF5179,4.0,true,none
CR-003599,B07R5WX77Y,4.0,true,none
CR-003600,B0C2JF5179,5.0,true,none
CR-003601,B0C2JF5179,5.0,true,none
CR-003602,B0C2JF5179,5.0,true,none
CR-003603,B07R81N4X9,5.0,true,none
CR-003604,B08QKRJJS1,5.0,true,none
CR-003605,B07R81N4X9,4.0,true,noise
CR-003606,B07D8PFRKX,5.0,true,none
CR-003607,B0C2JF5179,5.0,true,none
CR-003608,B07R5WX77Y,4.0,true,noise
CR-003609,B093JYV9RR,4.0,true,filter_cost
CR-003610,B0C2JF5179,4.0,true,none
CR-003611,B0C2JF5179,5.0,true,none
CR-003612,B0C2JF5179,4.0,true,none
CR-003613,B0C2JF5179,5.0,true,none
CR-003614,B071HMNTPM,3.0,true,none
CR-003615,B0BZPPXM8D,5.0,true,none
CR-003616,B0C2JF5179,5.0,true,none
CR-003617,B07R5WX77Y,5.0,true,none
CR-003618,B0BZPPXM8D,1.0,true,noise
CR-003619,B0C2JF5179,5.0,true,none
CR-003620,B0C2JF5179,5.0,true,none
CR-003621,B071HMNTPM,5.0,true,none
CR-003622,B0C2JF5179,3.0,true,none
CR-003623,B01IBRFMQU,5.0,true,none
CR-003624,B071DXQ1RV,5.0,true,none
CR-003625,B0C2JF5179,5.0,true,none
CR-003626,B0C2JF5179,5.0,true,none
CR-003627,B071HMNTPM,3.0,true,noise
CR-003628,B0C2JF5179,5.0,true,none
CR-003629,B071HMNTPM,5.0,true,none
CR-003630,B0BBV2Z7VG,1.0,true,reliability
CR-003631,B071HMNTPM,1.0,true,none
CR-003632,B0C2JF5179,5.0,true,none
CR-003633,B01IBRFMQU,5.0,true,none
CR-003634,B0776XKZ1Y,5.0,true,none
CR-003635,B0C2JF5179,5.0,true,none
CR-003636,B0C2JF5179,4.0,true,none
CR-003637,B0B2DX3SNN,4.0,true,none
CR-003638,B07R81N4X9,5.0,true,none
CR-003639,B07G8WK2TW,2.0,true,none
CR-003640,B0BZPPXM8D,4.0,true,none
CR-003641,B07QPNSQJ5,5.0,true,none
CR-003642,B0C2JF5179,5.0,true,none
CR-003643,B0C2JF5179,5.0,true,none
CR-003644,B0C2JF5179,5.0,true,none
CR-003645,B071HMNTPM,5.0,true,none
CR-003646,B0C2JF5179,5.0,true,none
CR-003647,B0C2JF5179,5.0,true,none
CR-003648,B0057IKJPQ,1.0,true,none
CR-003649,B0BZPPXM8D,5.0,true,none
CR-003650,B0C2JF5179,5.0,true,none
CR-003651,B006VA94E6,5.0,true,none
CR-003652,B0C2JF5179,5.0,true,none
CR-003653,B07R81N4X9,2.0,true,none
CR-003654,B071DXQ1RV,5.0,true,none
CR-003655,B08QKRJJS1,2.0,true,none
CR-003656,B07DK5NSY1,5.0,false,noise
CR-003657,B01GXFY0KQ,5.0,true,none
CR-003658,B07KXBX32V,1.0,true,noise
CR-003659,B07R81N4X9,5.0,true,none
CR-003660,B07R81N4X9,5.0,true,none
CR-003661,B07R81N4X9,3.0,true,none
CR-003662,B0C2JF5179,5.0,true,none
CR-003663,B099GYT47Z,5.0,true,none
CR-003664,B0C2JF5179,5.0,true,none
CR-003665,B07R81N4X9,2.0,true,none
CR-003666,B071HMNTPM,2.0,true,none
CR-003667,B0C2JF5179,3.0,true,none
CR-003668,B07R81N4X9,5.0,true,none
CR-003669,B0C2JF5179,5.0,true,none
CR-003670,B07R81N4X9,1.0,true,none
CR-003671,B0C2JF5179,5.0,true,none
CR-003672,B0BZPPXM8D,1.0,true,none
CR-003673,B0C2JF5179,5.0,true,none
CR-003674,B0C2JF5179,5.0,true,none
CR-003675,B07R81N4X9,5.0,true,none
CR-003676,B07R81N4X9,5.0,true,none
CR-003677,B0C2JF5179,5.0,true,none
CR-003678,B07BTNJRS6,1.0,true,none
CR-003679,B00X67EJI8,5.0,true,none
CR-003680,B07B8LYNCX,5.0,true,none
CR-003681,B07DK5NSY1,4.0,true,none
CR-003682,B0C2JF5179,5.0,true,none
CR-003683,B071HMNTPM,3.0,true,none
CR-003684,B076J4BK24,3.0,true,none
CR-003685,B07DK5NSY1,5.0,true,none
CR-003686,B0C2JF5179,1.0,true,none
CR-003687,B0C2JF5179,5.0,true,none
CR-003688,B0C2JF5179,5.0,true,none
CR-003689,B0BZPPXM8D,5.0,true,none
CR-003690,B0C2JF5179,5.0,true,none
CR-003691,B0C2JF5179,5.0,true,none
CR-003692,B0C2JF5179,5.0,true,none
CR-003693,B0BBV2Z7VG,5.0,true,none
CR-003694,B07DK5NSY1,1.0,true,ozone_odor_safety
CR-003695,B0BZPPXM8D,5.0,true,none
CR-003696,B0BZPPXM8D,1.0,true,none
CR-003697,B0C2JF5179,5.0,true,none
CR-003698,B07R81N4X9,5.0,true,none
CR-003699,B0C2JF5179,5.0,true,none
CR-003700,B07PWDTF8B,5.0,true,none
CR-003701,B01GXFY0KQ,5.0,true,none
CR-003702,B0BZPPXM8D,1.0,false,none
CR-003703,B07DK5NSY1,5.0,true,none
CR-003704,B08QKRJJS1,5.0,true,none
CR-003705,B0C2JF5179,5.0,true,none
CR-003706,B07R81N4X9,5.0,true,none
CR-003707,B0C2JF5179,5.0,true,none
CR-003708,B0C2JF5179,5.0,true,none
CR-003709,B0BZPPXM8D,5.0,true,none
CR-003710,B07QPNSQJ5,3.0,true,none
CR-003711,B0C2JF5179,4.0,true,noise
CR-003712,B0C2JF5179,5.0,true,none
CR-003713,B0C2JF5179,5.0,true,none
CR-003714,B00X67EJI8,3.0,true,noise
CR-003715,B093JYV9RR,5.0,true,none
CR-003716,B0C2JF5179,5.0,true,none
CR-003717,B07R81N4X9,3.0,true,none
CR-003718,B07R81N4X9,5.0,true,none
CR-003719,B071HMNTPM,4.0,true,none
CR-003720,B0C2JF5179,5.0,true,none
CR-003721,B0C2JF5179,5.0,true,none
CR-003722,B0C2JF5179,5.0,true,none
CR-003723,B07QPNSQJ5,5.0,true,none
CR-003724,B001BC3M1K,2.0,true,none
CR-003725,B0C2JF5179,5.0,true,none
CR-003726,B07PWDTF8B,5.0,true,none
CR-003727,B0C2JF5179,5.0,true,none
CR-003728,B071HMNTPM,4.0,true,none
CR-003729,B0C2JF5179,5.0,true,none
CR-003730,B00X67EJI8,3.0,true,none
CR-003731,B0C2JF5179,5.0,true,none
CR-003732,B07F6Q118Z,1.0,true,none
CR-003733,B0C2JF5179,2.0,true,none
CR-003734,B0C2JF5179,5.0,true,none
CR-003735,B0C2JF5179,5.0,true,none
CR-003736,B0C2JF5179,3.0,true,none
CR-003737,B07DK5NSY1,5.0,true,none
CR-003738,B0C2JF5179,5.0,true,none
CR-003739,B07R81N4X9,5.0,true,noise
CR-003740,B0776XKZ1Y,5.0,true,none
CR-003741,B07R81N4X9,5.0,false,noise
CR-003742,B093JYV9RR,5.0,true,none
CR-003743,B0C2JF5179,5.0,true,none
CR-003744,B0C2JF5179,5.0,true,none
CR-003745,B071HMNTPM,5.0,true,none
CR-003746,B07DK5NSY1,5.0,true,none
CR-003747,B071HMNTPM,1.0,true,none
CR-003748,B07R81N4X9,5.0,true,none
CR-003749,B07DK5NSY1,5.0,true,none
CR-003750,B0C2JF5179,5.0,true,none
CR-003751,B076J4BK24,1.0,true,none
CR-003752,B07DK5NSY1,5.0,true,none
CR-003753,B0C2JF5179,5.0,true,none
CR-003754,B0C2JF5179,4.0,true,none
CR-003755,B07R81N4X9,5.0,true,none
CR-003756,B071HMNTPM,5.0,true,none
CR-003757,B0C2JF5179,5.0,true,reliability
CR-003758,B07WX1YX6P,5.0,true,none
CR-003759,B0776XKZ1Y,5.0,true,none
CR-003760,B08QKRJJS1,5.0,true,none
CR-003761,B071HMNTPM,5.0,true,none
CR-003762,B07WX1YX6P,5.0,true,none
CR-003763,B0C2JF5179,5.0,true,none
CR-003764,B08QKRJJS1,4.0,true,none
CR-003765,B07R81N4X9,5.0,true,none
CR-003766,B0BZPPXM8D,2.0,true,none
CR-003767,B08QKRJJS1,5.0,true,none
CR-003768,B01GXFY0KQ,5.0,true,none
CR-003769,B0776XKZ1Y,3.0,true,none
CR-003770,B0BZPPXM8D,1.0,true,none
CR-003771,B07R81N4X9,5.0,true,none
CR-003772,B07DK5NSY1,5.0,true,none
CR-003773,B0C2JF5179,5.0,true,none
CR-003774,B0C2JF5179,5.0,true,none
CR-003775,B0C2JF5179,5.0,true,none
CR-003776,B0C2JF5179,5.0,true,none
CR-003777,B0C2JF5179,5.0,true,none
CR-003778,B07DK5NSY1,4.0,true,none
CR-003779,B07R81N4X9,5.0,true,none
CR-003780,B07KXBX32V,2.0,true,none
CR-003781,B0C2JF5179,4.0,true,none
CR-003782,B0C2JF5179,5.0,true,none
CR-003783,B0C2JF5179,4.0,true,none
CR-003784,B0776XKZ1Y,2.0,true,none
CR-003785,B0C2JF5179,4.0,true,none
CR-003786,B093JYV9RR,5.0,true,none
CR-003787,B0C2JF5179,5.0,true,none
CR-003788,B07DK5NSY1,5.0,true,none
CR-003789,B0C2JF5179,3.0,true,none
CR-003790,B07785QCTP,4.0,true,none
CR-003791,B07R81N4X9,5.0,true,none
CR-003792,B0C2JF5179,5.0,true,none
CR-003793,B0776XKZ1Y,5.0,true,none
CR-003794,B0C2JF5179,4.0,true,none
CR-003795,B0C2JF5179,5.0,true,none
CR-003796,B0C2JF5179,5.0,true,none
CR-003797,B0C2JF5179,2.0,true,noise
CR-003798,B0C2JF5179,5.0,true,none
CR-003799,B07QPNSQJ5,3.0,true,noise
CR-003800,B07QPNSQJ5,1.0,true,none
CR-003801,B0776XKZ1Y,5.0,false,none
CR-003802,B0C2JF5179,5.0,true,none
CR-003803,B0C2JF5179,5.0,true,none
CR-003804,B00X67EJI8,3.0,true,none
CR-003805,B07R81N4X9,1.0,true,ozone_odor_safety
CR-003806,B07DK5NSY1,5.0,true,none
CR-003807,B0C2JF5179,5.0,true,none
CR-003808,B0C2JF5179,5.0,true,none
CR-003809,B08QKRJJS1,5.0,true,none
CR-003810,B07DK5NSY1,3.0,true,none
CR-003811,B093JYV9RR,5.0,true,none
CR-003812,B001BC3M1K,5.0,true,none
CR-003813,B0C2JF5179,5.0,true,none
CR-003814,B0C2JF5179,5.0,true,none
CR-003815,B0C2JF5179,5.0,true,none
CR-003816,B099GYT47Z,5.0,true,none
CR-003817,B07R81N4X9,5.0,true,none
CR-003818,B0C2JF5179,5.0,true,none
CR-003819,B07DK5NSY1,5.0,true,none
CR-003820,B07KXBX32V,4.0,true,none
CR-003821,B07DK5NSY1,5.0,true,none
CR-003822,B0C2JF5179,5.0,true,none
CR-003823,B07QPNSQJ5,1.0,true,none
CR-003824,B0BZPPXM8D,5.0,true,none
CR-003825,B07DK5NSY1,5.0,true,none
CR-003826,B0C2JF5179,5.0,true,none
CR-003827,B0C2JF5179,5.0,true,none
CR-003828,B0BZPPXM8D,5.0,true,none
CR-003829,B0C2JF5179,5.0,true,none
CR-003830,B01IBRFMQU,5.0,true,none
CR-003831,B07R81N4X9,4.0,true,customer_service
CR-003832,B0C2JF5179,5.0,true,none
CR-003833,B07R81N4X9,5.0,true,none
CR-003834,B0114VK7DI,1.0,true,none
CR-003835,B093JYV9RR,5.0,true,none
CR-003836,B0C2JF5179,5.0,true,none
CR-003837,B071HMNTPM,5.0,true,none
CR-003838,B07R81N4X9,5.0,true,none
CR-003839,B0C2JF5179,1.0,true,none
CR-003840,B07QVYWK93,5.0,true,none
CR-003841,B093JYV9RR,1.0,true,none
CR-003842,B07R81N4X9,5.0,true,value_effectiveness
CR-003843,B099GYT47Z,1.0,true,none
CR-003844,B07R81N4X9,4.0,true,none
CR-003845,B0BBV2Z7VG,3.0,true,noise
CR-003846,B0C2JF5179,5.0,true,none
CR-003847,B0C2JF5179,5.0,true,none
CR-003848,B07R81N4X9,5.0,true,none
CR-003849,B07DK5NSY1,5.0,true,none
CR-003850,B07DK5NSY1,4.0,true,none
CR-003851,B0C2JF5179,2.0,true,none
CR-003852,B07QVYWK93,1.0,true,none
CR-003853,B093JYV9RR,5.0,true,none
CR-003854,B0C2JF5179,3.0,true,none
CR-003855,B0C2JF5179,5.0,true,none
CR-003856,B0C2JF5179,5.0,true,none
CR-003857,B07KXBX32V,2.0,true,none
CR-003858,B0C2JF5179,5.0,true,none
CR-003859,B07R81N4X9,5.0,true,none
CR-003860,B0C2JF5179,4.0,true,none
CR-003861,B07DK5NSY1,5.0,true,none
CR-003862,B07R5WX77Y,5.0,true,noise
CR-003863,B0C2JF5179,2.0,true,none
CR-003864,B0C2JF5179,5.0,true,none
CR-003865,B0C2JF5179,3.0,true,none
CR-003866,B0C2JF5179,5.0,true,none
CR-003867,B0C2JF5179,5.0,true,none
CR-003868,B093JYV9RR,5.0,true,none
CR-003869,B07BTFL5BX,5.0,true,none
CR-003870,B0C2JF5179,5.0,true,none
CR-003871,B0C2JF5179,5.0,true,none
CR-003872,B071DXQ1RV,5.0,true,none
CR-003873,B0C2JF5179,5.0,true,none
CR-003874,B07G8WK2TW,5.0,true,none
CR-003875,B007Y5B814,3.0,true,none
CR-003876,B0C2JF5179,5.0,true,none
CR-003877,B07KXBX32V,5.0,true,none
CR-003878,B093JYV9RR,1.0,true,none
CR-003879,B07QPNSQJ5,5.0,true,none
CR-003880,B00X67EJI8,5.0,true,none
CR-003881,B00X67EJI8,5.0,true,none
CR-003882,B07VXKR2L4,5.0,true,none
CR-003883,B0C2JF5179,5.0,true,none
CR-003884,B07R81N4X9,2.0,true,ozone_odor_safety
CR-003885,B0C2JF5179,5.0,true,none
CR-003886,B0BZDM7HQL,5.0,true,none
CR-003887,B0BZPPXM8D,5.0,true,none
CR-003888,B0C2JF5179,5.0,true,none
CR-003889,B0C2JF5179,5.0,true,none
CR-003890,B0C2JF5179,1.0,true,none
CR-003891,B07KXBX32V,1.0,true,none
CR-003892,B0C2JF5179,5.0,true,none
CR-003893,B07DK5NSY1,5.0,true,none
CR-003894,B07KXBX32V,5.0,true,none
CR-003895,B07R81N4X9,2.0,true,reliability
CR-003896,B07KXBX32V,1.0,true,none
CR-003897,B07R81N4X9,5.0,true,none
CR-003898,B07DK5NSY1,5.0,true,none
CR-003899,B07DK5NSY1,5.0,true,noise
CR-003900,B07R81N4X9,5.0,true,none
CR-003901,B08QKRJJS1,5.0,true,none
CR-003902,B07DK5NSY1,5.0,true,none
CR-003903,B0C2JF5179,2.0,true,none
CR-003904,B07R81N4X9,5.0,true,none
CR-003905,B0BZPPXM8D,1.0,true,none
CR-003906,B07QPNSQJ5,5.0,true,none
CR-003907,B07DK5NSY1,5.0,true,none
CR-003908,B0C2JF5179,5.0,true,none
CR-003909,B0C2JF5179,1.0,true,value_effectiveness
CR-003910,B071HMNTPM,1.0,true,noise
CR-003911,B071DXQ1RV,3.0,true,none
CR-003912,B0C2JF5179,5.0,true,none
CR-003913,B07KXBX32V,5.0,true,none
CR-003914,B0C2JF5179,5.0,true,none
CR-003915,B07R81N4X9,5.0,true,none
CR-003916,B0C2JF5179,5.0,true,none
CR-003917,B0C2JF5179,5.0,true,none
CR-003918,B071HMNTPM,5.0,true,none
CR-003919,B07QPNSQJ5,5.0,true,none
CR-003920,B07R81N4X9,5.0,true,none
CR-003921,B07R81N4X9,5.0,true,none
CR-003922,B0776XKZ1Y,5.0,true,none
CR-003923,B07R81N4X9,5.0,true,none
CR-003924,B0C2JF5179,5.0,true,none
CR-003925,B07BTNJRS6,1.0,true,reliability
CR-003926,B0BZPPXM8D,5.0,true,none
CR-003927,B07WX4FVBV,5.0,true,none
CR-003928,B07G8WK2TW,5.0,true,none
CR-003929,B0C2JF5179,5.0,true,none
CR-003930,B0C2JF5179,5.0,true,none
CR-003931,B0C2JF5179,5.0,true,none
CR-003932,B0BBV2Z7VG,5.0,true,none
CR-003933,B01GXFY0KQ,5.0,true,none
CR-003934,B07R81N4X9,5.0,true,none
CR-003935,B0C2JF5179,2.0,true,none
CR-003936,B0BBV2Z7VG,5.0,true,none
CR-003937,B07PWDTF8B,4.0,true,none
CR-003938,B07R81N4X9,1.0,true,none
CR-003939,B0C2JF5179,5.0,true,none
CR-003940,B07R81N4X9,4.0,true,none
CR-003941,B0C2JF5179,5.0,true,none
CR-003942,B0C2JF5179,3.0,true,none
CR-003943,B0C2JF5179,5.0,true,none
CR-003944,B0C2JF5179,5.0,true,none
CR-003945,B07DK5NSY1,5.0,true,none
CR-003946,B0C2JF5179,5.0,true,none
CR-003947,B0C2JF5179,5.0,true,none
CR-003948,B0B2DX3SNN,5.0,true,none
CR-003949,B07DK5NSY1,5.0,true,none
CR-003950,B0C2JF5179,5.0,true,none
CR-003951,B0C2JF5179,5.0,true,none
CR-003952,B0C2JF5179,5.0,true,none
CR-003953,B0C2JF5179,4.0,true,none
CR-003954,B07DK5NSY1,5.0,true,none
CR-003955,B0C2JF5179,4.0,true,none
CR-003956,B0C2JF5179,4.0,true,noise
CR-003957,B0C2JF5179,5.0,true,none
CR-003958,B07KXBX32V,5.0,true,none
CR-003959,B093JYV9RR,5.0,true,none
CR-003960,B07R81N4X9,5.0,true,none
CR-003961,B0BZPPXM8D,5.0,true,none
CR-003962,B0C2JF5179,5.0,true,none
CR-003963,B07DK5NSY1,1.0,true,noise
CR-003964,B0C2JF5179,5.0,true,none
CR-003965,B0C2JF5179,5.0,true,none
CR-003966,B0776XKZ1Y,5.0,true,none
CR-003967,B07R81N4X9,5.0,true,none
CR-003968,B01IBRFMQU,5.0,true,none
CR-003969,B01GXFY0KQ,5.0,true,none
CR-003970,B01GXFY0KQ,4.0,true,none
CR-003971,B0C2JF5179,3.0,true,none
CR-003972,B07KXBX32V,5.0,true,none
CR-003973,B071DXQ1RV,5.0,true,none
CR-003974,B0776XKZ1Y,4.0,true,none
CR-003975,B07KXBX32V,3.0,true,none
CR-003976,B093JYV9RR,5.0,true,none
CR-003977,B0BZPPXM8D,5.0,true,none
CR-003978,B0BZPPXM8D,5.0,true,none
CR-003979,B08QKRJJS1,5.0,true,none
CR-003980,B0C2JF5179,5.0,true,none
CR-003981,B0C2JF5179,4.0,true,noise
CR-003982,B0C2JF5179,1.0,true,none
CR-003983,B0BZDM7HQL,5.0,true,none
CR-003984,B0BZPPXM8D,5.0,true,none
CR-003985,B0C2JF5179,2.0,true,none
CR-003986,B0C2JF5179,5.0,false,reliability
CR-003987,B0BBV2Z7VG,5.0,true,none
CR-003988,B0C2JF5179,5.0,true,none
CR-003989,B0BZPPXM8D,5.0,true,none
CR-003990,B093JYV9RR,5.0,true,none
CR-003991,B0C2JF5179,4.0,true,noise
CR-003992,B0C2JF5179,5.0,true,none
CR-003993,B0C2JF5179,5.0,true,none
CR-003994,B07DK5NSY1,5.0,true,none
CR-003995,B07G8WK2TW,5.0,true,none
CR-003996,B093JYV9RR,5.0,true,none
CR-003997,B0C2JF5179,5.0,true,none
CR-003998,B0BZPPXM8D,2.0,true,none
CR-003999,B0C2JF5179,1.0,true,none
CR-004000,B07DK5NSY1,5.0,true,none
CR-004001,B07V5FPWMZ,5.0,true,none
CR-004002,B07QPNSQJ5,5.0,true,none
CR-004003,B0C2JF5179,4.0,true,none
CR-004004,B07G8WK2TW,5.0,true,none
CR-004005,B0C2JF5179,5.0,true,none
CR-004006,B0C2JF5179,1.0,true,none
CR-004007,B07R81N4X9,1.0,true,none
CR-004008,B0BBV2Z7VG,5.0,true,none
CR-004009,B07QPNSQJ5,5.0,true,none
CR-004010,B093JYV9RR,1.0,true,reliability
CR-004011,B07QVYWK93,5.0,true,none
CR-004012,B0C2JF5179,5.0,true,none
CR-004013,B071HMNTPM,5.0,true,none
CR-004014,B0BZPPXM8D,5.0,true,none
CR-004015,B0C2JF5179,5.0,true,none
CR-004016,B0C2JF5179,5.0,true,none
CR-004017,B0BZPPXM8D,3.0,true,none
CR-004018,B07DK5NSY1,5.0,true,none
CR-004019,B0BZPPXM8D,5.0,true,none
CR-004020,B093JYV9RR,5.0,true,none
CR-004021,B0C2JF5179,5.0,true,none
CR-004022,B0C2JF5179,1.0,true,value_effectiveness
CR-004023,B0C2JF5179,5.0,true,none
CR-004024,B07R81N4X9,5.0,true,none
CR-004025,B0C2JF5179,5.0,true,none
CR-004026,B0C2JF5179,5.0,true,none
CR-004027,B07R81N4X9,5.0,true,none
CR-004028,B0C2JF5179,5.0,true,none
CR-004029,B07C1HTHY6,3.0,true,none
CR-004030,B08QKRJJS1,5.0,true,none
CR-004031,B0BZPPXM8D,1.0,true,customer_service
CR-004032,B07R81N4X9,5.0,true,none
CR-004033,B0C2JF5179,5.0,true,none
CR-004034,B01GXFY0KQ,5.0,false,reliability
CR-004035,B0C2JF5179,5.0,true,none
CR-004036,B07R81N4X9,5.0,true,none
CR-004037,B0C2JF5179,5.0,true,none
CR-004038,B0BZPPXM8D,5.0,true,none
CR-004039,B0C2JF5179,3.0,true,none
CR-004040,B0C2JF5179,1.0,true,customer_service
CR-004041,B08QKRJJS1,5.0,true,none
CR-004042,B0BBV2Z7VG,5.0,true,none
CR-004043,B0C2JF5179,5.0,true,filter_cost
CR-004044,B08QKRJJS1,5.0,true,none
CR-004045,B07R81N4X9,5.0,true,none
CR-004046,B0C2JF5179,5.0,true,none
CR-004047,B0C2JF5179,5.0,true,none
CR-004048,B071HMNTPM,5.0,true,none
CR-004049,B0C2JF5179,5.0,true,none
CR-004050,B07QPNSQJ5,5.0,true,none
CR-004051,B0C2JF5179,5.0,true,none
CR-004052,B0C2JF5179,5.0,true,none
CR-004053,B0BBV2Z7VG,5.0,true,none
CR-004054,B00X67EJI8,1.0,false,none
CR-004055,B07R81N4X9,4.0,true,none
CR-004056,B07QVYWK93,1.0,true,none
CR-004057,B0C2JF5179,5.0,true,none
CR-004058,B0C2JF5179,5.0,true,none
CR-004059,B08QKRJJS1,5.0,true,none
CR-004060,B07DK5NSY1,5.0,true,none
CR-004061,B0C2JF5179,5.0,true,none
CR-004062,B0C2JF5179,5.0,true,none
CR-004063,B0BZPPXM8D,4.0,true,none
CR-004064,B0BZPPXM8D,5.0,true,none
CR-004065,B07KXBX32V,1.0,true,reliability
CR-004066,B003RYPPO2,5.0,true,none
CR-004067,B0C2JF5179,5.0,true,none
CR-004068,B0C2JF5179,5.0,true,none
CR-004069,B093JYV9RR,4.0,true,none
CR-004070,B071HMNTPM,5.0,true,none
CR-004071,B07DK5NSY1,5.0,true,none
CR-004072,B01GXFY0KQ,4.0,true,reliability
CR-004073,B071HMNTPM,5.0,true,none
CR-004074,B0BBV2Z7VG,5.0,true,none
CR-004075,B07DK5NSY1,4.0,true,none
CR-004076,B0C2JF5179,5.0,true,none
CR-004077,B0C2JF5179,5.0,true,none
CR-004078,B0C2JF5179,5.0,true,none
CR-004079,B07DK5NSY1,5.0,true,none
CR-004080,B0C2JF5179,5.0,true,none
CR-004081,B0C2JF5179,1.0,true,none
CR-004082,B0C2JF5179,1.0,false,value_effectiveness
CR-004083,B0BZPPXM8D,5.0,true,none
CR-004084,B07DK5NSY1,5.0,true,none
CR-004085,B0C2JF5179,5.0,true,none
CR-004086,B07QPNSQJ5,3.0,true,none
CR-004087,B07DK5NSY1,1.0,true,reliability
CR-004088,B0C2JF5179,5.0,true,none
CR-004089,B07KXBX32V,5.0,true,none
CR-004090,B0C2JF5179,4.0,true,none
CR-004091,B0C2JF5179,5.0,true,none
CR-004092,B0BBV2Z7VG,3.0,true,none
CR-004093,B0C2JF5179,5.0,false,none
CR-004094,B07KXBX32V,5.0,true,none
CR-004095,B0C2JF5179,5.0,true,none
CR-004096,B0C2JF5179,3.0,true,none
CR-004097,B07KXBX32V,4.0,true,none
CR-004098,B0C2JF5179,3.0,true,none
CR-004099,B07KXBX32V,1.0,false,none
CR-004100,B0C2JF5179,5.0,true,none
CR-004101,B07KXBX32V,5.0,true,none
CR-004102,B0C2JF5179,5.0,true,none
CR-004103,B071HMNTPM,5.0,true,none
CR-004104,B093JYV9RR,5.0,true,none
CR-004105,B07KXBX32V,5.0,true,none
CR-004106,B0C2JF5179,4.0,true,none
CR-004107,B0C2JF5179,5.0,true,customer_service
CR-004108,B07R81N4X9,1.0,false,none
CR-004109,B08QKRJJS1,5.0,true,none
CR-004110,B0C2JF5179,5.0,true,none
CR-004111,B0C2JF5179,5.0,true,noise
CR-004112,B0C2JF5179,5.0,true,none
CR-004113,B0C2JF5179,5.0,true,none
CR-004114,B0C2JF5179,5.0,true,none
CR-004115,B07R81N4X9,5.0,true,none
CR-004116,B07DK5NSY1,5.0,true,none
CR-004117,B076J4BK24,4.0,true,none
CR-004118,B0BZPPXM8D,5.0,true,none
CR-004119,B08QKRJJS1,5.0,true,none
CR-004120,B0C2JF5179,5.0,true,none
CR-004121,B07R81N4X9,1.0,false,none
CR-004122,B0BZPPXM8D,1.0,true,reliability
CR-004123,B08QKRJJS1,5.0,true,none
CR-004124,B071HMNTPM,5.0,true,none
CR-004125,B0C2JF5179,5.0,true,none
CR-004126,B0C2JF5179,5.0,true,none
CR-004127,B00A6E9JP2,5.0,true,none
CR-004128,B0C2JF5179,4.0,true,none
CR-004129,B093JYV9RR,5.0,true,none
CR-004130,B0C2JF5179,2.0,true,none
CR-004131,B07WNVRYVK,5.0,true,none
CR-004132,B0C2JF5179,5.0,true,none
CR-004133,B0C2JF5179,5.0,true,none
CR-004134,B093JYV9RR,5.0,true,none
CR-004135,B0BZPPXM8D,3.0,true,none
CR-004136,B0BBV2Z7VG,3.0,true,none
CR-004137,B07B8LYNCX,1.0,true,noise
CR-004138,B0C2JF5179,5.0,true,none
CR-004139,B0C2JF5179,4.0,true,none
CR-004140,B0C2JF5179,5.0,true,none
CR-004141,B0C2JF5179,5.0,true,none
CR-004142,B07B8LYNCX,4.0,true,none
CR-004143,B07R81N4X9,5.0,true,none
CR-004144,B07R81N4X9,5.0,true,none
CR-004145,B07G8WK2TW,5.0,true,none
CR-004146,B0C2JF5179,2.0,true,none
CR-004147,B093JYV9RR,5.0,true,none
CR-004148,B0C2JF5179,5.0,true,none
CR-004149,B07PWDTF8B,5.0,true,none
CR-004150,B0BZPPXM8D,5.0,true,none
CR-004151,B0BBV2Z7VG,5.0,true,none
CR-004152,B0C2JF5179,5.0,true,none
CR-004153,B0C2JF5179,5.0,true,none
CR-004154,B0C2JF5179,5.0,true,none
CR-004155,B0C2JF5179,5.0,true,none
CR-004156,B0C2JF5179,5.0,false,none
CR-004157,B0C2JF5179,5.0,true,none
CR-004158,B0C2JF5179,1.0,true,none
CR-004159,B071HMNTPM,5.0,true,none
CR-004160,B099GYT47Z,5.0,true,none
CR-004161,B0C2JF5179,5.0,true,none
CR-004162,B0C2JF5179,5.0,true,none
CR-004163,B07DK5NSY1,5.0,true,none
CR-004164,B0C2JF5179,4.0,true,noise
CR-004165,B08QKRJJS1,5.0,true,none
CR-004166,B0C2JF5179,5.0,true,none
CR-004167,B0C2JF5179,1.0,true,none
CR-004168,B07R81N4X9,5.0,true,none
CR-004169,B000HECMEG,5.0,true,none
CR-004170,B0C2JF5179,4.0,true,none
CR-004171,B07KXBX32V,5.0,true,none
CR-004172,B0BZDM7HQL,4.0,true,none
CR-004173,B0C2JF5179,5.0,true,none
CR-004174,B07R81N4X9,5.0,true,none
CR-004175,B07R81N4X9,5.0,true,none
CR-004176,B093JYV9RR,5.0,true,none
CR-004177,B0BBV2Z7VG,5.0,true,noise
CR-004178,B08QKRJJS1,5.0,true,none
CR-004179,B07R81N4X9,5.0,true,none
CR-004180,B00X67EJI8,5.0,true,none
CR-004181,B0BZPPXM8D,5.0,true,none
CR-004182,B07R81N4X9,3.0,true,none
CR-004183,B07KXBX32V,5.0,true,none
CR-004184,B0C2JF5179,5.0,true,none
CR-004185,B07QPNSQJ5,4.0,true,none
CR-004186,B0C2JF5179,5.0,true,none
CR-004187,B0BZPPXM8D,4.0,true,none
CR-004188,B071HMNTPM,5.0,true,none
CR-004189,B0BZPPXM8D,5.0,true,none
CR-004190,B08QKRJJS1,5.0,true,none
CR-004191,B0C2JF5179,5.0,true,none
CR-004192,B0C2JF5179,5.0,true,none
CR-004193,B007Y5B814,4.0,true,none
CR-004194,B071HMNTPM,5.0,true,none
CR-004195,B07R81N4X9,5.0,true,none
CR-004196,B0C2JF5179,4.0,true,none
CR-004197,B07R81N4X9,5.0,true,none
CR-004198,B0C2JF5179,5.0,true,none
CR-004199,B0C2JF5179,5.0,true,none
CR-004200,B0BZPPXM8D,1.0,true,reliability
CR-004201,B07KXBX32V,5.0,true,none
CR-004202,B0C2JF5179,2.0,true,none
CR-004203,B0B2DX3SNN,5.0,true,none
CR-004204,B0BZPPXM8D,5.0,true,none
CR-004205,B0BZPPXM8D,5.0,true,none
CR-004206,B0C2JF5179,5.0,true,none
CR-004207,B0C2JF5179,4.0,true,none
CR-004208,B0C2JF5179,5.0,true,none
CR-004209,B0C2JF5179,5.0,true,none
CR-004210,B0C2JF5179,5.0,true,none
CR-004211,B07KXBX32V,5.0,true,none
CR-004212,B07KXBX32V,3.0,true,none
CR-004213,B0C2JF5179,5.0,true,none
CR-004214,B01GXFY0KQ,5.0,true,none
CR-004215,B07R81N4X9,5.0,true,none
CR-004216,B0C2JF5179,5.0,true,none
CR-004217,B0C2JF5179,5.0,true,none
CR-004218,B0BZPPXM8D,5.0,true,none
CR-004219,B0C2JF5179,2.0,true,none
CR-004220,B071DXQ1RV,4.0,true,none
CR-004221,B07DK5NSY1,4.0,true,none
CR-004222,B0BZPPXM8D,1.0,true,none
CR-004223,B0C2JF5179,5.0,true,none
CR-004224,B07KXBX32V,5.0,true,none
CR-004225,B093JYV9RR,5.0,true,none
CR-004226,B0BZPPXM8D,5.0,true,none
CR-004227,B0C2JF5179,5.0,true,none
CR-004228,B07R81N4X9,5.0,true,reliability
CR-004229,B0C2JF5179,5.0,true,none
CR-004230,B0C2JF5179,5.0,true,none
CR-004231,B0C2JF5179,5.0,true,none
CR-004232,B07KXBX32V,5.0,true,none
CR-004233,B071HMNTPM,5.0,true,none
CR-004234,B07DK5NSY1,4.0,true,none
CR-004235,B0C2JF5179,5.0,true,none
CR-004236,B0C2JF5179,5.0,true,none
CR-004237,B0C2JF5179,5.0,true,none
CR-004238,B0BZPPXM8D,5.0,true,none
CR-004239,B0BZPPXM8D,3.0,true,noise
CR-004240,B01D5Y8G8A,5.0,true,none
CR-004241,B07R81N4X9,5.0,true,none
CR-004243,B0C2JF5179,5.0,true,none
CR-004244,B0C2JF5179,5.0,true,none
CR-004245,B07KXBX32V,5.0,true,none
CR-004246,B0C2JF5179,5.0,true,none
CR-004247,B0C2JF5179,5.0,true,none
CR-004248,B0C2JF5179,5.0,true,none
CR-004249,B00X67EJI8,4.0,true,none
CR-004250,B0BZPPXM8D,5.0,true,none
CR-004251,B0C2JF5179,5.0,true,none
CR-004252,B01IBRFMQU,5.0,true,none
CR-004253,B0C2JF5179,5.0,true,none
CR-004254,B0BZPPXM8D,5.0,true,none
CR-004255,B099GYT47Z,5.0,true,none
CR-004256,B0C2JF5179,5.0,true,none
CR-004257,B07R81N4X9,5.0,true,none
CR-004258,B0C2JF5179,3.0,true,reliability
CR-004259,B07KXBX32V,5.0,true,none
CR-004260,B0BZPPXM8D,5.0,true,none
CR-004261,B07R81N4X9,5.0,true,none
CR-004262,B0C2JF5179,5.0,true,none
CR-004263,B0C2JF5179,5.0,true,none
CR-004264,B0C2JF5179,1.0,true,none
CR-004265,B08QKRJJS1,5.0,true,none
CR-004266,B0B2DX3SNN,5.0,false,none
CR-004267,B071HMNTPM,5.0,true,none
CR-004268,B08QKRJJS1,5.0,true,none
CR-004269,B0C2JF5179,5.0,true,none
CR-004270,B0C2JF5179,5.0,true,none
CR-004271,B093JYV9RR,5.0,true,none
CR-004272,B0C2JF5179,5.0,true,none
CR-004273,B0C2JF5179,1.0,true,none
CR-004274,B0C2JF5179,5.0,false,noise
CR-004275,B07WNVRYVK,4.0,true,none
CR-004276,B07KXBX32V,5.0,true,none
CR-004277,B07KXBX32V,1.0,true,reliability
CR-004278,B0C2JF5179,5.0,true,none
CR-004279,B071HMNTPM,5.0,true,none
CR-004280,B0C2JF5179,5.0,true,none
CR-004281,B07KXBX32V,4.0,true,none
CR-004282,B0C2JF5179,5.0,true,none
CR-004283,B003RYPPO2,1.0,true,none
CR-004284,B093JYV9RR,5.0,true,none
CR-004285,B0C2JF5179,5.0,true,none
CR-004286,B0C2JF5179,5.0,true,none
CR-004287,B000HECMEG,5.0,true,none
CR-004288,B071DXQ1RV,1.0,true,none
CR-004289,B0C2JF5179,5.0,true,none
CR-004290,B0C2JF5179,5.0,true,none
CR-004291,B0BBV2Z7VG,1.0,true,none
CR-004292,B0C2JF5179,5.0,true,none
CR-004293,B0BZPPXM8D,5.0,true,none
CR-004294,B0C2JF5179,5.0,true,none
CR-004295,B0C2JF5179,5.0,true,none
CR-004296,B07KXBX32V,5.0,true,none
CR-004297,B07R81N4X9,5.0,true,none
CR-004298,B0C2JF5179,5.0,true,none
CR-004299,B0C2JF5179,5.0,true,none
CR-004300,B0C2JF5179,5.0,true,none
CR-004301,B00X67EJI8,5.0,true,none
CR-004302,B0C2JF5179,4.0,true,none
CR-004303,B0C2JF5179,5.0,true,none
CR-004304,B07R81N4X9,5.0,true,none
CR-004305,B07KXBX32V,5.0,true,none
CR-004306,B0BBV2Z7VG,5.0,true,none
CR-004307,B0C2JF5179,5.0,true,none
CR-004308,B0C2JF5179,5.0,true,none
CR-004309,B0C2JF5179,5.0,true,none
CR-004310,B0C2JF5179,5.0,true,none
CR-004311,B0C2JF5179,5.0,true,none
CR-004312,B0C2JF5179,1.0,false,none
CR-004313,B07R81N4X9,5.0,true,none
CR-004314,B0C2JF5179,5.0,true,none
CR-004315,B0C2JF5179,5.0,true,none
CR-004316,B07R81N4X9,5.0,true,none
CR-004317,B0C2JF5179,5.0,true,none
CR-004318,B0C2JF5179,4.0,true,none
CR-004319,B0BZPPXM8D,5.0,true,none
CR-004320,B07KXBX32V,5.0,true,none
CR-004321,B0C2JF5179,5.0,true,none
CR-004322,B07KXBX32V,5.0,true,none
CR-004323,B0BZPPXM8D,3.0,true,none
CR-004324,B0C2JF5179,5.0,true,none
CR-004325,B082Y2PK2G,5.0,true,none
CR-004326,B0C2JF5179,4.0,true,none
CR-004327,B0C2JF5179,5.0,true,none
CR-004328,B0C2JF5179,5.0,true,none
CR-004329,B0C2JF5179,5.0,true,none
CR-004330,B0C2JF5179,5.0,true,none
CR-004331,B0C2JF5179,5.0,true,none
CR-004332,B0C2JF5179,5.0,true,none
CR-004333,B0C2JF5179,5.0,true,none
CR-004334,B07KXBX32V,5.0,true,none
CR-004335,B07R81N4X9,5.0,true,none
CR-004336,B08QKRJJS1,4.0,true,none
CR-004337,B0C2JF5179,5.0,true,none
CR-004338,B093JYV9RR,5.0,true,none
CR-004339,B0C2JF5179,5.0,true,none
CR-004340,B000N1HZ2W,2.0,true,none
CR-004341,B0C2JF5179,1.0,true,none
CR-004342,B0C2JF5179,5.0,true,none
CR-004343,B0C2JF5179,5.0,true,none
CR-004344,B07DK5NSY1,5.0,true,none
CR-004345,B0C2JF5179,5.0,true,none
CR-004346,B0C2JF5179,5.0,true,none
CR-004347,B07R81N4X9,5.0,true,none
CR-004348,B07WNVRYVK,5.0,true,none
CR-004349,B08QKRJJS1,5.0,true,none
CR-004350,B093JYV9RR,4.0,true,none
CR-004351,B0C2JF5179,5.0,true,none
CR-004352,B0C2JF5179,5.0,true,none
CR-004353,B0C2JF5179,5.0,true,none
CR-004354,B0C2JF5179,3.0,true,none
CR-004355,B0C2JF5179,5.0,true,none
CR-004356,B00X67EJI8,5.0,true,none
CR-004357,B07KXBX32V,5.0,true,none
CR-004358,B0C2JF5179,1.0,true,none
CR-004359,B07R81N4X9,5.0,true,none
CR-004360,B07KXBX32V,1.0,true,none
CR-004361,B07KXBX32V,5.0,true,none
CR-004362,B0C2JF5179,5.0,true,none
CR-004364,B0C2JF5179,5.0,true,none
CR-004365,B071HMNTPM,5.0,true,none
CR-004366,B0C2JF5179,5.0,true,none
CR-004367,B07R81N4X9,2.0,true,none
CR-004368,B0C2JF5179,5.0,true,none
CR-004369,B07KXBX32V,5.0,true,none
CR-004370,B0C2JF5179,5.0,true,none
CR-004371,B0C2JF5179,5.0,true,none
CR-004372,B0C2JF5179,5.0,true,none
CR-004373,B08QKRJJS1,5.0,true,none
CR-004374,B0C2JF5179,5.0,true,none
CR-004375,B0C2JF5179,4.0,true,none
CR-004376,B07DK5NSY1,3.0,true,none
CR-004377,B07R81N4X9,5.0,true,none
CR-004378,B0C2JF5179,5.0,true,none
CR-004379,B0C2JF5179,3.0,true,none
CR-004380,B0C2JF5179,1.0,false,none
CR-004381,B07KXBX32V,5.0,true,none
CR-004382,B0C2JF5179,5.0,true,none
CR-004383,B0C2JF5179,2.0,true,none
CR-004384,B0C2JF5179,5.0,true,none
CR-004385,B0C2JF5179,5.0,true,none
CR-004386,B0C2JF5179,5.0,true,none
CR-004387,B0C2JF5179,5.0,true,none
CR-004388,B00X67EJI8,5.0,true,none
CR-004389,B0C2JF5179,5.0,true,noise
CR-004390,B0BBV2Z7VG,5.0,true,none
CR-004391,B0C2JF5179,5.0,true,none
CR-004392,B01GXFY0KQ,5.0,true,none
CR-004393,B0C2JF5179,5.0,true,none
CR-004394,B0C2JF5179,5.0,true,none
CR-004395,B07R81N4X9,5.0,true,none
CR-004396,B0C2JF5179,5.0,true,ozone_odor_safety
CR-004397,B0C2JF5179,5.0,true,none
CR-004398,B0BZPPXM8D,4.0,true,none
CR-004399,B0C2JF5179,5.0,true,none
CR-004400,B0C2JF5179,3.0,true,reliability
CR-004401,B0C2JF5179,5.0,true,none
CR-004402,B003RYPPO2,5.0,true,none
CR-004403,B0C2JF5179,5.0,true,none
CR-004404,B0114VK7DI,5.0,true,none
CR-004405,B0776XKZ1Y,4.0,true,none
CR-004406,B07R81N4X9,5.0,true,none
CR-004407,B07QPNSQJ5,5.0,true,none
CR-004408,B0C2JF5179,5.0,true,none
CR-004409,B0C2JF5179,3.0,true,none
CR-004410,B0C2JF5179,1.0,true,none
CR-004411,B07R81N4X9,5.0,true,none
CR-004412,B0BZPPXM8D,5.0,true,none
CR-004413,B093JYV9RR,5.0,true,none
CR-004414,B0C2JF5179,5.0,true,none
CR-004415,B07KXBX32V,5.0,true,none
CR-004416,B0C2JF5179,5.0,true,none
CR-004417,B0C2JF5179,4.0,true,none
CR-004418,B0C2JF5179,5.0,true,none
CR-004419,B08QKRJJS1,5.0,true,none
CR-004420,B07R81N4X9,5.0,true,none
CR-004421,B0C2JF5179,5.0,true,none
CR-004422,B0C2JF5179,5.0,true,none
CR-004423,B00X67EJI8,4.0,true,none
CR-004424,B0776XKZ1Y,2.0,true,none
CR-004425,B0BZPPXM8D,5.0,true,none
CR-004426,B0C2JF5179,5.0,true,none
CR-004427,B0C2JF5179,4.0,true,none
CR-004428,B0BZPPXM8D,5.0,true,none
CR-004429,B0C2JF5179,5.0,true,none
CR-004430,B093JYV9RR,5.0,true,none
CR-004431,B0C2JF5179,5.0,true,none
CR-004432,B0C2JF5179,5.0,true,none
CR-004433,B071HMNTPM,1.0,true,none
CR-004434,B0C2JF5179,5.0,true,none
CR-004435,B0C2JF5179,5.0,true,none
CR-004436,B0BZDM7HQL,5.0,true,none
CR-004437,B0C2JF5179,5.0,true,none
CR-004438,B01GXFY0KQ,5.0,true,none
CR-004439,B00X67EJI8,2.0,true,none
CR-004440,B0C2JF5179,4.0,true,none
CR-004441,B0C2JF5179,5.0,true,none
CR-004442,B07BTNJRS6,5.0,true,none
CR-004443,B0C2JF5179,5.0,true,none
CR-004444,B07DK5NSY1,2.0,true,noise
CR-004445,B0C2JF5179,5.0,true,none
CR-004446,B0C2JF5179,5.0,true,none
CR-004447,B07KXBX32V,5.0,true,none
CR-004448,B0C2JF5179,1.0,false,none
CR-004449,B093JYV9RR,5.0,true,none
CR-004450,B0C2JF5179,5.0,true,none
CR-004451,B0C2JF5179,5.0,true,none
CR-004452,B0C2JF5179,1.0,true,none
CR-004453,B0BZPPXM8D,5.0,true,none
CR-004454,B0C2JF5179,5.0,true,none
CR-004455,B0C2JF5179,5.0,true,none
CR-004456,B0C2JF5179,5.0,true,none
CR-004457,B08QKRJJS1,5.0,true,none
CR-004458,B0C2JF5179,5.0,true,none
CR-004459,B0C2JF5179,5.0,true,none
CR-004460,B0C2JF5179,1.0,true,none
CR-004461,B0C2JF5179,5.0,true,none
CR-004462,B0BZPPXM8D,5.0,false,reliability
CR-004463,B0C2JF5179,5.0,true,none
CR-004464,B07B8LYNCX,5.0,true,none
CR-004465,B07R81N4X9,5.0,true,none
CR-004466,B07ZPLXB54,5.0,true,noise
CR-004467,B07KXBX32V,5.0,true,none
CR-004468,B07R81N4X9,5.0,true,none
CR-004469,B07KXBX32V,1.0,true,noise
CR-004470,B0C2JF5179,5.0,true,noise
CR-004471,B0C2JF5179,5.0,true,none
CR-004472,B07KXBX32V,5.0,true,none
CR-004473,B0C2JF5179,5.0,true,none
CR-004474,B0BZPPXM8D,5.0,true,none
CR-004475,B093JYV9RR,5.0,true,none
CR-004476,B093JYV9RR,5.0,true,none
CR-004477,B07KXBX32V,5.0,true,none
CR-004478,B07QPNSQJ5,4.0,true,none
CR-004479,B0B2DX3SNN,5.0,true,none
CR-004480,B07KXBX32V,5.0,true,none
CR-004481,B07KXBX32V,5.0,true,noise
CR-004482,B01GXFY0KQ,5.0,true,none
CR-004483,B0C2JF5179,4.0,true,none
CR-004484,B0C2JF5179,5.0,true,none
CR-004485,B0C2JF5179,5.0,true,none
CR-004486,B0BZPPXM8D,5.0,true,none
CR-004487,B07KXBX32V,5.0,true,none
CR-004488,B093JYV9RR,5.0,true,none
CR-004489,B0C2JF5179,5.0,true,none
CR-004490,B07KXBX32V,5.0,true,none
CR-004491,B0C2JF5179,5.0,true,none
CR-004492,B0C2JF5179,5.0,true,none
CR-004493,B07R81N4X9,5.0,true,none
CR-004494,B08QKRJJS1,5.0,true,none
CR-004495,B0776XKZ1Y,5.0,true,none
CR-004496,B093JYV9RR,5.0,true,none
CR-004497,B0C2JF5179,5.0,true,none
CR-004498,B0C2JF5179,3.0,true,noise
CR-004499,B0C2JF5179,4.0,true,none
CR-004500,B0C2JF5179,5.0,true,none
CR-004501,B07KXBX32V,5.0,true,none
CR-004502,B0BZPPXM8D,5.0,true,none
CR-004503,B0C2JF5179,5.0,true,none
CR-004504,B071HMNTPM,5.0,true,none
CR-004505,B0C2JF5179,5.0,true,none
CR-004506,B0C2JF5179,5.0,true,none
CR-004507,B0BBV2Z7VG,4.0,true,noise
CR-004508,B07ZPLXB54,5.0,true,none
CR-004509,B07R81N4X9,5.0,true,none
CR-004510,B093JYV9RR,5.0,true,none
CR-004511,B0C2JF5179,5.0,true,none
CR-004512,B07R81N4X9,5.0,true,none
CR-004513,B07R81N4X9,5.0,true,none
CR-004514,B0776XKZ1Y,5.0,true,none
CR-004515,B00X67EJI8,4.0,true,none
CR-004516,B0C2JF5179,5.0,true,none
CR-004517,B0C2JF5179,5.0,true,none
CR-004518,B0C2JF5179,5.0,true,none
CR-004519,B0C2JF5179,5.0,true,none
CR-004520,B093JYV9RR,5.0,true,none
CR-004521,B0C2JF5179,3.0,true,none
CR-004522,B0C2JF5179,5.0,true,none
CR-004523,B0C2JF5179,5.0,true,none
CR-004524,B0C2JF5179,5.0,true,none
CR-004525,B07WNVRYVK,5.0,true,none
CR-004526,B0C2JF5179,5.0,true,none
CR-004527,B0776XKZ1Y,1.0,true,value_effectiveness
CR-004528,B0C2JF5179,5.0,true,none
CR-004529,B0BZPPXM8D,5.0,true,none
CR-004530,B0C2JF5179,5.0,true,none
CR-004531,B0C2JF5179,5.0,true,none
CR-004532,B0C2JF5179,5.0,true,none
CR-004533,B07R81N4X9,5.0,true,none
CR-004534,B07R81N4X9,5.0,true,none
CR-004535,B0776XKZ1Y,1.0,true,none
CR-004536,B0C2JF5179,5.0,true,none
CR-004537,B0C2JF5179,5.0,true,none
CR-004538,B07R81N4X9,5.0,true,none
CR-004539,B0C2JF5179,5.0,true,none
CR-004540,B0C2JF5179,5.0,true,none
CR-004541,B0C2JF5179,5.0,true,none
CR-004542,B0C2JF5179,5.0,true,none
CR-004543,B0BBV2Z7VG,5.0,true,none
CR-004544,B07R81N4X9,5.0,true,none
CR-004545,B0C2JF5179,5.0,true,none
CR-004546,B093JYV9RR,5.0,true,none
CR-004547,B0C2JF5179,4.0,true,noise
CR-004548,B0776XKZ1Y,5.0,true,none
CR-004549,B07KXBX32V,5.0,true,none
CR-004550,B01GXFY0KQ,3.0,true,none
CR-004551,B0C2JF5179,5.0,true,none
CR-004552,B093JYV9RR,3.0,true,none
CR-004553,B0C2JF5179,5.0,true,none
CR-004554,B0C2JF5179,5.0,true,none
CR-004555,B0776XKZ1Y,5.0,true,none
CR-004556,B093JYV9RR,5.0,true,none
CR-004557,B0C2JF5179,5.0,true,none
CR-004558,B0BBV2Z7VG,5.0,true,noise
CR-004559,B0C2JF5179,5.0,true,none
CR-004560,B07KXBX32V,3.0,true,none
CR-004561,B01GXFY0KQ,5.0,true,none
CR-004562,B0C2JF5179,1.0,true,value_effectiveness
CR-004563,B093JYV9RR,5.0,true,none
CR-004564,B0C2JF5179,1.0,true,none
CR-004565,B0C2JF5179,4.0,true,none
CR-004566,B07R81N4X9,5.0,true,none
CR-004567,B07KXBX32V,4.0,true,none
CR-004568,B07R81N4X9,5.0,true,none
CR-004569,B07R81N4X9,5.0,true,none
CR-004570,B0C2JF5179,5.0,true,none
CR-004571,B0C2JF5179,5.0,true,none
CR-004572,B0C2JF5179,5.0,true,none
CR-004573,B0C2JF5179,5.0,true,none
CR-004574,B07KXBX32V,5.0,true,none
CR-004575,B0C2JF5179,5.0,true,none
CR-004576,B0C2JF5179,5.0,true,none
CR-004577,B07WNVRYVK,5.0,true,none
CR-004578,B071DXQ1RV,5.0,true,none
CR-004579,B093JYV9RR,5.0,false,noise
CR-004580,B07R81N4X9,5.0,true,none
CR-004581,B07KXBX32V,5.0,true,none
CR-004582,B0C2JF5179,5.0,true,none
CR-004583,B0C2JF5179,5.0,true,none
CR-004584,B0C2JF5179,5.0,true,none
CR-004585,B0C2JF5179,5.0,true,none
CR-004586,B0C2JF5179,5.0,false,none
CR-004587,B071HMNTPM,5.0,true,none
CR-004588,B0C2JF5179,5.0,true,none
CR-004589,B0BZPPXM8D,5.0,true,none
CR-004590,B07ZPLXB54,5.0,true,none
CR-004591,B07SFY6BZ7,5.0,true,none
CR-004592,B07KXBX32V,5.0,true,none
CR-004593,B07R81N4X9,5.0,true,none
CR-004594,B0C2JF5179,5.0,true,none
CR-004595,B0C2JF5179,5.0,true,none
CR-004596,B0B2DX3SNN,5.0,true,none
CR-004597,B07R81N4X9,5.0,true,none
CR-004598,B08QKRJJS1,2.0,true,customer_service
CR-004599,B0C2JF5179,5.0,true,none
CR-004600,B0C2JF5179,5.0,true,none
CR-004601,B0C2JF5179,5.0,true,none
CR-004602,B0C2JF5179,5.0,true,none
CR-004603,B007Y5B814,5.0,true,none
CR-004604,B0C2JF5179,4.0,true,none
CR-004605,B0C2JF5179,5.0,true,none
CR-004606,B0C2JF5179,5.0,true,none
CR-004607,B08QKRJJS1,5.0,true,none
CR-004608,B07ZPLXB54,1.0,true,none
CR-004609,B0C2JF5179,5.0,true,none
CR-004610,B0C2JF5179,5.0,true,none
CR-004611,B0C2JF5179,5.0,true,none
CR-004612,B07ZPLXB54,5.0,true,none
CR-004613,B0C2JF5179,5.0,true,none
CR-004614,B07R81N4X9,4.0,true,noise
CR-004615,B0C2JF5179,5.0,true,none
CR-004616,B0C2JF5179,5.0,true,none
CR-004617,B08P8PRG2M,5.0,true,none
CR-004618,B0C2JF5179,5.0,true,none
CR-004619,B0C2JF5179,5.0,true,none
CR-004620,B093JYV9RR,5.0,true,none
CR-004621,B0C2JF5179,5.0,true,none
CR-004622,B07B8LYNCX,2.0,true,none
CR-004623,B0BZPPXM8D,5.0,true,none
CR-004624,B0C2JF5179,5.0,true,none
CR-004625,B0C2JF5179,5.0,true,none
CR-004626,B0C2JF5179,5.0,true,none
CR-004627,B0BZPPXM8D,1.0,true,none
CR-004628,B08QKRJJS1,1.0,true,reliability
CR-004629,B07R81N4X9,5.0,false,noise
CR-004630,B0C2JF5179,5.0,true,none
CR-004631,B0C2JF5179,5.0,true,none
CR-004632,B07KXBX32V,5.0,true,none
CR-004633,B0C2JF5179,4.0,true,none
CR-004634,B0BZPPXM8D,5.0,true,none
CR-004635,B0776XKZ1Y,4.0,true,none
CR-004636,B0C2JF5179,5.0,true,none
CR-004637,B0C2JF5179,5.0,true,none
CR-004638,B0C2JF5179,5.0,true,none
CR-004639,B0BBV2Z7VG,1.0,true,none
CR-004640,B07ZPLXB54,1.0,true,ozone_odor_safety
CR-004641,B0C2JF5179,5.0,true,none
CR-004642,B07R81N4X9,1.0,true,none
CR-004643,B0C2JF5179,5.0,true,none
CR-004644,B0C2JF5179,5.0,true,none
CR-004645,B093JYV9RR,5.0,true,none
CR-004646,B0C2JF5179,5.0,true,none
CR-004647,B07ZPLXB54,5.0,true,none
CR-004648,B07ZPLXB54,1.0,true,none
CR-004649,B0BZPPXM8D,1.0,true,none
CR-004650,B07QPNSQJ5,5.0,true,none
CR-004651,B0C2JF5179,5.0,true,none
CR-004652,B07R81N4X9,5.0,true,none
CR-004653,B0C2JF5179,5.0,true,none
CR-004654,B0C2JF5179,5.0,true,none
CR-004655,B0C2JF5179,5.0,true,none
CR-004656,B0C2JF5179,5.0,true,none
CR-004657,B0C2JF5179,5.0,true,none
CR-004658,B0C2JF5179,5.0,true,none
CR-004659,B0C2JF5179,5.0,true,none
CR-004660,B01IBRFMQU,5.0,true,none
CR-004661,B0C2JF5179,1.0,true,none
CR-004662,B07ZPLXB54,5.0,true,none
CR-004663,B08QKRJJS1,5.0,true,none
CR-004664,B07ZPLXB54,5.0,true,noise
CR-004665,B07ZPLXB54,5.0,true,none
CR-004666,B0C2JF5179,5.0,true,none
CR-004667,B0C2JF5179,5.0,true,none
CR-004668,B07ZPLXB54,5.0,true,none
CR-004669,B0C2JF5179,5.0,true,none
CR-004670,B0C2JF5179,5.0,true,none
CR-004671,B0C2JF5179,5.0,true,none
CR-004672,B07ZPLXB54,1.0,true,none
CR-004673,B07KXBX32V,5.0,true,none
CR-004674,B07KXBX32V,1.0,true,none
CR-004675,B07C1HTHY6,3.0,true,none
CR-004676,B093JYV9RR,5.0,true,none
CR-004677,B07ZPLXB54,5.0,true,none
CR-004678,B0C2JF5179,5.0,true,none
CR-004679,B0C2JF5179,5.0,true,none
CR-004680,B0BZPPXM8D,5.0,true,none
CR-004681,B07R81N4X9,5.0,true,none
CR-004682,B0C2JF5179,3.0,true,noise
CR-004683,B07R81N4X9,5.0,true,none
CR-004684,B07ZPLXB54,5.0,true,none
CR-004685,B0C2JF5179,4.0,true,none
CR-004686,B071HMNTPM,5.0,true,none
CR-004687,B07R81N4X9,5.0,true,none
CR-004688,B07R81N4X9,5.0,true,none
CR-004689,B07R81N4X9,5.0,true,none
CR-004690,B07R81N4X9,5.0,true,none
CR-004691,B0C2JF5179,5.0,true,none
CR-004692,B0C2JF5179,5.0,true,none
CR-004693,B0C2JF5179,5.0,true,none
CR-004694,B0C2JF5179,5.0,false,none
CR-004695,B0C2JF5179,5.0,true,none
CR-004696,B0C2JF5179,5.0,true,none
CR-004697,B0C2JF5179,2.0,true,none
CR-004698,B0C2JF5179,5.0,true,none
CR-004699,B07ZPLXB54,5.0,true,none
CR-004700,B0C2JF5179,5.0,true,none
CR-004701,B0C2JF5179,1.0,true,none
CR-004702,B0C2JF5179,5.0,true,none
CR-004703,B0C2JF5179,5.0,true,none
CR-004704,B071HMNTPM,4.0,true,noise
CR-004705,B07ZPLXB54,5.0,true,noise
CR-004706,B07ZPLXB54,5.0,true,none
CR-004707,B07ZPLXB54,5.0,true,none
CR-004708,B07DK5NSY1,5.0,true,none
CR-004709,B0C2JF5179,5.0,true,none
CR-004710,B093JYV9RR,5.0,true,none
CR-004711,B08P8PRG2M,5.0,true,none
CR-004712,B07QVYWK93,2.0,true,none
CR-004713,B07ZPLXB54,1.0,true,none
CR-004714,B0C2JF5179,5.0,true,none
CR-004715,B0C2JF5179,5.0,true,none
CR-004716,B0C2JF5179,5.0,true,none
CR-004717,B0C2JF5179,5.0,true,none
CR-004718,B0C2JF5179,1.0,true,none
CR-004719,B0C2JF5179,5.0,true,none
CR-004720,B093JYV9RR,4.0,true,none
CR-004721,B071HMNTPM,5.0,true,none
CR-004722,B0C2JF5179,5.0,true,none
CR-004723,B07KXBX32V,5.0,true,none
CR-004724,B07KXBX32V,1.0,true,none
CR-004725,B07ZPLXB54,5.0,true,none
CR-004726,B0C2JF5179,5.0,true,none
CR-004727,B0C2JF5179,5.0,true,noise
CR-004728,B0C2JF5179,5.0,true,none
CR-004729,B0C2JF5179,5.0,true,none
CR-004730,B07ZPLXB54,4.0,true,none
CR-004731,B07ZPLXB54,5.0,true,none
CR-004732,B0C2JF5179,5.0,true,none
CR-004733,B0C2JF5179,5.0,true,none
CR-004734,B0C2JF5179,5.0,true,none
CR-004735,B0C2JF5179,5.0,true,none
CR-004736,B0C2JF5179,5.0,true,none
CR-004737,B0C2JF5179,5.0,true,none
CR-004738,B0C2JF5179,5.0,true,noise
CR-004739,B07ZPLXB54,5.0,true,none
CR-004740,B0C2JF5179,5.0,true,none
CR-004741,B07ZPLXB54,5.0,true,none
CR-004742,B07KXBX32V,1.0,true,none
CR-004743,B07DK5NSY1,1.0,true,none
CR-004744,B01GXFY0KQ,1.0,true,filter_cost
CR-004745,B0C2JF5179,5.0,true,none
CR-004746,B0C2JF5179,5.0,true,none
CR-004747,B07R81N4X9,5.0,true,none
CR-004748,B07ZPLXB54,5.0,true,none
CR-004749,B0C2JF5179,5.0,true,none
CR-004750,B0C2JF5179,5.0,true,none
CR-004751,B071HMNTPM,3.0,true,noise
CR-004752,B0C2JF5179,5.0,true,none
CR-004753,B0C2JF5179,5.0,true,none
CR-004754,B0C2JF5179,5.0,true,none
CR-004755,B0C2JF5179,5.0,true,none
CR-004756,B0C2JF5179,5.0,true,none
CR-004757,B0C2JF5179,2.0,true,none
CR-004758,B071HMNTPM,5.0,true,none
CR-004759,B07ZPLXB54,4.0,true,noise
CR-004760,B07ZPLXB54,4.0,true,none
CR-004761,B0BBV2Z7VG,4.0,true,noise
CR-004762,B0BBV2Z7VG,5.0,true,none
CR-004763,B0C2JF5179,5.0,true,none
CR-004764,B07R81N4X9,1.0,true,none
CR-004765,B0C2JF5179,1.0,true,none
CR-004766,B0C2JF5179,5.0,true,none
CR-004767,B0C2JF5179,5.0,true,none
CR-004768,B0C2JF5179,4.0,true,none
CR-004769,B0C2JF5179,5.0,true,none
CR-004770,B0C2JF5179,5.0,true,none
CR-004771,B07R5WX77Y,4.0,true,none
CR-004772,B0C2JF5179,5.0,true,none
CR-004773,B07R81N4X9,5.0,true,none
CR-004774,B0BZPPXM8D,5.0,true,none
CR-004775,B07R81N4X9,5.0,true,none
CR-004776,B07KXBX32V,3.0,true,none
CR-004777,B0BZPPXM8D,5.0,true,none
CR-004778,B0C2JF5179,5.0,true,none
CR-004779,B009CAUR6G,1.0,true,value_effectiveness
CR-004780,B0C2JF5179,1.0,true,none
CR-004781,B0C2JF5179,4.0,true,none
CR-004782,B0C2JF5179,5.0,true,none
CR-004783,B0C2JF5179,5.0,true,none
CR-004784,B0BBV2Z7VG,5.0,true,none
CR-004785,B01GXFY0KQ,5.0,true,none
CR-004786,B0C2JF5179,5.0,true,none
CR-004787,B0C2JF5179,5.0,true,none
CR-004788,B0BBV2Z7VG,5.0,true,filter_cost
CR-004789,B0BZPPXM8D,5.0,true,none
CR-004790,B07ZPLXB54,5.0,true,none
CR-004791,B0C2JF5179,5.0,true,none
CR-004792,B0C2JF5179,5.0,true,none
CR-004793,B07HQ73JNL,5.0,true,none
CR-004794,B07DK5NSY1,1.0,true,reliability
CR-004795,B0C2JF5179,5.0,true,none
CR-004796,B082Y2PK2G,5.0,true,none
CR-004797,B01GXFY0KQ,5.0,true,none
CR-004798,B0C2JF5179,5.0,true,none
CR-004799,B0BBV2Z7VG,5.0,true,noise
CR-004800,B071HMNTPM,5.0,true,none
CR-004801,B071HMNTPM,5.0,true,none
CR-004802,B00A6E9JP2,5.0,true,filter_cost
CR-004803,B082Y2PK2G,1.0,true,none
CR-004804,B08P8PRG2M,5.0,true,none
CR-004805,B07ZPLXB54,1.0,true,none
CR-004806,B07QPNSQJ5,5.0,true,none
CR-004807,B0C2JF5179,5.0,true,none
CR-004808,B084GKPZ4V,5.0,true,none
CR-004809,B0C2JF5179,3.0,true,none
CR-004810,B082Y2PK2G,5.0,true,none
CR-004811,B0C2JF5179,5.0,true,none
CR-004812,B0C2JF5179,5.0,true,none
CR-004813,B0C2JF5179,5.0,true,none
CR-004814,B071HMNTPM,4.0,true,none
CR-004815,B08QKRJJS1,5.0,true,none
CR-004816,B07ZPLXB54,2.0,true,none
CR-004817,B07KXBX32V,2.0,true,none
CR-004818,B0BBV2Z7VG,5.0,true,none
CR-004819,B07ZPLXB54,1.0,true,none
CR-004820,B07KXBX32V,3.0,true,none
CR-004821,B07ZPLXB54,5.0,true,none
CR-004822,B01GXFY0KQ,5.0,true,none
CR-004823,B093JYV9RR,5.0,true,none
CR-004824,B07G8WK2TW,5.0,true,none
CR-004825,B0C2JF5179,5.0,true,none
CR-004826,B0C2JF5179,5.0,true,none
CR-004827,B0C2JF5179,5.0,true,none
CR-004828,B00X67EJI8,5.0,true,none
CR-004829,B07R81N4X9,5.0,true,none
CR-004830,B0C2JF5179,4.0,true,none
CR-004831,B0C2JF5179,5.0,true,value_effectiveness
CR-004832,B07BTNJRS6,3.0,true,none
CR-004833,B0BBV2Z7VG,5.0,true,none
CR-004834,B07QPNSQJ5,5.0,true,none
CR-004835,B0C2JF5179,3.0,true,none
CR-004836,B0BBV2Z7VG,5.0,true,none
CR-004837,B07KXBX32V,4.0,true,none
CR-004838,B07R81N4X9,5.0,true,none
CR-004839,B07R81N4X9,5.0,true,none
CR-004840,B009CAUR6G,4.0,true,none
CR-004841,B07R81N4X9,5.0,true,none
CR-004842,B07PWDTF8B,5.0,true,none
CR-004843,B0C2JF5179,5.0,true,none
CR-004844,B07ZPLXB54,5.0,true,none
CR-004845,B082Y2PK2G,3.0,true,none
CR-004846,B0BZPPXM8D,4.0,true,none
CR-004847,B0C2JF5179,5.0,true,none
CR-004848,B07QPNSQJ5,5.0,true,none
CR-004849,B0C2JF5179,5.0,true,none
CR-004850,B0C2JF5179,1.0,true,none
CR-004851,B07KXBX32V,5.0,true,none
CR-004852,B093JYV9RR,5.0,true,none
CR-004853,B0C2JF5179,5.0,true,none
CR-004854,B0BZPPXM8D,4.0,true,none
CR-004855,B0C2JF5179,5.0,true,none
CR-004856,B0C2JF5179,1.0,true,value_effectiveness
CR-004857,B093JYV9RR,4.0,true,none
CR-004858,B07ZPLXB54,5.0,true,none
CR-004859,B07KXBX32V,5.0,true,none
CR-004860,B0C2JF5179,5.0,true,none
CR-004861,B071HMNTPM,1.0,true,none
CR-004862,B0C2JF5179,5.0,true,none
CR-004863,B0C2JF5179,5.0,false,none
CR-004864,B0C2JF5179,5.0,true,none
CR-004865,B093JYV9RR,4.0,true,none
CR-004866,B093JYV9RR,5.0,true,none
CR-004867,B0C2JF5179,5.0,true,none
CR-004868,B0BZPPXM8D,4.0,true,none
CR-004869,B093JYV9RR,4.0,true,none
CR-004870,B07KXBX32V,5.0,true,none
CR-004871,B084GKPZ4V,3.0,true,none
CR-004872,B07ZPLXB54,1.0,true,none
CR-004873,B07DK5NSY1,5.0,true,none
CR-004874,B07R81N4X9,2.0,true,none
CR-004875,B0C2JF5179,5.0,true,none
CR-004876,B0BZPPXM8D,5.0,true,none
CR-004877,B0C2JF5179,5.0,true,none
CR-004878,B0C2JF5179,5.0,true,none
CR-004879,B0C2JF5179,5.0,true,none
CR-004880,B093JYV9RR,5.0,true,none
CR-004881,B0C2JF5179,5.0,true,none
CR-004882,B07R81N4X9,5.0,true,none
CR-004883,B0C2JF5179,5.0,true,none
CR-004884,B082Y2PK2G,1.0,true,ozone_odor_safety
CR-004885,B0C2JF5179,5.0,true,none
CR-004886,B07QPNSQJ5,5.0,true,none
CR-004887,B07QPNSQJ5,5.0,true,none
CR-004888,B0C2JF5179,5.0,true,none
CR-004889,B0C2JF5179,4.0,true,none
CR-004890,B0BBV2Z7VG,5.0,true,none
CR-004891,B0C2JF5179,5.0,true,none
CR-004892,B0C2JF5179,5.0,true,none
CR-004893,B0C2JF5179,5.0,true,none
CR-004894,B0C2JF5179,5.0,true,none
CR-004895,B01GXFY0KQ,5.0,true,none
CR-004896,B093JYV9RR,5.0,true,none
CR-004897,B0C2JF5179,1.0,true,none
CR-004898,B0C2JF5179,5.0,true,none
CR-004899,B07G8WK2TW,5.0,true,none
CR-004900,B0C2JF5179,1.0,true,none
CR-004901,B0C2JF5179,5.0,true,none
CR-004902,B0C2JF5179,5.0,true,none
CR-004903,B0C2JF5179,5.0,true,none
CR-004904,B0BZPPXM8D,5.0,true,none
CR-004905,B0C2JF5179,5.0,true,none
CR-004906,B0C2JF5179,5.0,true,none
CR-004907,B0C2JF5179,5.0,true,none
CR-004908,B0C2JF5179,5.0,true,none
CR-004909,B0C2JF5179,4.0,true,none
CR-004910,B07DK5NSY1,2.0,true,reliability
CR-004911,B07R81N4X9,2.0,true,none
CR-004912,B0776XKZ1Y,5.0,true,none
CR-004913,B0BZPPXM8D,5.0,false,ozone_odor_safety
CR-004914,B0C2JF5179,5.0,true,none
CR-004915,B071HMNTPM,1.0,true,none
CR-004916,B07R81N4X9,5.0,true,none
CR-004917,B0C2JF5179,5.0,true,none
CR-004918,B072KHQD1N,1.0,true,none
CR-004919,B0C2JF5179,5.0,true,none
CR-004920,B07PWDTF8B,5.0,true,none
CR-004921,B0C2JF5179,5.0,true,none
CR-004922,B071HMNTPM,2.0,true,none
CR-004923,B082Y2PK2G,2.0,true,none
CR-004924,B0C2JF5179,5.0,true,none
CR-004925,B0C2JF5179,5.0,true,none
CR-004926,B0BZPPXM8D,5.0,true,none
CR-004927,B0C2JF5179,3.0,true,none
CR-004928,B0C2JF5179,5.0,true,none
CR-004929,B0C2JF5179,5.0,true,none
CR-004930,B07PWDTF8B,5.0,true,none
CR-004931,B0BBV2Z7VG,5.0,true,none
CR-004932,B0C2JF5179,5.0,true,none
CR-004933,B07R81N4X9,5.0,true,none
CR-004934,B0C2JF5179,3.0,true,none
CR-004935,B0C2JF5179,5.0,true,none
CR-004936,B07R81N4X9,4.0,true,none
CR-004937,B07DK5NSY1,5.0,true,none
CR-004938,B0BZPPXM8D,1.0,true,reliability
CR-004939,B0C2JF5179,5.0,true,none
CR-004940,B0C2JF5179,5.0,true,none
CR-004941,B0BZPPXM8D,5.0,true,none
CR-004942,B0C2JF5179,5.0,true,none
CR-004943,B0C2JF5179,5.0,true,none
CR-004944,B07R81N4X9,5.0,true,none
CR-004945,B07QPNSQJ5,2.0,true,noise
CR-004946,B0C2JF5179,4.0,true,none
CR-004947,B082Y2PK2G,5.0,true,none
CR-004948,B0C2JF5179,5.0,true,none
CR-004949,B0C2JF5179,5.0,true,none
CR-004950,B01GXFY0KQ,2.0,true,none
CR-004951,B0BZPPXM8D,1.0,true,none
CR-004952,B07R81N4X9,2.0,true,none
CR-004953,B0C2JF5179,5.0,true,none
CR-004954,B082Y2PK2G,5.0,true,none
CR-004955,B0C2JF5179,4.0,true,none
CR-004956,B07B8LYNCX,5.0,true,none
CR-004957,B093JYV9RR,5.0,true,none
CR-004958,B0C2JF5179,5.0,true,none
CR-004959,B0C2JF5179,5.0,true,none
CR-004960,B0C2JF5179,5.0,true,none
CR-004961,B01GXFY0KQ,5.0,true,none
CR-004962,B07PWDTF8B,5.0,true,none
CR-004963,B0C2JF5179,5.0,true,none
CR-004964,B07V4GC3VC,3.0,true,noise
CR-004965,B0C2JF5179,5.0,true,none
CR-004966,B0BZPPXM8D,5.0,true,none
CR-004967,B0C2JF5179,5.0,true,none
CR-004968,B071HMNTPM,5.0,true,none
CR-004969,B071HMNTPM,5.0,true,none
CR-004970,B0C2JF5179,5.0,true,none
CR-004971,B08P8PRG2M,2.0,true,noise
CR-004972,B07PWDTF8B,5.0,true,none
CR-004973,B0C2JF5179,5.0,true,none
CR-004974,B0C2JF5179,5.0,true,none
CR-004975,B0C2JF5179,5.0,true,none
CR-004976,B0C2JF5179,5.0,true,none
CR-004977,B0C2JF5179,5.0,true,none
CR-004978,B08P8PRG2M,5.0,false,noise
CR-004979,B00X67EJI8,5.0,false,none
CR-004980,B0C2JF5179,1.0,true,none
CR-004981,B0C2JF5179,5.0,true,none
CR-004982,B07R81N4X9,5.0,true,none
CR-004983,B0C2JF5179,5.0,true,none
CR-004984,B0C2JF5179,5.0,true,none
CR-004985,B07ZPLXB54,1.0,true,noise
CR-004986,B0C2JF5179,5.0,true,none
CR-004987,B0C2JF5179,5.0,true,none
CR-004988,B0BZPPXM8D,5.0,true,none
CR-004989,B07DK5NSY1,1.0,true,noise
CR-004990,B08QKRJJS1,2.0,true,reliability
CR-004991,B082Y2PK2G,1.0,true,value_effectiveness
CR-004992,B0BBV2Z7VG,1.0,true,none
CR-004993,B07QPNSQJ5,3.0,true,none
CR-004994,B00X67EJI8,5.0,true,none
CR-004995,B0C2JF5179,2.0,true,none
CR-004996,B0C2JF5179,5.0,true,none
CR-004997,B0C2JF5179,5.0,true,none
CR-004998,B0C2JF5179,1.0,true,none
CR-004999,B093JYV9RR,5.0,true,none
CR-005000,B082Y2PK2G,5.0,true,none
CR-005001,B0C2JF5179,5.0,true,none
CR-005002,B07QPNSQJ5,4.0,true,none
CR-005003,B07R81N4X9,1.0,true,noise
CR-005004,B093JYV9RR,5.0,true,none
CR-005005,B0C2JF5179,5.0,true,none
CR-005006,B0C2JF5179,5.0,true,ozone_odor_safety
CR-005007,B093JYV9RR,4.0,true,none
CR-005008,B07B8LYNCX,1.0,true,noise
CR-005009,B0C2JF5179,5.0,true,none
CR-005010,B0BZPPXM8D,2.0,true,reliability
CR-005011,B01GXFY0KQ,5.0,true,none
CR-005012,B082Y2PK2G,1.0,true,value_effectiveness
CR-005013,B0C2JF5179,5.0,true,none
CR-005014,B0C2JF5179,5.0,true,none
CR-005015,B0C2JF5179,5.0,true,none
CR-005016,B0C2JF5179,5.0,true,none
CR-005017,B0C2JF5179,5.0,true,none
CR-005018,B0C2JF5179,1.0,true,none
CR-005019,B07QPNSQJ5,2.0,true,reliability
CR-005020,B01GXFY0KQ,5.0,true,none
CR-005021,B093JYV9RR,5.0,true,none
CR-005022,B07ZPLXB54,1.0,true,none
CR-005023,B0C2JF5179,5.0,true,none
CR-005024,B0BZPPXM8D,1.0,true,none
CR-005025,B0C2JF5179,5.0,true,none
CR-005026,B0776XKZ1Y,5.0,true,none
CR-005027,B0BBV2Z7VG,5.0,true,none
CR-005028,B07C1HTHY6,5.0,true,none
CR-005029,B07R81N4X9,5.0,true,none
CR-005030,B0C2JF5179,5.0,true,none
CR-005031,B07PWDTF8B,5.0,true,none
CR-005032,B0C2JF5179,5.0,true,none
CR-005033,B07KXBX32V,5.0,true,none
CR-005034,B0C2JF5179,5.0,true,none
CR-005035,B0C2JF5179,5.0,true,none
CR-005036,B0C2JF5179,5.0,true,none
CR-005037,B0C2JF5179,3.0,true,none
CR-005038,B0C2JF5179,5.0,true,none
CR-005039,B082Y2PK2G,1.0,true,none
CR-005040,B0C2JF5179,5.0,true,none
CR-005041,B0C2JF5179,5.0,true,none
CR-005042,B07R81N4X9,5.0,true,none
CR-005043,B093JYV9RR,5.0,true,none
CR-005044,B0C2JF5179,4.0,true,none
CR-005045,B07R81N4X9,1.0,true,none
CR-005046,B093JYV9RR,3.0,true,none
CR-005047,B07PWDTF8B,5.0,true,none
CR-005048,B0C2JF5179,5.0,true,none
CR-005049,B0057IKJPQ,5.0,true,none
CR-005050,B071HMNTPM,1.0,false,none
CR-005051,B07KXBX32V,5.0,true,none
CR-005052,B0C2JF5179,1.0,false,none
CR-005053,B07R81N4X9,5.0,true,none
CR-005054,B07R81N4X9,5.0,true,none
CR-005055,B0C2JF5179,5.0,true,none
CR-005056,B07R81N4X9,5.0,true,none
CR-005057,B0C2JF5179,5.0,true,none
CR-005058,B071HMNTPM,5.0,true,noise
CR-005059,B07R81N4X9,5.0,true,none
CR-005060,B07ZPLXB54,3.0,true,filter_cost
CR-005061,B0C2JF5179,5.0,true,none
CR-005062,B0C2JF5179,5.0,true,none
CR-005063,B0BZPPXM8D,2.0,true,none
CR-005064,B071HMNTPM,5.0,true,none
CR-005065,B07R81N4X9,5.0,true,none
CR-005066,B0BZPPXM8D,5.0,true,none
CR-005067,B07785QCTP,2.0,true,none
CR-005068,B0C2JF5179,5.0,true,none
CR-005069,B0BZPPXM8D,5.0,true,none
CR-005070,B0BZPPXM8D,5.0,true,none
CR-005071,B07KXBX32V,4.0,true,none
CR-005072,B0BBV2Z7VG,5.0,true,none
CR-005073,B0BZPPXM8D,2.0,true,none
CR-005074,B07R81N4X9,3.0,true,noise
CR-005075,B0C2JF5179,5.0,true,none
CR-005076,B0C2JF5179,5.0,true,none
CR-005077,B0C2JF5179,5.0,true,none
CR-005078,B093JYV9RR,5.0,true,none
CR-005079,B0BZPPXM8D,1.0,true,none
CR-005080,B071HMNTPM,5.0,true,none
CR-005081,B0C2JF5179,5.0,true,noise
CR-005082,B00X67EJI8,1.0,true,none
CR-005083,B0C2JF5179,1.0,false,none
CR-005084,B07R81N4X9,5.0,true,none
CR-005085,B07R81N4X9,5.0,true,none
CR-005086,B0C2JF5179,5.0,true,none
CR-005087,B0776XKZ1Y,5.0,true,none
CR-005088,B0C2JF5179,5.0,true,none
CR-005089,B07ZPLXB54,1.0,true,none
CR-005090,B0C2JF5179,5.0,true,none
CR-005091,B082Y2PK2G,1.0,true,none
CR-005092,B07R81N4X9,5.0,true,none
CR-005093,B0C2JF5179,4.0,true,none
CR-005094,B0C2JF5179,5.0,true,none
CR-005095,B0C2JF5179,5.0,true,none
CR-005096,B07R81N4X9,5.0,true,none
CR-005097,B07R81N4X9,5.0,true,none
CR-005098,B07R81N4X9,5.0,true,none
CR-005099,B0C2JF5179,4.0,true,none
CR-005100,B0C2JF5179,5.0,true,none
CR-005101,B0BZDM7HQL,5.0,true,none
CR-005102,B0C2JF5179,5.0,true,none
CR-005103,B0C2JF5179,5.0,true,none
CR-005104,B0C2JF5179,5.0,true,none
CR-005105,B07R81N4X9,5.0,true,none
CR-005106,B071HMNTPM,5.0,true,none
CR-005107,B082Y2PK2G,5.0,true,none
CR-005108,B0C2JF5179,2.0,true,ozone_odor_safety
CR-005109,B07HQ73JNL,5.0,true,none
CR-005110,B0C2JF5179,5.0,true,none
CR-005111,B0C2JF5179,5.0,true,none
CR-005112,B0C2JF5179,5.0,true,none
CR-005113,B07R81N4X9,5.0,true,none
CR-005114,B071HMNTPM,5.0,true,none
CR-005115,B0C2JF5179,5.0,true,none
CR-005116,B0BZPPXM8D,5.0,true,none
CR-005117,B0C2JF5179,1.0,true,none
CR-005118,B07QPNSQJ5,2.0,true,none
CR-005119,B07ZPLXB54,1.0,true,none
CR-005120,B07PWDTF8B,5.0,true,none
CR-005121,B0C2JF5179,5.0,true,none
CR-005122,B082Y2PK2G,4.0,true,none
CR-005123,B071HMNTPM,4.0,true,none
CR-005124,B07QPNSQJ5,1.0,true,none
CR-005125,B0C2JF5179,5.0,true,none
CR-005126,B07DK5NSY1,5.0,true,none
CR-005127,B07QPNSQJ5,5.0,true,none
CR-005128,B0C2JF5179,5.0,true,none
CR-005129,B0C2JF5179,5.0,true,none
CR-005130,B0C2JF5179,5.0,true,none
CR-005131,B071HMNTPM,4.0,true,noise
CR-005132,B0C2JF5179,5.0,true,none
CR-005133,B0C2JF5179,5.0,true,none
CR-005134,B07DK5NSY1,4.0,true,none
CR-005135,B0BBV2Z7VG,1.0,true,none
CR-005136,B0BZPPXM8D,5.0,true,none
CR-005137,B0C2JF5179,5.0,true,none
CR-005138,B07QPNSQJ5,4.0,true,none
CR-005139,B0C2JF5179,5.0,true,none
CR-005140,B0C2JF5179,5.0,true,none
CR-005141,B07ZPLXB54,5.0,true,none
CR-005142,B0C2JF5179,5.0,true,none
CR-005143,B0C2JF5179,5.0,true,none
CR-005144,B093JYV9RR,5.0,true,none
CR-005145,B0BZPPXM8D,1.0,true,none
CR-005146,B0C2JF5179,5.0,true,none
CR-005147,B07QPNSQJ5,5.0,true,none
CR-005148,B0C2JF5179,5.0,true,none
CR-005149,B0C2JF5179,5.0,true,none
CR-005150,B07DK5NSY1,2.0,true,none
CR-005151,B099GYT47Z,5.0,true,none
CR-005152,B0BZPPXM8D,5.0,true,none
CR-005153,B0C2JF5179,1.0,true,none
CR-005154,B0C2JF5179,5.0,true,none
CR-005155,B07VXKR2L4,5.0,true,none
CR-005156,B07R81N4X9,5.0,true,none
CR-005157,B082Y2PK2G,5.0,true,none
CR-005158,B093JYV9RR,5.0,true,none
CR-005159,B071HMNTPM,5.0,true,none
CR-005160,B0BZPPXM8D,4.0,true,none
CR-005161,B0C2JF5179,5.0,true,none
CR-005162,B0C2JF5179,5.0,true,none
CR-005163,B0C2JF5179,5.0,true,none
CR-005164,B07M84HKHV,5.0,true,none
CR-005165,B0C2JF5179,4.0,true,none
CR-005166,B0C2JF5179,5.0,true,none
CR-005167,B0C2JF5179,5.0,true,none
CR-005168,B01GXFY0KQ,1.0,true,none
CR-005169,B0C2JF5179,5.0,true,none
CR-005170,B0C2JF5179,5.0,true,noise
CR-005171,B07QPNSQJ5,5.0,true,none
CR-005172,B0C2JF5179,1.0,true,none
CR-005173,B01GXFY0KQ,5.0,true,none
CR-005174,B0C2JF5179,5.0,true,none
CR-005175,B099GYT47Z,5.0,true,none
CR-005176,B07R81N4X9,5.0,true,none
CR-005177,B007Y5B814,2.0,true,none
CR-005178,B07R81N4X9,3.0,true,none
CR-005179,B0C2JF5179,5.0,true,none
CR-005180,B0C2JF5179,5.0,true,none
CR-005181,B07KXBX32V,2.0,true,none
CR-005182,B0C2JF5179,1.0,true,none
CR-005183,B0C2JF5179,3.0,true,none
CR-005184,B0C2JF5179,4.0,true,none
CR-005185,B07DK5NSY1,5.0,true,none
CR-005186,B0C2JF5179,5.0,true,none
CR-005187,B0C2JF5179,5.0,true,none
CR-005188,B0C2JF5179,5.0,true,none
CR-005189,B0C2JF5179,5.0,true,none
CR-005190,B076J4BK24,5.0,true,none
CR-005191,B0C2JF5179,1.0,true,ozone_odor_safety
CR-005192,B093JYV9RR,5.0,true,none
CR-005193,B07R81N4X9,2.0,true,none
CR-005194,B0C2JF5179,5.0,true,none
CR-005195,B093JYV9RR,5.0,true,none
CR-005196,B07R81N4X9,5.0,true,none
CR-005197,B082Y2PK2G,5.0,true,none
CR-005198,B0C2JF5179,4.0,true,none
CR-005199,B0C2JF5179,2.0,true,none
CR-005200,B0C2JF5179,5.0,true,noise
CR-005201,B0C2JF5179,1.0,true,none
CR-005202,B0C2JF5179,2.0,true,none
CR-005203,B0C2JF5179,5.0,true,none
CR-005204,B0BZPPXM8D,5.0,true,none
CR-005205,B0BZPPXM8D,1.0,true,none
CR-005206,B0C2JF5179,5.0,true,noise
CR-005207,B0C2JF5179,5.0,true,none
CR-005208,B093JYV9RR,5.0,true,none
CR-005209,B0BZPPXM8D,1.0,true,reliability
CR-005210,B0C2JF5179,5.0,true,none
CR-005211,B093JYV9RR,5.0,true,none
CR-005212,B082Y2PK2G,1.0,true,none
CR-005213,B0C2JF5179,5.0,true,none
CR-005214,B07R81N4X9,5.0,true,none
CR-005215,B0C2JF5179,1.0,true,none
CR-005216,B0BZPPXM8D,5.0,true,none
CR-005217,B0C2JF5179,5.0,true,none
CR-005218,B093JYV9RR,5.0,true,none
CR-005219,B0C2JF5179,5.0,true,none
CR-005220,B0C2JF5179,5.0,true,none
CR-005221,B0C2JF5179,5.0,true,none
CR-005222,B07R81N4X9,5.0,true,none
CR-005223,B0C2JF5179,5.0,true,none
CR-005224,B0C2JF5179,5.0,true,none
CR-005225,B07QPNSQJ5,1.0,true,none
CR-005226,B0C2JF5179,5.0,true,none
CR-005227,B0C2JF5179,5.0,true,none
CR-005228,B01GXFY0KQ,5.0,true,none
CR-005229,B071HMNTPM,5.0,true,none
CR-005230,B0BZPPXM8D,1.0,true,none
CR-005231,B0C2JF5179,5.0,true,none
CR-005232,B07QPNSQJ5,5.0,true,none
CR-005233,B0C2JF5179,5.0,true,noise
CR-005234,B0C2JF5179,1.0,true,none
CR-005235,B093JYV9RR,5.0,true,none
CR-005236,B0C2JF5179,5.0,true,none
CR-005237,B0C2JF5179,4.0,true,none
CR-005238,B082Y2PK2G,4.0,true,none
CR-005239,B089M2X49N,5.0,true,none
CR-005240,B0C2JF5179,5.0,true,none
CR-005241,B0C2JF5179,4.0,true,none
CR-005242,B0BZPPXM8D,3.0,true,none
CR-005243,B0C2JF5179,5.0,true,none
CR-005244,B0C2JF5179,4.0,true,none
CR-005245,B0C2JF5179,5.0,true,none
CR-005246,B0848BNPPK,5.0,true,none
CR-005247,B0C2JF5179,5.0,true,none
CR-005248,B071HMNTPM,5.0,true,none
CR-005249,B082Y2PK2G,1.0,true,none
CR-005250,B0C2JF5179,5.0,true,none
CR-005251,B093JYV9RR,4.0,true,none
CR-005252,B071DXQ1RV,5.0,true,none
CR-005253,B0C2JF5179,1.0,true,value_effectiveness
CR-005254,B0BZPPXM8D,5.0,true,none
CR-005255,B071HMNTPM,2.0,true,none
CR-005256,B07R81N4X9,5.0,true,none
CR-005257,B093JYV9RR,5.0,true,none
CR-005258,B08QKRJJS1,5.0,true,none
CR-005259,B0BZPPXM8D,5.0,true,none
CR-005260,B07KXBX32V,5.0,true,none
CR-005261,B0C2JF5179,5.0,true,none
CR-005262,B071DXQ1RV,4.0,true,none
CR-005263,B0C2JF5179,5.0,true,none
CR-005264,B0C2JF5179,5.0,true,none
CR-005265,B07ZPLXB54,5.0,true,noise
CR-005266,B0C2JF5179,4.0,true,none
CR-005267,B0C2JF5179,5.0,true,none
CR-005268,B0C2JF5179,5.0,true,none
CR-005269,B093JYV9RR,5.0,true,none
CR-005270,B07PWDTF8B,5.0,true,none
CR-005271,B08P8PRG2M,5.0,true,noise
CR-005272,B0B2DX3SNN,5.0,true,none
CR-005273,B0C2JF5179,4.0,true,none
CR-005274,B0C2JF5179,5.0,true,none
CR-005275,B0C2JF5179,5.0,true,none
CR-005276,B07R81N4X9,5.0,true,none
CR-005277,B085ZLFT3W,5.0,true,none
CR-005278,B071HMNTPM,5.0,true,none
CR-005279,B07QPNSQJ5,1.0,true,none
CR-005280,B0C2JF5179,3.0,true,none
CR-005281,B0057IKJPQ,5.0,true,none
CR-005282,B07ZPLXB54,5.0,true,noise
CR-005283,B0C2JF5179,3.0,true,none
CR-005284,B071HMNTPM,5.0,true,none
CR-005285,B07PWDTF8B,5.0,true,none
CR-005286,B088QXVYBR,3.0,true,none
CR-005287,B0C2JF5179,5.0,true,none
CR-005288,B07B8LYNCX,4.0,true,noise
CR-005289,B071HMNTPM,5.0,true,none
CR-005290,B07PWDTF8B,5.0,true,none
CR-005291,B093JYV9RR,5.0,true,none
CR-005292,B0C2JF5179,5.0,true,none
CR-005293,B0C2JF5179,5.0,true,none
CR-005294,B0C2JF5179,5.0,true,none
CR-005295,B07R81N4X9,5.0,true,none
CR-005296,B07QPNSQJ5,2.0,true,none
CR-005297,B0C2JF5179,5.0,true,none
CR-005298,B087JHKTRP,1.0,true,none
CR-005299,B0BZPPXM8D,5.0,true,none
CR-005300,B0C2JF5179,5.0,true,none
CR-005301,B0C2JF5179,1.0,true,none
CR-005302,B0C2JF5179,5.0,true,none
CR-005303,B0C2JF5179,5.0,true,none
CR-005304,B07PWDTF8B,5.0,true,none
CR-005305,B0C2JF5179,5.0,true,none
CR-005306,B07DK5NSY1,2.0,true,reliability
CR-005307,B0C2JF5179,5.0,true,none
CR-005308,B07PWDTF8B,5.0,true,none
CR-005309,B0BZPPXM8D,5.0,true,none
CR-005310,B0C2JF5179,5.0,true,none
CR-005311,B0C2JF5179,5.0,true,none
CR-005312,B07V5FPWMZ,2.0,true,none
CR-005313,B0C2JF5179,5.0,true,none
CR-005314,B0C2JF5179,5.0,true,none
CR-005315,B0C2JF5179,5.0,true,none
CR-005316,B0C2JF5179,5.0,true,none
CR-005317,B08B66H8KY,1.0,true,none
CR-005318,B07PWDTF8B,5.0,true,none
CR-005319,B0C2JF5179,5.0,true,none
CR-005320,B0C2JF5179,5.0,true,none
CR-005321,B0C2JF5179,1.0,true,reliability
CR-005322,B07PWDTF8B,5.0,true,none
CR-005323,B0C2JF5179,5.0,true,none
CR-005324,B07DK5NSY1,5.0,true,none
CR-005325,B071HMNTPM,5.0,true,none
CR-005326,B07DK5NSY1,2.0,true,none
CR-005327,B093JYV9RR,1.0,false,none
CR-005328,B093JYV9RR,5.0,true,none
CR-005329,B0C2JF5179,5.0,true,none
CR-005330,B0869H48RS,5.0,true,none
CR-005331,B0C2JF5179,5.0,true,none
CR-005332,B0C2JF5179,5.0,true,none
CR-005333,B093JYV9RR,5.0,true,none
CR-005334,B07PWDTF8B,5.0,true,none
CR-005335,B07PWDTF8B,5.0,true,none
CR-005336,B0BZPPXM8D,4.0,true,none
CR-005337,B07R81N4X9,5.0,true,none
CR-005338,B0BZPPXM8D,1.0,false,none
CR-005339,B0C2JF5179,5.0,true,none
CR-005340,B07R81N4X9,4.0,true,none
CR-005341,B0C2JF5179,4.0,true,none
CR-005342,B0C2JF5179,5.0,true,none
CR-005343,B0C2JF5179,5.0,true,none
CR-005344,B0C2JF5179,5.0,true,none
CR-005345,B0C2JF5179,5.0,true,none
CR-005346,B0C2JF5179,5.0,true,none
CR-005347,B07PWDTF8B,5.0,true,none
CR-005348,B0C2JF5179,5.0,true,none
CR-005349,B0C2JF5179,5.0,true,none
CR-005350,B0C2JF5179,5.0,true,none
CR-005351,B0C2JF5179,5.0,true,none
CR-005352,B0C2JF5179,5.0,true,none
CR-005353,B0C2JF5179,5.0,true,none
CR-005354,B07PWDTF8B,5.0,true,none
CR-005355,B07PWDTF8B,4.0,true,none
CR-005356,B0C2JF5179,4.0,true,none
CR-005357,B087JHKTRP,1.0,true,value_effectiveness
CR-005358,B087JHKTRP,4.0,true,none
CR-005359,B07KXBX32V,5.0,true,none
CR-005360,B07R81N4X9,5.0,true,none
CR-005361,B0869H48RS,1.0,true,none
CR-005362,B0BZPPXM8D,5.0,true,none
CR-005363,B0C2JF5179,5.0,true,none
CR-005364,B07R81N4X9,5.0,true,none
CR-005365,B093JYV9RR,5.0,true,none
CR-005366,B0C2JF5179,5.0,true,none
CR-005367,B082Y2PK2G,1.0,true,none
CR-005368,B0C2JF5179,5.0,true,none
CR-005369,B0C2JF5179,5.0,true,none
CR-005370,B07PWDTF8B,4.0,true,none
CR-005371,B07PWDTF8B,5.0,true,none
CR-005372,B0C2JF5179,5.0,true,none
CR-005373,B0C2JF5179,5.0,true,none
CR-005374,B0C2JF5179,5.0,true,none
CR-005375,B007Y5B814,1.0,true,none
CR-005376,B0C2JF5179,5.0,true,none
CR-005377,B08P8PRG2M,5.0,true,none
CR-005378,B0C2JF5179,4.0,true,none
CR-005379,B08QKRJJS1,2.0,true,none
CR-005380,B0C2JF5179,5.0,true,none
CR-005381,B0C2JF5179,3.0,true,none
CR-005382,B0C2JF5179,5.0,true,none
CR-005383,B07QPNSQJ5,2.0,true,noise
CR-005384,B08P8PRG2M,5.0,true,noise
CR-005385,B0C2JF5179,4.0,true,none
CR-005386,B0C2JF5179,5.0,true,none
CR-005387,B0C2JF5179,4.0,true,none
CR-005388,B0C2JF5179,5.0,true,none
CR-005389,B0C2JF5179,5.0,true,none
CR-005390,B07PWDTF8B,5.0,true,none
CR-005391,B0C2JF5179,5.0,true,none
CR-005392,B07PWDTF8B,5.0,false,none
CR-005393,B082Y2PK2G,5.0,true,none
CR-005394,B07PWDTF8B,5.0,true,none
CR-005395,B0C2JF5179,5.0,true,none
CR-005396,B0BZPPXM8D,5.0,true,none
CR-005397,B0869H48RS,5.0,true,none
CR-005398,B0BZPPXM8D,1.0,true,none
CR-005399,B086SN7JT9,5.0,true,none
CR-005400,B084GKPZ4V,3.0,true,none
CR-005401,B071HMNTPM,5.0,true,none
CR-005402,B0C2JF5179,4.0,true,none
CR-005404,B082Y2PK2G,3.0,true,none
CR-005405,B093JYV9RR,4.0,true,none
CR-005406,B0C2JF5179,5.0,true,none
CR-005407,B0C2JF5179,5.0,true,none
CR-005408,B082Y2PK2G,5.0,true,none
CR-005409,B0C2JF5179,5.0,true,none
CR-005410,B0C2JF5179,4.0,true,none
CR-005411,B07PWDTF8B,5.0,true,none
CR-005412,B07ZPLXB54,5.0,false,noise
CR-005413,B07BHBVCDC,4.0,true,none
CR-005414,B0BZPPXM8D,5.0,true,none
CR-005415,B07KXBX32V,4.0,true,none
CR-005416,B07PWDTF8B,5.0,false,none
CR-005417,B07R81N4X9,5.0,true,none
CR-005418,B0C2JF5179,5.0,true,none
CR-005419,B08699NPRW,3.0,true,none
CR-005420,B0C2JF5179,5.0,true,none
CR-005421,B0BZPPXM8D,5.0,true,none
CR-005422,B0C2JF5179,5.0,true,none
CR-005423,B07KXBX32V,5.0,true,none
CR-005424,B0C2JF5179,5.0,true,none
CR-005425,B0C2JF5179,5.0,true,none
CR-005426,B01GXFY0KQ,5.0,true,none
CR-005427,B07PWDTF8B,5.0,true,none
CR-005428,B0C2JF5179,4.0,true,none
CR-005429,B07PWDTF8B,5.0,true,none
CR-005430,B0C2JF5179,3.0,true,none
CR-005431,B071HMNTPM,5.0,true,none
CR-005432,B093JYV9RR,5.0,true,none
CR-005433,B0C2JF5179,5.0,true,none
CR-005434,B07R81N4X9,5.0,true,none
CR-005435,B07PWDTF8B,5.0,true,none
CR-005436,B0BZPPXM8D,5.0,true,none
CR-005437,B07PWDTF8B,5.0,true,none
CR-005438,B087JHKTRP,5.0,true,none
CR-005439,B07KXBX32V,1.0,true,none
CR-005440,B0B2DX3SNN,3.0,true,reliability
CR-005441,B071HMNTPM,5.0,true,none
CR-005442,B07WX4FVBV,1.0,true,none
CR-005443,B0C2JF5179,5.0,true,none
CR-005444,B01IBRFMQU,3.0,true,noise
CR-005445,B0C2JF5179,5.0,true,none
CR-005446,B0BZPPXM8D,5.0,true,none
CR-005447,B07QPNSQJ5,1.0,true,none
CR-005448,B0C2JF5179,1.0,false,none
CR-005449,B0C2JF5179,5.0,true,none
CR-005450,B0C2JF5179,5.0,true,none
CR-005451,B07PWDTF8B,5.0,true,none
CR-005452,B0C2JF5179,5.0,true,none
CR-005453,B08B66H8KY,4.0,true,none
CR-005454,B076J4BK24,5.0,true,none
CR-005455,B0C2JF5179,5.0,true,none
CR-005456,B0BZPPXM8D,2.0,true,none
CR-005457,B07PWDTF8B,5.0,true,none
CR-005458,B071HMNTPM,5.0,true,none
CR-005459,B0BZPPXM8D,1.0,true,none
CR-005460,B0BZPPXM8D,5.0,true,none
CR-005461,B0BZPPXM8D,5.0,true,none
CR-005462,B0C2JF5179,5.0,true,none
CR-005463,B0C2JF5179,5.0,true,none
CR-005464,B085TD3Z9F,2.0,true,none
CR-005465,B0C2JF5179,5.0,true,none
CR-005466,B0C2JF5179,5.0,true,none
CR-005467,B071DXQ1RV,2.0,true,none
CR-005468,B0C2JF5179,5.0,true,none
CR-005469,B0C2JF5179,5.0,true,none
CR-005470,B082Y2PK2G,4.0,true,none
CR-005471,B0C2JF5179,5.0,true,none
CR-005472,B07R81N4X9,5.0,true,none
CR-005473,B0C2JF5179,5.0,true,none
CR-005474,B0C2JF5179,5.0,false,none
CR-005475,B07PWDTF8B,5.0,true,none
CR-005476,B0C2JF5179,5.0,true,none
CR-005477,B0C2JF5179,5.0,false,noise
CR-005478,B088QXVYBR,5.0,true,none
CR-005479,B0C2JF5179,5.0,true,none
CR-005480,B082Y2PK2G,1.0,true,none
CR-005481,B0C2JF5179,5.0,true,none
CR-005482,B0C2JF5179,5.0,true,none
CR-005483,B07KXBX32V,5.0,true,none
CR-005484,B0BZPPXM8D,5.0,true,none
CR-005485,B0C2JF5179,3.0,true,none
CR-005486,B0C2JF5179,5.0,true,none
CR-005487,B0C2JF5179,5.0,true,none
CR-005488,B093JYV9RR,5.0,true,none
CR-005489,B0C2JF5179,5.0,true,none
CR-005490,B0C2JF5179,5.0,true,none
CR-005491,B082Y2PK2G,4.0,true,none
CR-005492,B0C2JF5179,5.0,true,none
CR-005493,B0BZPPXM8D,5.0,true,none
CR-005494,B0C2JF5179,5.0,true,none
CR-005495,B07PWDTF8B,5.0,true,none
CR-005496,B0C2JF5179,5.0,true,none
CR-005497,B089M2X49N,5.0,true,none
CR-005498,B0C2JF5179,4.0,true,none
CR-005499,B07KXBX32V,1.0,true,value_effectiveness
CR-005500,B0C2JF5179,5.0,true,none
CR-005501,B0C2JF5179,5.0,true,none
CR-005502,B07PWDTF8B,5.0,true,none
CR-005503,B0C2JF5179,4.0,true,none
CR-005504,B07R81N4X9,5.0,true,none
CR-005505,B0776XKZ1Y,5.0,false,none
CR-005506,B07PWDTF8B,5.0,true,none
CR-005507,B093JYV9RR,5.0,true,none
CR-005508,B0C2JF5179,5.0,true,none
CR-005509,B0C2JF5179,5.0,true,none
CR-005510,B089M2X49N,1.0,true,none
CR-005511,B07DK5NSY1,1.0,true,none
CR-005512,B082Y2PK2G,5.0,true,none
CR-005513,B071HMNTPM,5.0,true,none
CR-005514,B0C2JF5179,5.0,true,none
CR-005515,B0C2JF5179,5.0,true,none
CR-005516,B0C2JF5179,5.0,true,none
CR-005517,B0C2JF5179,4.0,true,none
CR-005518,B0C2JF5179,5.0,true,none
CR-005519,B089M2X49N,4.0,true,none
CR-005520,B089M2X49N,4.0,true,none
CR-005521,B0C2JF5179,5.0,true,none
CR-005522,B0869H48RS,1.0,true,none
CR-005523,B0C2JF5179,5.0,true,none
CR-005524,B084GKPZ4V,5.0,true,none
CR-005525,B07QPNSQJ5,1.0,true,reliability
CR-005526,B07R81N4X9,5.0,true,none
CR-005527,B07R81N4X9,5.0,true,none
CR-005528,B0BZPPXM8D,1.0,true,none
CR-005529,B084GKPZ4V,5.0,true,none
CR-005530,B0C2JF5179,5.0,true,none
CR-005531,B0BZPPXM8D,4.0,true,none
CR-005532,B0848BNPPK,5.0,true,none
CR-005533,B0C2JF5179,5.0,true,none
CR-005534,B07PWDTF8B,5.0,true,none
CR-005535,B07PWDTF8B,4.0,true,none
CR-005536,B0C2JF5179,5.0,true,none
CR-005537,B0C2JF5179,4.0,true,none
CR-005538,B0C2JF5179,5.0,true,none
CR-005539,B0C2JF5179,5.0,true,none
CR-005540,B07PWDTF8B,5.0,true,none
CR-005541,B07PWDTF8B,5.0,true,noise
CR-005542,B07ZPLXB54,1.0,true,none
CR-005543,B082Y2PK2G,5.0,true,none
CR-005544,B0C2JF5179,5.0,true,none
CR-005545,B07PWDTF8B,4.0,true,none
CR-005546,B0C2JF5179,5.0,true,none
CR-005547,B0C2JF5179,5.0,true,noise
CR-005548,B07PWDTF8B,5.0,true,none
CR-005549,B0C2JF5179,5.0,true,none
CR-005550,B0C2JF5179,5.0,true,none
CR-005551,B0C2JF5179,5.0,true,none
CR-005552,B07R81N4X9,5.0,true,none
CR-005553,B07R81N4X9,5.0,true,none
CR-005554,B07R81N4X9,5.0,true,none
CR-005555,B0C2JF5179,5.0,true,none
CR-005556,B086SN7JT9,5.0,true,none
CR-005557,B0848BNPPK,5.0,true,none
CR-005558,B07PWDTF8B,5.0,true,none
CR-005559,B0848BNPPK,2.0,true,none
CR-005560,B0C2JF5179,2.0,true,reliability
CR-005561,B07ZPLXB54,5.0,true,none
CR-005562,B0C2JF5179,5.0,true,none
CR-005563,B089M2X49N,4.0,true,none
CR-005564,B0C2JF5179,5.0,true,none
CR-005565,B082Y2PK2G,2.0,true,none
CR-005566,B087JHKTRP,5.0,true,none
CR-005567,B071HMNTPM,5.0,true,none
CR-005568,B093JYV9RR,5.0,true,none
CR-005569,B0C2JF5179,5.0,true,none
CR-005570,B0C2JF5179,5.0,true,none
CR-005571,B0C2JF5179,5.0,true,none
CR-005572,B0C2JF5179,5.0,true,none
CR-005573,B07R81N4X9,1.0,true,none
CR-005574,B0C2JF5179,5.0,true,none
CR-005575,B0C2JF5179,5.0,true,none
CR-005576,B07G8WK2TW,5.0,true,none
CR-005577,B07PWDTF8B,5.0,true,none
CR-005578,B0C2JF5179,5.0,true,none
CR-005579,B07PWDTF8B,1.0,true,none
CR-005580,B087JHKTRP,3.0,true,none
CR-005581,B0C2JF5179,4.0,true,none
CR-005582,B0C2JF5179,5.0,true,none
CR-005583,B085HTCDJC,5.0,true,none
CR-005584,B071HMNTPM,5.0,true,none
CR-005585,B0C2JF5179,5.0,true,none
CR-005586,B0C2JF5179,5.0,true,ozone_odor_safety
CR-005587,B086SN7JT9,5.0,true,none
CR-005588,B01IBRFMQU,5.0,true,none
CR-005589,B07DK5NSY1,5.0,true,none
CR-005590,B0C2JF5179,5.0,true,none
CR-005591,B0C2JF5179,5.0,true,none
CR-005592,B0C2JF5179,3.0,true,none
CR-005593,B0C2JF5179,5.0,true,none
CR-005594,B0C2JF5179,5.0,true,none
CR-005595,B0C2JF5179,5.0,true,none
CR-005596,B07DK5NSY1,5.0,true,none
CR-005597,B0C2JF5179,5.0,true,none
CR-005598,B07KXBX32V,5.0,true,none
CR-005599,B0C2JF5179,5.0,true,none
CR-005600,B0BZPPXM8D,5.0,true,none
CR-005601,B0C2JF5179,1.0,true,value_effectiveness
CR-005602,B0C2JF5179,5.0,true,none
CR-005603,B0BZPPXM8D,5.0,true,none
CR-005604,B0C2JF5179,5.0,true,none
CR-005605,B07VXKR2L4,1.0,true,none
CR-005606,B0C2JF5179,5.0,true,none
CR-005607,B0C2JF5179,5.0,true,none
CR-005608,B0C2JF5179,5.0,true,none
CR-005609,B0C2JF5179,5.0,true,none
CR-005610,B0C2JF5179,5.0,true,none
CR-005611,B07PWDTF8B,5.0,true,none
CR-005612,B07R81N4X9,4.0,true,none
CR-005613,B093JYV9RR,5.0,true,none
CR-005614,B07PWDTF8B,4.0,true,none
CR-005615,B07ZPLXB54,1.0,true,value_effectiveness
CR-005616,B0848BNPPK,4.0,true,none
CR-005617,B0C2JF5179,5.0,true,none
CR-005618,B08B66H8KY,5.0,true,none
CR-005619,B0C2JF5179,1.0,true,none
CR-005620,B086SN7JT9,4.0,true,none
CR-005621,B07R81N4X9,5.0,true,none
CR-005622,B0C2JF5179,5.0,true,none
CR-005623,B0C2JF5179,5.0,true,none
CR-005624,B07KXBX32V,1.0,true,none
CR-005625,B0C2JF5179,5.0,true,none
CR-005626,B089M2X49N,5.0,true,none
CR-005627,B018M98UDE,5.0,true,none
CR-005628,B0BZPPXM8D,3.0,true,none
CR-005629,B08B66H8KY,1.0,true,none
CR-005630,B0BBV2Z7VG,5.0,true,none
CR-005631,B0C2JF5179,5.0,true,none
CR-005632,B0C2JF5179,5.0,true,none
CR-005633,B0C2JF5179,5.0,true,none
CR-005634,B0C2JF5179,1.0,true,none
CR-005635,B093JYV9RR,5.0,true,none
CR-005636,B0C2JF5179,5.0,true,none
CR-005637,B07PWDTF8B,5.0,true,none
CR-005638,B0C2JF5179,5.0,false,none
CR-005639,B0C2JF5179,5.0,true,none
CR-005640,B0C2JF5179,3.0,true,none
CR-005641,B07R81N4X9,1.0,true,none
CR-005642,B089NJW4J2,3.0,true,none
CR-005643,B07R81N4X9,5.0,true,none
CR-005644,B0848BNPPK,5.0,true,none
CR-005645,B0C2JF5179,5.0,true,none
CR-005646,B0C2JF5179,5.0,true,none
CR-005647,B089M2X49N,5.0,true,none
CR-005648,B0C2JF5179,5.0,true,none
CR-005649,B0C2JF5179,4.0,true,none
CR-005650,B087JHKTRP,1.0,true,none
CR-005651,B07DK5NSY1,1.0,true,none
CR-005652,B0C2JF5179,5.0,true,none
CR-005653,B07R81N4X9,5.0,true,none
CR-005654,B089M2X49N,5.0,true,none
CR-005655,B07PWDTF8B,5.0,true,none
CR-005656,B093JYV9RR,5.0,true,none
CR-005657,B0C2JF5179,5.0,true,none
CR-005658,B07PWDTF8B,5.0,true,none
CR-005659,B0C2JF5179,5.0,true,none
CR-005660,B093JYV9RR,5.0,false,none
CR-005661,B0C2JF5179,2.0,true,none
CR-005662,B0B2DX3SNN,1.0,true,none
CR-005663,B093JYV9RR,5.0,true,none
CR-005664,B071HMNTPM,5.0,true,none
CR-005665,B0C2JF5179,5.0,true,none
CR-005666,B08QKRJJS1,3.0,true,noise
CR-005667,B0BZPPXM8D,1.0,true,reliability
CR-005668,B07PWDTF8B,5.0,true,reliability
CR-005669,B07PWDTF8B,5.0,true,none
CR-005670,B0C2JF5179,5.0,true,none
CR-005671,B093JYV9RR,5.0,true,none
CR-005672,B0C2JF5179,5.0,true,none
CR-005673,B07PWDTF8B,4.0,true,none
CR-005674,B071HMNTPM,5.0,true,none
CR-005675,B088QXVYBR,4.0,true,none
CR-005676,B089M2X49N,1.0,true,none
CR-005677,B093JYV9RR,5.0,true,none
CR-005678,B07R81N4X9,5.0,true,none
CR-005679,B0C2JF5179,5.0,true,none
CR-005680,B0BBV2Z7VG,5.0,true,none
CR-005681,B0C2JF5179,5.0,true,none
CR-005682,B07DK5NSY1,4.0,true,none
CR-005683,B0C2JF5179,5.0,true,none
CR-005684,B07R81N4X9,5.0,true,none
CR-005685,B07R81N4X9,5.0,true,none
CR-005686,B0C2JF5179,4.0,true,none
CR-005687,B0C2JF5179,5.0,true,none
CR-005688,B0C2JF5179,4.0,true,none
CR-005689,B087JHKTRP,2.0,true,value_effectiveness
CR-005690,B0C2JF5179,1.0,true,none
CR-005691,B0C2JF5179,3.0,true,none
CR-005692,B07PWDTF8B,5.0,true,none
CR-005693,B0C2JF5179,4.0,true,none
CR-005694,B0C2JF5179,1.0,true,none
CR-005695,B0C2JF5179,4.0,true,ozone_odor_safety
CR-005696,B076J4BK24,5.0,true,none
CR-005697,B0B2DX3SNN,5.0,true,none
CR-005698,B0C2JF5179,5.0,true,none
CR-005699,B0848BNPPK,5.0,true,none
CR-005700,B07R81N4X9,4.0,true,none
CR-005701,B093JYV9RR,4.0,true,none
CR-005702,B093JYV9RR,5.0,true,none
CR-005703,B0C2JF5179,5.0,true,none
CR-005704,B0C2JF5179,5.0,true,none
CR-005705,B084GKPZ4V,3.0,true,none
CR-005706,B0C2JF5179,4.0,true,none
CR-005707,B0C2JF5179,5.0,true,none
CR-005708,B0C2JF5179,5.0,true,none
CR-005709,B07WX4FVBV,5.0,true,none
CR-005710,B07VXKR2L4,5.0,true,none
CR-005711,B07KXBX32V,3.0,true,none
CR-005712,B0C2JF5179,5.0,true,none
CR-005713,B07V4GC3VC,5.0,true,none
CR-005714,B07QPNSQJ5,1.0,true,none
CR-005715,B09F3Z9BH6,5.0,true,none
CR-005716,B0BZPPXM8D,3.0,true,none
CR-005717,B0848BNPPK,5.0,true,none
CR-005718,B0C2JF5179,5.0,true,none
CR-005719,B0C2JF5179,5.0,true,none
CR-005720,B0C2JF5179,5.0,true,none
CR-005721,B089M2X49N,5.0,true,none
CR-005722,B07R81N4X9,5.0,true,none
CR-005723,B093JYV9RR,5.0,true,none
CR-005724,B0C2JF5179,5.0,true,none
CR-005725,B093JYV9RR,1.0,true,none
CR-005726,B093JYV9RR,5.0,true,none
CR-005727,B08P8PRG2M,3.0,true,none
CR-005728,B09F3Z9BH6,5.0,true,none
CR-005729,B0C2JF5179,1.0,true,customer_service
CR-005730,B0C2JF5179,4.0,true,none
CR-005731,B0C2JF5179,5.0,true,none
CR-005732,B07QPNSQJ5,5.0,true,none
CR-005733,B0C2JF5179,5.0,true,none
CR-005734,B07V5FPWMZ,5.0,true,none
CR-005735,B0C2JF5179,5.0,true,none
CR-005736,B08P8PRG2M,5.0,true,none
CR-005737,B089M2X49N,5.0,true,none
CR-005738,B0B2DX3SNN,5.0,true,none
CR-005739,B09F3Z9BH6,4.0,true,none
CR-005740,B0C2JF5179,5.0,true,none
CR-005741,B0C2JF5179,5.0,true,none
CR-005742,B09F3Z9BH6,5.0,true,none
CR-005743,B0C2JF5179,5.0,true,none
CR-005744,B09F3Z9BH6,5.0,true,none
CR-005745,B0C2JF5179,5.0,true,none
CR-005746,B07R81N4X9,5.0,true,none
CR-005747,B071DXQ1RV,5.0,true,none
CR-005748,B0C2JF5179,5.0,true,none
CR-005749,B0C2JF5179,1.0,true,none
CR-005750,B07DK5NSY1,1.0,true,reliability
CR-005751,B0C2JF5179,5.0,true,none
CR-005752,B07PWDTF8B,5.0,true,none
CR-005753,B089T5PXFN,3.0,true,none
CR-005754,B0C2JF5179,5.0,true,none
CR-005755,B07PWDTF8B,5.0,true,none
CR-005756,B09F3Z9BH6,5.0,true,none
CR-005757,B0848BNPPK,5.0,true,none
CR-005758,B093JYV9RR,1.0,true,none
CR-005759,B08CVR388H,5.0,true,none
CR-005760,B0C2JF5179,2.0,true,none
CR-005761,B08CVR388H,3.0,true,none
CR-005762,B07R81N4X9,5.0,true,none
CR-005763,B089T4K7G1,1.0,true,none
CR-005764,B08P8PRG2M,5.0,true,none
CR-005765,B07PWDTF8B,5.0,true,none
CR-005766,B0C2JF5179,5.0,true,none
CR-005767,B07ZPLXB54,2.0,true,ozone_odor_safety
CR-005768,B093JYV9RR,5.0,true,none
CR-005769,B07PWDTF8B,5.0,true,none
CR-005770,B076J4BK24,5.0,true,none
CR-005771,B0C2JF5179,5.0,true,none
CR-005772,B07DK5NSY1,5.0,true,none
CR-005773,B09F3Z9BH6,4.0,true,none
CR-005774,B08P8PRG2M,5.0,true,none
CR-005775,B09F3Z9BH6,4.0,true,none
CR-005776,B0BZPPXM8D,4.0,true,none
CR-005777,B08QKRJJS1,5.0,true,none
CR-005778,B071DXQ1RV,5.0,true,none
CR-005779,B088QXVYBR,1.0,true,none
CR-005780,B0C2JF5179,3.0,true,none
CR-005781,B0C2JF5179,5.0,true,none
CR-005782,B086SN7JT9,5.0,true,none
CR-005783,B089T4K7G1,2.0,true,none
CR-005784,B0C2JF5179,5.0,true,none
CR-005785,B071DXQ1RV,5.0,true,none
CR-005786,B0BZDM7HQL,1.0,true,none
CR-005787,B07PWDTF8B,5.0,true,none
CR-005788,B07R81N4X9,5.0,true,none
CR-005789,B093JYV9RR,5.0,true,none
CR-005790,B07KXBX32V,5.0,true,none
CR-005791,B093JYV9RR,5.0,true,none
CR-005792,B01GXFY0KQ,5.0,true,none
CR-005793,B07PWDTF8B,4.0,true,none
CR-005794,B08QKRJJS1,5.0,true,none
CR-005795,B089M2X49N,5.0,true,none
CR-005796,B088QXVYBR,1.0,true,none
CR-005797,B0C2JF5179,4.0,true,none
CR-005798,B07ZPLXB54,1.0,true,noise
CR-005799,B0C2JF5179,5.0,true,none
CR-005800,B0C2JF5179,5.0,true,none
CR-005801,B0C2JF5179,5.0,true,none
CR-005802,B07KXBX32V,5.0,true,none
CR-005803,B07PWDTF8B,1.0,true,none
CR-005804,B0C2JF5179,5.0,true,none
CR-005805,B0C2JF5179,5.0,true,none
CR-005806,B07PWDTF8B,5.0,true,none
CR-005807,B07DK5NSY1,5.0,true,none
CR-005808,B071DXQ1RV,5.0,true,none
CR-005809,B07R81N4X9,5.0,true,none
CR-005810,B0C2JF5179,5.0,false,ozone_odor_safety
CR-005811,B0C2JF5179,5.0,true,none
CR-005812,B07PWDTF8B,3.0,true,none
CR-005813,B0C2JF5179,3.0,true,none
CR-005814,B08QKRJJS1,4.0,true,none
CR-005815,B07R81N4X9,5.0,true,none
CR-005816,B0057IKJPQ,5.0,true,none
CR-005817,B093JYV9RR,4.0,true,none
CR-005818,B07R81N4X9,4.0,true,none
CR-005819,B0C2JF5179,5.0,true,none
CR-005820,B0BBV2Z7VG,1.0,true,none
CR-005821,B07KXBX32V,5.0,true,none
CR-005822,B07PWDTF8B,5.0,true,none
CR-005823,B07QPNSQJ5,5.0,true,none
CR-005824,B07PWDTF8B,5.0,true,none
CR-005825,B09F3Z9BH6,4.0,true,none
CR-005826,B08QKRJJS1,5.0,true,none
CR-005827,B07R81N4X9,5.0,true,none
CR-005828,B0BZPPXM8D,5.0,true,none
CR-005829,B018M98UDE,5.0,true,none
CR-005830,B0C2JF5179,5.0,true,none
CR-005831,B093JYV9RR,5.0,true,none
CR-005832,B0C2JF5179,5.0,true,none
CR-005833,B0BZPPXM8D,4.0,true,none
CR-005834,B07PWDTF8B,5.0,true,none
CR-005835,B0C2JF5179,1.0,true,value_effectiveness
CR-005836,B08QKRJJS1,5.0,false,none
CR-005837,B0C2JF5179,5.0,true,none
CR-005838,B07R81N4X9,5.0,true,none
CR-005839,B096L11T6T,1.0,true,none
CR-005841,B0BZPPXM8D,5.0,true,none
CR-005842,B07V5FPWMZ,5.0,true,none
CR-005843,B07ZPLXB54,1.0,true,none
CR-005844,B09F3Z9BH6,3.0,true,none
CR-005845,B07PWDTF8B,5.0,true,none
CR-005846,B08QKRJJS1,5.0,true,none
CR-005847,B07PWDTF8B,5.0,true,none
CR-005848,B0C2JF5179,5.0,true,none
CR-005849,B093JYV9RR,2.0,true,none
CR-005850,B09F3Z9BH6,5.0,true,none
CR-005851,B07R81N4X9,5.0,true,none
CR-005852,B086SN7JT9,5.0,true,none
CR-005853,B09F3Z9BH6,1.0,true,none
CR-005854,B07DK5NSY1,3.0,true,none
CR-005855,B0BZPPXM8D,5.0,true,none
CR-005856,B0BZPPXM8D,2.0,true,none
CR-005857,B07DK5NSY1,1.0,true,none
CR-005858,B0C2JF5179,5.0,true,none
CR-005859,B0C2JF5179,5.0,true,none
CR-005860,B07R81N4X9,2.0,true,none
CR-005861,B0C2JF5179,1.0,true,none
CR-005862,B0C2JF5179,5.0,true,none
CR-005863,B0BZPPXM8D,4.0,true,none
CR-005864,B0BZDM7HQL,1.0,true,none
CR-005865,B08P8PRG2M,5.0,true,none
CR-005866,B0C2JF5179,5.0,true,none
CR-005867,B09F3Z9BH6,3.0,true,none
CR-005868,B09F3Z9BH6,5.0,true,none
CR-005869,B0BZPPXM8D,4.0,true,none
CR-005870,B07PWDTF8B,5.0,true,none
CR-005871,B087JHKTRP,1.0,true,reliability
CR-005872,B09F3Z9BH6,5.0,true,none
CR-005873,B0C2JF5179,4.0,true,none
CR-005874,B0BBV2Z7VG,1.0,true,none
CR-005875,B07ZPLXB54,1.0,true,none
CR-005876,B0B2DX3SNN,5.0,true,none
CR-005877,B0BBV2Z7VG,5.0,true,none
CR-005878,B0C2JF5179,5.0,true,none
CR-005879,B09F3Z9BH6,5.0,true,none
CR-005880,B072KHQD1N,3.0,true,none
CR-005881,B088QXVYBR,1.0,true,none
CR-005882,B08P8PRG2M,5.0,true,none
CR-005883,B09F3Z9BH6,3.0,true,none
CR-005884,B093JYV9RR,5.0,true,none
CR-005885,B0C2JF5179,1.0,true,value_effectiveness
CR-005886,B0BBV2Z7VG,1.0,false,none
CR-005887,B09F3Z9BH6,5.0,true,none
CR-005888,B076J4BK24,5.0,true,none
CR-005889,B0BZPPXM8D,3.0,true,none
CR-005890,B07ZPLXB54,2.0,true,noise
CR-005891,B0C2JF5179,3.0,true,none
CR-005892,B0C2JF5179,5.0,true,none
CR-005893,B0C2JF5179,1.0,false,none
CR-005894,B0C2JF5179,2.0,true,none
CR-005895,B09F3Z9BH6,5.0,true,none
CR-005896,B0C2JF5179,5.0,true,none
CR-005897,B07V5FPWMZ,1.0,true,none
CR-005898,B089M2X49N,5.0,true,none
CR-005899,B07PWDTF8B,5.0,true,none
CR-005900,B0776XKZ1Y,5.0,true,none
CR-005901,B07DK5NSY1,5.0,true,none
CR-005902,B07QPNSQJ5,1.0,true,none
CR-005903,B07PWDTF8B,5.0,true,none
CR-005904,B089M2X49N,5.0,true,none
CR-005905,B07PWDTF8B,5.0,true,none
CR-005906,B088QXVYBR,3.0,true,none
CR-005907,B0C2JF5179,3.0,true,none
CR-005908,B07R81N4X9,5.0,true,none
CR-005909,B07PWDTF8B,5.0,false,none
CR-005910,B07ZPLXB54,1.0,true,none
CR-005911,B07ZPLXB54,1.0,true,none
CR-005912,B07ZPLXB54,2.0,true,none
CR-005913,B0C2JF5179,5.0,true,none
CR-005914,B0C2JF5179,5.0,true,none
CR-005915,B0C2JF5179,1.0,true,noise
CR-005916,B0C2JF5179,5.0,true,none
CR-005917,B0C2JF5179,5.0,true,none
CR-005918,B0C2JF5179,1.0,true,value_effectiveness
CR-005919,B07PWDTF8B,5.0,true,none
CR-005920,B07KXBX32V,5.0,true,none
CR-005921,B07PWDTF8B,5.0,true,none
CR-005922,B08P8PRG2M,1.0,false,none
CR-005923,B0C2JF5179,5.0,true,none
CR-005924,B07PWDTF8B,5.0,true,none
CR-005925,B07KXBX32V,5.0,true,none
CR-005926,B0C2JF5179,5.0,true,none
CR-005927,B07R81N4X9,5.0,true,none
CR-005928,B0C2JF5179,4.0,true,none
CR-005929,B089M2X49N,5.0,true,none
CR-005930,B07PWDTF8B,5.0,true,none
CR-005931,B0C2JF5179,5.0,true,none
CR-005932,B07PWDTF8B,5.0,true,noise
CR-005933,B0BZPPXM8D,4.0,true,none
CR-005934,B086SN7JT9,5.0,true,none
CR-005935,B07HQ73JNL,5.0,true,none
CR-005936,B0C2JF5179,5.0,true,none
CR-005937,B08CVR388H,5.0,true,none
CR-005938,B093JYV9RR,5.0,true,none
CR-005939,B089T5PXFN,1.0,true,reliability
CR-005940,B0C2JF5179,2.0,true,reliability
CR-005941,B071HMNTPM,5.0,true,none
CR-005942,B0BZPPXM8D,5.0,true,none
CR-005943,B093JYV9RR,5.0,false,none
CR-005944,B08QKRJJS1,4.0,true,none
CR-005945,B07PWDTF8B,5.0,true,none
CR-005946,B0C2JF5179,4.0,true,none
CR-005947,B0C2JF5179,2.0,true,none
CR-005948,B07PWDTF8B,1.0,true,none
CR-005949,B07PWDTF8B,5.0,false,none
CR-005950,B07R81N4X9,5.0,true,none
CR-005951,B0C2JF5179,5.0,true,none
CR-005952,B07PWDTF8B,5.0,true,none
CR-005953,B0C2JF5179,1.0,true,none
CR-005954,B0C2JF5179,4.0,true,none
CR-005955,B071DXQ1RV,5.0,true,none
CR-005956,B0C2JF5179,4.0,true,none
CR-005957,B089T5PXFN,1.0,true,none
CR-005958,B07ZPLXB54,1.0,true,none
CR-005959,B0C2JF5179,3.0,true,none
CR-005960,B089T5PXFN,4.0,true,none
CR-005961,B0C2JF5179,2.0,true,none
CR-005962,B07PWDTF8B,5.0,true,none
CR-005963,B09F3Z9BH6,1.0,true,none
CR-005964,B08P8PRG2M,5.0,true,noise
CR-005965,B07PWDTF8B,5.0,true,none
CR-005966,B08P8PRG2M,5.0,true,none
CR-005967,B0C2JF5179,5.0,true,none
CR-005968,B0BZPPXM8D,5.0,true,none
CR-005969,B08G84Y3QQ,5.0,true,none
CR-005970,B093JYV9RR,4.0,true,none
CR-005971,B0C2JF5179,5.0,true,none
CR-005972,B0C2JF5179,5.0,true,none
CR-005973,B086SN7JT9,5.0,true,none
CR-005974,B07PWDTF8B,5.0,true,none
CR-005975,B09F3Z9BH6,4.0,true,none
CR-005976,B08P8PRG2M,3.0,true,none
CR-005977,B0BZPPXM8D,1.0,true,none
CR-005978,B07PWDTF8B,5.0,true,none
CR-005979,B08P8PRG2M,5.0,true,none
CR-005980,B071HMNTPM,5.0,true,none
CR-005981,B08G84Y3QQ,5.0,true,none
CR-005982,B07DK5NSY1,4.0,true,none
CR-005983,B0776XKZ1Y,3.0,true,none
CR-005984,B0C2JF5179,5.0,true,none
CR-005985,B00009ETVW,5.0,true,none
CR-005986,B089NJW4J2,3.0,true,none
CR-005987,B07PWDTF8B,5.0,true,none
CR-005988,B07KXBX32V,5.0,true,none
CR-005989,B0C2JF5179,2.0,true,customer_service
CR-005990,B07DK5NSY1,1.0,true,reliability
CR-005991,B0C2JF5179,1.0,true,none
CR-005992,B089M2X49N,2.0,true,none
CR-005993,B0C2JF5179,5.0,true,none
CR-005994,B07R81N4X9,2.0,true,none
CR-005995,B08QKRJJS1,5.0,true,none
CR-005996,B09F3Z9BH6,5.0,true,none
CR-005997,B0C2JF5179,5.0,true,none
CR-005998,B0C2JF5179,3.0,true,none
CR-005999,B0C2JF5179,5.0,true,none
CR-006000,B09F3Z9BH6,5.0,true,none
CR-006001,B0C2JF5179,5.0,true,none
CR-006002,B0C2JF5179,5.0,true,none
CR-006003,B07R81N4X9,4.0,true,none
CR-006004,B093JYV9RR,5.0,true,none
CR-006005,B071DXQ1RV,5.0,true,none
CR-006006,B0C2JF5179,5.0,true,none
CR-006007,B0BZPPXM8D,5.0,true,none
CR-006008,B0C2JF5179,2.0,true,none
CR-006009,B08G84Y3QQ,5.0,true,none
CR-006010,B09F3Z9BH6,5.0,true,none
CR-006011,B0C2JF5179,4.0,true,none
CR-006012,B0C2JF5179,5.0,true,none
CR-006013,B01GXFY0KQ,5.0,true,none
CR-006014,B089NJW4J2,1.0,true,value_effectiveness
CR-006015,B07PWDTF8B,5.0,true,none
CR-006016,B09F3Z9BH6,5.0,true,none
CR-006017,B07PWDTF8B,5.0,true,none
CR-006018,B07ZPLXB54,1.0,true,none
CR-006019,B018M98UDE,1.0,true,value_effectiveness
CR-006020,B0C2JF5179,5.0,true,none
CR-006021,B07R81N4X9,5.0,true,none
CR-006022,B0C2JF5179,4.0,true,none
CR-006023,B0C2JF5179,5.0,true,none
CR-006024,B07PWDTF8B,5.0,true,none
CR-006025,B07PWDTF8B,1.0,false,none
CR-006026,B07PWDTF8B,5.0,true,none
CR-006027,B0057IKJPQ,5.0,true,none
CR-006028,B0C2JF5179,5.0,true,none
CR-006029,B0C2JF5179,5.0,true,none
CR-006030,B07PWDTF8B,5.0,true,none
CR-006031,B086SN7JT9,5.0,true,none
CR-006032,B071HMNTPM,1.0,true,none
CR-006033,B07PWDTF8B,5.0,true,none
CR-006034,B09F3Z9BH6,5.0,true,none
CR-006035,B07PWDTF8B,5.0,true,none
CR-006036,B086SN7JT9,5.0,true,none
CR-006037,B0BZPPXM8D,5.0,true,none
CR-006038,B0BBV2Z7VG,5.0,false,none
CR-006039,B08QKRJJS1,5.0,true,none
CR-006040,B089M2X49N,5.0,true,none
CR-006041,B07R81N4X9,5.0,true,none
CR-006042,B093JYV9RR,4.0,true,none
CR-006043,B07R81N4X9,5.0,true,none
CR-006044,B01GXFY0KQ,1.0,true,none
CR-006045,B0C2JF5179,5.0,true,none
CR-006046,B07R81N4X9,4.0,true,none
CR-006047,B0776XKZ1Y,5.0,true,none
CR-006048,B08P8PRG2M,5.0,true,none
CR-006049,B0869H48RS,1.0,true,none
CR-006050,B07R81N4X9,5.0,true,none
CR-006051,B0C2JF5179,5.0,true,none
CR-006052,B08G84Y3QQ,5.0,true,none
CR-006053,B089T5PXFN,1.0,true,none
CR-006054,B07R81N4X9,5.0,true,none
CR-006055,B0C2JF5179,3.0,true,none
CR-006056,B0BZPPXM8D,4.0,true,none
CR-006057,B07R81N4X9,5.0,true,none
CR-006058,B07PWDTF8B,5.0,true,none
CR-006059,B07PWDTF8B,5.0,true,none
CR-006060,B07PWDTF8B,1.0,true,none
CR-006061,B07ZPLXB54,1.0,true,value_effectiveness
CR-006062,B07PWDTF8B,5.0,false,none
CR-006063,B07KXBX32V,5.0,true,none
CR-006064,B0BZPPXM8D,5.0,true,none
CR-006065,B096L11T6T,1.0,true,none
CR-006066,B087JHKTRP,5.0,true,none
CR-006067,B07PWDTF8B,5.0,true,none
CR-006068,B09F3Z9BH6,3.0,true,none
CR-006069,B07R81N4X9,4.0,true,none
CR-006070,B07DK5NSY1,5.0,true,none
CR-006071,B0C2JF5179,1.0,true,reliability
CR-006072,B0C2JF5179,5.0,true,none
CR-006073,B08P8PRG2M,5.0,true,none
CR-006074,B07VXKR2L4,5.0,true,none
CR-006075,B07PWDTF8B,5.0,true,none
CR-006076,B0C2JF5179,5.0,true,none
CR-006077,B0BZDM7HQL,1.0,true,none
CR-006078,B07PWDTF8B,5.0,true,none
CR-006079,B08QKRJJS1,5.0,true,noise
CR-006080,B0C2JF5179,4.0,true,none
CR-006081,B01GXFY0KQ,5.0,true,none
CR-006082,B0C2JF5179,5.0,true,none
CR-006083,B07PWDTF8B,5.0,true,none
CR-006084,B0BZPPXM8D,5.0,true,none
CR-006085,B07KXBX32V,5.0,true,none
CR-006086,B0C2JF5179,5.0,true,none
CR-006087,B0869H48RS,1.0,true,none
CR-006088,B0C2JF5179,5.0,true,none
CR-006089,B089M2X49N,1.0,true,none
CR-006090,B09F3Z9BH6,4.0,true,none
CR-006091,B07PWDTF8B,5.0,true,none
CR-006092,B07ZPLXB54,2.0,true,none
CR-006093,B0C2JF5179,4.0,true,none
CR-006094,B0869H48RS,5.0,true,none
CR-006095,B0776XKZ1Y,4.0,true,none
CR-006096,B07PWDTF8B,5.0,true,none
CR-006097,B07R81N4X9,5.0,true,none
CR-006098,B093JYV9RR,5.0,true,none
CR-006099,B07PWDTF8B,5.0,true,none
CR-006100,B0C2JF5179,5.0,true,none
CR-006101,B0C2JF5179,5.0,true,none
CR-006102,B089T5PXFN,1.0,true,none
CR-006103,B0C2JF5179,3.0,true,none
CR-006104,B0C2JF5179,5.0,true,none
CR-006105,B07R81N4X9,3.0,true,none
CR-006106,B07ZPLXB54,4.0,true,noise
CR-006107,B093JYV9RR,5.0,true,none
CR-006108,B076J4BK24,5.0,true,none
CR-006109,B08G84Y3QQ,5.0,true,none
CR-006110,B093JYV9RR,2.0,true,none
CR-006111,B082Y2PK2G,5.0,true,none
CR-006112,B0C2JF5179,5.0,true,none
CR-006113,B08CVR388H,5.0,true,none
CR-006114,B0BBV2Z7VG,2.0,true,none
CR-006115,B089NJW4J2,4.0,true,none
CR-006116,B07PWDTF8B,5.0,true,none
CR-006117,B07PWDTF8B,5.0,true,none
CR-006118,B089T5PXFN,1.0,true,none
CR-006119,B0776XKZ1Y,5.0,true,none
CR-006120,B093JYV9RR,5.0,true,none
CR-006121,B07KXBX32V,1.0,true,none
CR-006122,B07PWDTF8B,4.0,true,none
CR-006123,B0C2JF5179,5.0,true,none
CR-006124,B0C2JF5179,5.0,true,none
CR-006125,B08CVR388H,3.0,true,none
CR-006126,B07PWDTF8B,5.0,true,none
CR-006127,B003RYRKGS,5.0,true,none
CR-006128,B07R81N4X9,4.0,true,none
CR-006129,B07R81N4X9,5.0,true,none
CR-006130,B0C2JF5179,5.0,true,none
CR-006131,B07DF9S6XN,2.0,true,none
CR-006132,B086SN7JT9,5.0,true,none
CR-006133,B08QKRJJS1,5.0,true,none
CR-006134,B07PWDTF8B,5.0,true,none
CR-006135,B07ZPLXB54,4.0,true,none
CR-006136,B07R81N4X9,5.0,true,none
CR-006137,B09F3Z9BH6,4.0,true,none
CR-006138,B0C2JF5179,5.0,true,none
CR-006139,B08CVR388H,3.0,true,none
CR-006140,B07ZPLXB54,3.0,true,noise
CR-006141,B07B8LYNCX,5.0,true,none
CR-006142,B08QKRJJS1,5.0,true,none
CR-006143,B0C2JF5179,5.0,true,none
CR-006144,B07ZPLXB54,5.0,true,none
CR-006145,B0BZPPXM8D,5.0,true,none
CR-006146,B07ZPLXB54,3.0,true,none
CR-006147,B0C2JF5179,5.0,true,none
CR-006148,B08CVR388H,1.0,false,value_effectiveness
CR-006149,B0057IKJPQ,5.0,true,none
CR-006150,B084GKPZ4V,1.0,true,reliability
CR-006151,B09WZWYVVX,5.0,true,none
CR-006152,B07PWDTF8B,5.0,true,none
CR-006153,B07PWDTF8B,5.0,true,none
CR-006154,B09F3Z9BH6,5.0,true,none
CR-006155,B07PWDTF8B,5.0,true,none
CR-006156,B093JYV9RR,5.0,true,none
CR-006157,B0BZPPXM8D,5.0,true,none
CR-006158,B0BZPPXM8D,4.0,true,none
CR-006159,B08G84Y3QQ,5.0,true,none
CR-006160,B08CVR388H,2.0,true,none
CR-006161,B0C2JF5179,5.0,true,none
CR-006162,B0BZPPXM8D,5.0,true,none
CR-006163,B07R81N4X9,5.0,true,none
CR-006164,B07KXBX32V,4.0,true,none
CR-006165,B07R81N4X9,5.0,true,none
CR-006166,B0BZPPXM8D,5.0,true,none
CR-006167,B07ZPLXB54,1.0,true,ozone_odor_safety
CR-006168,B089NJW4J2,5.0,true,none
CR-006169,B07R81N4X9,5.0,true,none
CR-006170,B0BZPPXM8D,5.0,true,none
CR-006171,B0C2JF5179,5.0,true,none
CR-006172,B07PWDTF8B,5.0,true,none
CR-006173,B0C2JF5179,5.0,true,none
CR-006174,B0C2JF5179,5.0,true,none
CR-006175,B01GXFY0KQ,5.0,true,none
CR-006176,B09F3Z9BH6,3.0,true,none
CR-006177,B0C2JF5179,5.0,true,none
CR-006178,B0C2JF5179,5.0,true,none
CR-006179,B0C2JF5179,5.0,true,none
CR-006180,B07R81N4X9,5.0,true,none
CR-006181,B0C2JF5179,5.0,true,none
CR-006182,B08G84Y3QQ,1.0,true,none
CR-006183,B09WZWYVVX,5.0,true,none
CR-006184,B07R81N4X9,5.0,true,none
CR-006185,B09F3Z9BH6,3.0,true,none
CR-006186,B07R81N4X9,5.0,true,none
CR-006187,B09F3Z9BH6,3.0,true,none
CR-006188,B0C2JF5179,5.0,true,none
CR-006189,B07R81N4X9,5.0,true,none
CR-006190,B08QKRJJS1,4.0,true,none
CR-006191,B0C2JF5179,3.0,true,noise
CR-006192,B0BZPPXM8D,1.0,true,none
CR-006193,B07R81N4X9,5.0,true,none
CR-006194,B07KXBX32V,5.0,true,none
CR-006195,B0C2JF5179,5.0,true,none
CR-006196,B086SN7JT9,5.0,true,none
CR-006197,B09F3Z9BH6,5.0,true,none
CR-006198,B0C2JF5179,5.0,true,none
CR-006199,B08P8PRG2M,5.0,true,none
CR-006200,B0C2JF5179,5.0,true,none
CR-006201,B09F3Z9BH6,4.0,true,none
CR-006202,B082Y2PK2G,1.0,true,none
CR-006203,B0C2JF5179,5.0,true,none
CR-006204,B07KXBX32V,1.0,true,none
CR-006205,B07R81N4X9,5.0,true,none
CR-006206,B07R81N4X9,2.0,true,none
CR-006207,B07KXBX32V,5.0,true,none
CR-006208,B0BZPPXM8D,5.0,true,none
CR-006209,B089M2X49N,4.0,true,none
CR-006210,B07R81N4X9,5.0,true,none
CR-006211,B0C2JF5179,5.0,true,none
CR-006212,B0BZPPXM8D,3.0,true,none
CR-006213,B0C2JF5179,5.0,true,none
CR-006214,B08G84Y3QQ,2.0,true,none
CR-006215,B07PWDTF8B,5.0,true,none
CR-006216,B07KXBX32V,4.0,true,noise
CR-006217,B08HGZZJ68,1.0,true,none
CR-006218,B09F3Z9BH6,5.0,true,none
CR-006219,B0869H48RS,5.0,true,none
CR-006220,B0BZPPXM8D,5.0,true,none
CR-006221,B0C2JF5179,5.0,true,none
CR-006222,B07ZPLXB54,5.0,true,noise
CR-006223,B09F3Z9BH6,5.0,true,none
CR-006224,B0C2JF5179,5.0,true,none
CR-006225,B0776XKZ1Y,5.0,true,none
CR-006226,B0C2JF5179,5.0,true,none
CR-006227,B0C2JF5179,5.0,true,none
CR-006228,B0C2JF5179,5.0,true,none
CR-006229,B07KXBX32V,1.0,true,none
CR-006230,B0C2JF5179,1.0,true,none
CR-006232,B01GXFY0KQ,5.0,true,none
CR-006233,B07R81N4X9,5.0,true,none
CR-006234,B0C2JF5179,2.0,true,none
CR-006235,B0C2JF5179,5.0,true,none
CR-006236,B09WZWYVVX,5.0,true,none
CR-006237,B09F3Z9BH6,5.0,true,none
CR-006238,B09F3Z9BH6,4.0,true,none
CR-006239,B09F3Z9BH6,5.0,true,none
CR-006240,B0C2JF5179,5.0,true,none
CR-006241,B0BZPPXM8D,1.0,true,none
CR-006242,B085TD3Z9F,5.0,true,ozone_odor_safety
CR-006243,B0C2JF5179,5.0,true,none
CR-006244,B08CVR388H,1.0,true,value_effectiveness
CR-006245,B09F3Z9BH6,5.0,true,none
CR-006246,B0C2JF5179,2.0,true,none
CR-006247,B089NJW4J2,1.0,true,none
CR-006248,B0C2JF5179,1.0,true,none
CR-006249,B0869H48RS,4.0,true,none
CR-006250,B09F3Z9BH6,5.0,true,none
CR-006251,B0C2JF5179,5.0,true,none
CR-006252,B07R81N4X9,5.0,true,none
CR-006253,B09F3Z9BH6,5.0,true,none
CR-006254,B0B2DX3SNN,5.0,true,none
CR-006255,B086SN7JT9,5.0,true,none
CR-006256,B0C2JF5179,5.0,true,none
CR-006257,B07R81N4X9,5.0,true,none
CR-006258,B0BZPPXM8D,3.0,true,none
CR-006259,B0C2JF5179,5.0,true,none
CR-006260,B07DK5NSY1,2.0,true,noise
CR-006261,B08HGZZJ68,1.0,false,none
CR-006262,B0776XKZ1Y,5.0,true,none
CR-006263,B0C2JF5179,2.0,true,none
CR-006264,B07PWDTF8B,5.0,true,none
CR-006265,B07PWDTF8B,5.0,true,none
CR-006266,B0C2JF5179,4.0,true,none
CR-006267,B0BZPPXM8D,5.0,true,none
CR-006268,B07ZPLXB54,5.0,true,none
CR-006269,B0C2JF5179,5.0,true,none
CR-006270,B0C2JF5179,5.0,true,none
CR-006271,B00X67EJI8,1.0,true,none
CR-006272,B07VXKR2L4,5.0,true,none
CR-006273,B0C2JF5179,5.0,true,none
CR-006274,B071HMNTPM,5.0,true,none
CR-006275,B0C2JF5179,4.0,true,none
CR-006276,B08CVR388H,5.0,true,none
CR-006277,B07KXBX32V,5.0,true,none
CR-006278,B07R81N4X9,5.0,true,none
CR-006279,B0C2JF5179,5.0,true,none
CR-006280,B09F3Z9BH6,4.0,true,none
CR-006281,B08G84Y3QQ,5.0,true,none
CR-006282,B07PWDTF8B,5.0,true,none
CR-006283,B093JYV9RR,5.0,true,none
CR-006284,B07R81N4X9,5.0,true,filter_cost
CR-006285,B0C2JF5179,1.0,false,none
CR-006286,B0C2JF5179,1.0,true,none
CR-006287,B08P8PRG2M,5.0,true,none
CR-006288,B0BZPPXM8D,5.0,true,none
CR-006289,B0C2JF5179,5.0,true,none
CR-006290,B0C2JF5179,5.0,true,none
CR-006291,B0C2JF5179,1.0,true,none
CR-006292,B08G84Y3QQ,5.0,true,none
CR-006293,B082Y2PK2G,3.0,true,none
CR-006294,B0C2JF5179,2.0,true,none
CR-006295,B07R81N4X9,5.0,true,none
CR-006296,B0C2JF5179,5.0,true,none
CR-006297,B0C2JF5179,5.0,true,none
CR-006298,B09F3Z9BH6,5.0,true,none
CR-006299,B07KXBX32V,1.0,true,none
CR-006300,B0C2JF5179,5.0,true,none
CR-006301,B09F3Z9BH6,5.0,true,none
CR-006302,B0C2JF5179,5.0,true,none
CR-006303,B09F3Z9BH6,4.0,true,none
CR-006304,B07KXBX32V,4.0,true,reliability
CR-006305,B0BZPPXM8D,1.0,true,none
CR-006306,B07DK5NSY1,5.0,true,none
CR-006307,B0C2JF5179,5.0,true,none
CR-006308,B0C2JF5179,5.0,true,none
CR-006309,B07R81N4X9,5.0,true,none
CR-006310,B07KXBX32V,5.0,true,none
CR-006311,B07R81N4X9,5.0,true,none
CR-006312,B0BZPPXM8D,5.0,true,none
CR-006313,B0BZPPXM8D,1.0,true,none
CR-006314,B07PWDTF8B,5.0,true,none
CR-006315,B09F3Z9BH6,5.0,true,none
CR-006316,B07ZPLXB54,5.0,true,noise
CR-006317,B09F3Z9BH6,5.0,true,none
CR-006318,B0C2JF5179,5.0,true,none
CR-006319,B085HB72JR,1.0,true,none
CR-006320,B09F3Z9BH6,5.0,true,none
CR-006321,B0BZPPXM8D,5.0,true,none
CR-006322,B0BZDM7HQL,1.0,true,none
CR-006323,B093JYV9RR,3.0,true,none
CR-006324,B07R81N4X9,5.0,true,none
CR-006325,B0C2JF5179,5.0,true,none
CR-006326,B0C2JF5179,5.0,true,none
CR-006327,B09F3Z9BH6,3.0,true,none
CR-006328,B07R5WX77Y,4.0,true,none
CR-006329,B0C2JF5179,5.0,true,none
CR-006330,B07PWDTF8B,5.0,true,none
CR-006331,B093JYV9RR,4.0,true,none
CR-006332,B07ZPLXB54,5.0,true,none
CR-006333,B0C2JF5179,5.0,true,none
CR-006334,B07KXBX32V,5.0,true,none
CR-006335,B09WZWYVVX,4.0,true,none
CR-006336,B0C2JF5179,3.0,true,none
CR-006337,B07ZPLXB54,5.0,true,none
CR-006338,B0C2JF5179,5.0,true,reliability
CR-006339,B09F3Z9BH6,1.0,true,none
CR-006340,B09F3Z9BH6,4.0,true,none
CR-006341,B09F3Z9BH6,2.0,true,none
CR-006342,B0C2JF5179,5.0,true,none
CR-006343,B07PWDTF8B,5.0,true,none
CR-006344,B07PWDTF8B,5.0,true,none
CR-006345,B07KXBX32V,5.0,true,none
CR-006346,B0BZPPXM8D,5.0,true,none
CR-006347,B09F3Z9BH6,4.0,true,none
CR-006348,B07R81N4X9,2.0,true,none
CR-006349,B07R81N4X9,5.0,true,none
CR-006350,B08HWX42YR,4.0,true,none
CR-006351,B0BZPPXM8D,5.0,true,none
CR-006352,B09F3Z9BH6,1.0,true,none
CR-006353,B07ZPLXB54,5.0,true,none
CR-006354,B0C2JF5179,5.0,true,none
CR-006355,B0C2JF5179,5.0,true,none
CR-006356,B0C2JF5179,5.0,true,none
CR-006357,B093JYV9RR,5.0,true,none
CR-006358,B084GKPZ4V,5.0,true,none
CR-006359,B082Y2PK2G,1.0,true,none
CR-006360,B07KXBX32V,3.0,true,none
CR-006361,B08CVR388H,1.0,true,none
CR-006362,B0C2JF5179,1.0,true,none
CR-006363,B0C2JF5179,5.0,true,none
CR-006364,B084GKPZ4V,1.0,true,none
CR-006365,B09WZWYVVX,1.0,true,none
CR-006366,B08QKRJJS1,5.0,true,none
CR-006367,B0C2JF5179,5.0,true,none
CR-006368,B0BZPPXM8D,5.0,true,none
CR-006369,B08CVR388H,2.0,true,none
CR-006370,B08QKRJJS1,5.0,true,none
CR-006371,B0C2JF5179,5.0,true,none
CR-006372,B07ZPLXB54,5.0,true,none
CR-006373,B01GXFY0KQ,3.0,true,none
CR-006374,B085TD3Z9F,5.0,true,none
CR-006375,B09WZWYVVX,5.0,true,ozone_odor_safety
CR-006376,B08G84Y3QQ,1.0,true,none
CR-006377,B07R81N4X9,5.0,true,none
CR-006378,B09WZWYVVX,5.0,true,none
CR-006379,B089T4K7G1,1.0,true,none
CR-006380,B08QKRJJS1,5.0,true,reliability
CR-006381,B09F3Z9BH6,5.0,true,none
CR-006382,B09F3Z9BH6,5.0,true,none
CR-006383,B088LYH3X4,2.0,true,none
CR-006384,B0BZPPXM8D,5.0,true,none
CR-006385,B08G84Y3QQ,4.0,true,none
CR-006386,B09WZWYVVX,4.0,true,ozone_odor_safety
CR-006387,B09F3Z9BH6,4.0,true,none
CR-006388,B096L11T6T,1.0,true,none
CR-006389,B0C2JF5179,5.0,true,none
CR-006390,B0C2JF5179,5.0,true,none
CR-006391,B07ZPLXB54,3.0,true,noise
CR-006392,B07R81N4X9,5.0,true,none
CR-006393,B0C2JF5179,3.0,true,none
CR-006394,B07R81N4X9,4.0,true,none
CR-006395,B0C2JF5179,5.0,true,none
CR-006396,B0C2JF5179,5.0,true,none
CR-006397,B01GXFY0KQ,4.0,true,none
CR-006398,B0C2JF5179,5.0,true,none
CR-006399,B0C2JF5179,5.0,true,none
CR-006400,B0BZPPXM8D,4.0,true,none
CR-006401,B07KXBX32V,5.0,true,none
CR-006402,B07KXBX32V,1.0,true,reliability
CR-006403,B07KXBX32V,5.0,true,none
CR-006404,B07KXBX32V,5.0,true,none
CR-006405,B076J4BK24,1.0,true,none
CR-006406,B0C2JF5179,5.0,true,none
CR-006407,B093JYV9RR,5.0,true,none
CR-006408,B09F3Z9BH6,4.0,true,none
CR-006409,B08QKRJJS1,5.0,true,none
CR-006410,B09WZWYVVX,5.0,true,none
CR-006411,B0C2JF5179,4.0,true,none
CR-006412,B07KXBX32V,3.0,true,none
CR-006413,B07R81N4X9,5.0,true,none
CR-006414,B08CVR388H,5.0,true,none
CR-006415,B0BZPPXM8D,5.0,true,none
CR-006416,B09F3Z9BH6,5.0,true,none
CR-006417,B08QKRJJS1,5.0,true,none
CR-006418,B089SDX8ZS,3.0,true,none
CR-006419,B07KXBX32V,5.0,true,none
CR-006420,B07PWDTF8B,5.0,true,none
CR-006421,B085TD3Z9F,5.0,true,none
CR-006422,B09F3Z9BH6,5.0,true,none
CR-006423,B0C2JF5179,4.0,true,none
CR-006424,B0BZPPXM8D,1.0,true,none
CR-006425,B0C2JF5179,5.0,true,none
CR-006426,B0C2JF5179,5.0,true,none
CR-006427,B07PWDTF8B,5.0,true,none
CR-006428,B09F3Z9BH6,5.0,true,none
CR-006429,B09F3Z9BH6,4.0,true,none
CR-006430,B08HGZZJ68,2.0,true,none
CR-006431,B084GKPZ4V,5.0,true,none
CR-006432,B09F3Z9BH6,5.0,true,none
CR-006433,B07R81N4X9,5.0,true,none
CR-006434,B07R81N4X9,5.0,true,none
CR-006435,B0C2JF5179,5.0,true,none
CR-006436,B09F3Z9BH6,5.0,true,none
CR-006437,B07KXBX32V,1.0,true,none
CR-006438,B07KXBX32V,2.0,true,none
CR-006439,B093JYV9RR,5.0,true,none
CR-006440,B0C2JF5179,5.0,true,none
CR-006441,B0C2JF5179,5.0,true,none
CR-006442,B0C2JF5179,5.0,true,none
CR-006443,B07R81N4X9,5.0,true,none
CR-006444,B08QKRJJS1,5.0,true,none
CR-006445,B08QKRJJS1,5.0,true,none
CR-006446,B0BZPPXM8D,1.0,true,none
CR-006447,B0BZPPXM8D,5.0,true,none
CR-006448,B09F3Z9BH6,5.0,true,none
CR-006449,B0C2JF5179,5.0,true,none
CR-006450,B0C2JF5179,5.0,true,none
CR-006451,B0C2JF5179,3.0,true,none
CR-006452,B09WZWYVVX,5.0,true,none
CR-006453,B07KXBX32V,4.0,true,none
CR-006454,B08QKRJJS1,1.0,false,none
CR-006455,B089M2X49N,5.0,true,none
CR-006456,B0C2JF5179,4.0,true,none
CR-006457,B07PWDTF8B,5.0,true,none
CR-006458,B09WZWYVVX,5.0,true,none
CR-006459,B0C2JF5179,2.0,true,none
CR-006460,B07KXBX32V,5.0,true,none
CR-006461,B0C2JF5179,5.0,true,none
CR-006462,B0BZPPXM8D,4.0,true,none
CR-006463,B0C2JF5179,5.0,true,none
CR-006464,B0C2JF5179,2.0,true,none
CR-006465,B0C2JF5179,1.0,false,none
CR-006466,B08QKRJJS1,5.0,true,none
CR-006467,B0C2JF5179,5.0,true,none
CR-006468,B09F3Z9BH6,2.0,true,none
CR-006469,B0C2JF5179,5.0,true,none
CR-006470,B09F3Z9BH6,5.0,true,none
CR-006471,B09F3Z9BH6,4.0,true,none
CR-006472,B0869H48RS,5.0,true,none
CR-006473,B071DXQ1RV,5.0,true,none
CR-006474,B09F3Z9BH6,1.0,true,none
CR-006475,B086SN7JT9,4.0,true,none
CR-006476,B07KXBX32V,5.0,true,none
CR-006477,B07KXBX32V,1.0,true,none
CR-006478,B07R81N4X9,5.0,true,none
CR-006479,B076J4BK24,5.0,true,none
CR-006480,B08CVR388H,1.0,true,none
CR-006481,B08G84Y3QQ,4.0,true,none
CR-006482,B0C2JF5179,5.0,true,none
CR-006483,B0BBV2Z7VG,4.0,true,none
CR-006484,B07KXBX32V,4.0,true,none
CR-006485,B0BZPPXM8D,4.0,true,none
CR-006486,B08CVR388H,1.0,true,none
CR-006487,B08QKRJJS1,5.0,true,none
CR-006488,B093JYV9RR,5.0,true,none
CR-006489,B086SN7JT9,5.0,true,none
CR-006490,B0BZPPXM8D,5.0,true,none
CR-006491,B0C2JF5179,5.0,true,none
CR-006492,B0BBV2Z7VG,5.0,true,none
CR-006493,B08CVR388H,5.0,true,none
CR-006494,B09WZWYVVX,3.0,true,ozone_odor_safety
CR-006495,B07KXBX32V,5.0,true,none
CR-006496,B08GKW38JQ,1.0,true,value_effectiveness
CR-006497,B0C2JF5179,5.0,true,none
CR-006498,B093JYV9RR,5.0,true,none
CR-006499,B0C2JF5179,4.0,true,none
CR-006500,B0C2JF5179,5.0,true,none
CR-006501,B07R81N4X9,2.0,true,none
CR-006502,B0C2JF5179,5.0,true,none
CR-006503,B07R81N4X9,5.0,true,none
CR-006504,B085ZLFT3W,5.0,true,none
CR-006505,B07R81N4X9,3.0,true,none
CR-006506,B071HMNTPM,5.0,true,none
CR-006507,B08QKRJJS1,2.0,true,reliability
CR-006508,B093JYV9RR,5.0,true,none
CR-006509,B01GXFY0KQ,5.0,true,none
CR-006510,B08KKWBJBS,4.0,true,ozone_odor_safety
CR-006511,B07R81N4X9,5.0,true,none
CR-006512,B0C2JF5179,5.0,true,none
CR-006513,B07QPNSQJ5,5.0,true,none
CR-006514,B08G84Y3QQ,1.0,true,none
CR-006515,B07R81N4X9,5.0,true,noise
CR-006516,B0C2JF5179,1.0,true,none
CR-006517,B07KXBX32V,5.0,true,none
CR-006518,B08GQZM6Q1,5.0,true,none
CR-006519,B089T5PXFN,5.0,true,none
CR-006520,B08QKRJJS1,5.0,true,none
CR-006521,B0C2JF5179,1.0,true,none
CR-006522,B072KHQD1N,5.0,true,none
CR-006523,B085ZLFT3W,5.0,true,none
CR-006524,B0C2JF5179,3.0,true,none
CR-006525,B0C2JF5179,5.0,true,none
CR-006526,B07KXBX32V,1.0,true,none
CR-006527,B07PWDTF8B,5.0,true,none
CR-006528,B0C2JF5179,5.0,true,none
CR-006529,B07R81N4X9,5.0,true,none
CR-006530,B0C2JF5179,5.0,true,none
CR-006531,B07KXBX32V,5.0,true,none
CR-006532,B08HGZZJ68,1.0,true,none
CR-006533,B0C2JF5179,5.0,true,none
CR-006534,B0C2JF5179,5.0,true,none
CR-006535,B07R81N4X9,1.0,true,noise
CR-006536,B0C2JF5179,5.0,true,none
CR-006537,B07ZPLXB54,1.0,true,ozone_odor_safety
CR-006538,B07PWDTF8B,5.0,true,none
CR-006539,B09F3Z9BH6,4.0,true,none
CR-006540,B0C2JF5179,5.0,true,none
CR-006541,B08CVR388H,4.0,true,none
CR-006542,B07R81N4X9,5.0,true,none
CR-006543,B08QKRJJS1,5.0,true,none
CR-006544,B09F3Z9BH6,5.0,true,none
CR-006545,B0BZPPXM8D,3.0,true,none
CR-006546,B0C2JF5179,5.0,true,none
CR-006547,B07PWDTF8B,5.0,true,none
CR-006548,B0C2JF5179,1.0,true,none
CR-006549,B07DK5NSY1,5.0,true,none
CR-006550,B08G84Y3QQ,1.0,true,none
CR-006551,B07KXBX32V,5.0,true,none
CR-006552,B08QKRJJS1,5.0,true,none
CR-006553,B07PWDTF8B,4.0,true,none
CR-006554,B0C2JF5179,5.0,true,none
CR-006555,B09F3Z9BH6,4.0,true,none
CR-006556,B0C2JF5179,5.0,true,none
CR-006557,B09F3Z9BH6,5.0,true,none
CR-006558,B07PWDTF8B,3.0,true,none
CR-006559,B0C2JF5179,5.0,true,none
CR-006560,B0057IKJPQ,5.0,true,none
CR-006561,B08G84Y3QQ,5.0,true,none
CR-006562,B09F3Z9BH6,2.0,true,none
CR-006563,B09F3Z9BH6,5.0,true,none
CR-006564,B0C2JF5179,2.0,true,none
CR-006565,B09F3Z9BH6,3.0,true,none
CR-006566,B09F3Z9BH6,5.0,true,none
CR-006567,B09F3Z9BH6,4.0,true,none
CR-006568,B01GXFY0KQ,1.0,true,none
CR-006569,B09F3Z9BH6,4.0,true,none
CR-006570,B07KXBX32V,2.0,true,none
CR-006571,B0BZPPXM8D,1.0,true,none
CR-006572,B07PWDTF8B,5.0,true,none
CR-006573,B08GQZM6Q1,5.0,true,none
CR-006574,B08QKRJJS1,5.0,true,none
CR-006575,B089NJW4J2,5.0,true,none
CR-006576,B0C2JF5179,5.0,true,none
CR-006577,B0C2JF5179,5.0,true,none
CR-006578,B08CVR388H,2.0,true,none
CR-006579,B0C2JF5179,4.0,true,none
CR-006580,B0776XKZ1Y,5.0,true,none
CR-006581,B09F3Z9BH6,5.0,true,none
CR-006582,B09F3Z9BH6,5.0,true,none
CR-006583,B09F3Z9BH6,5.0,true,none
CR-006584,B08G84Y3QQ,1.0,true,none
CR-006585,B0BZPPXM8D,2.0,true,none
CR-006586,B0C2JF5179,5.0,true,none
CR-006587,B07KXBX32V,2.0,true,none
CR-006588,B093JYV9RR,5.0,true,none
CR-006589,B0C2JF5179,5.0,true,none
CR-006590,B0776XKZ1Y,5.0,true,none
CR-006591,B0C2JF5179,3.0,true,noise
CR-006592,B07KXBX32V,4.0,true,none
CR-006593,B07KXBX32V,5.0,true,none
CR-006594,B0BZPPXM8D,5.0,true,none
CR-006595,B09F3Z9BH6,5.0,true,none
CR-006596,B09F3Z9BH6,5.0,true,none
CR-006597,B0C2JF5179,5.0,true,none
CR-006598,B09F3Z9BH6,3.0,true,none
CR-006599,B08G84Y3QQ,1.0,true,none
CR-006600,B07KXBX32V,1.0,true,reliability
CR-006601,B09F3Z9BH6,4.0,true,none
CR-006602,B09F3Z9BH6,5.0,true,none
CR-006603,B089M2X49N,5.0,true,none
CR-006604,B09F3Z9BH6,1.0,true,none
CR-006605,B01GXFY0KQ,2.0,true,none
CR-006606,B093JYV9RR,5.0,true,none
CR-006607,B088LYH3X4,5.0,true,none
CR-006608,B09F3Z9BH6,5.0,true,none
CR-006609,B0C2JF5179,5.0,true,none
CR-006610,B0C2JF5179,5.0,false,noise
CR-006611,B0BZPPXM8D,1.0,true,none
CR-006612,B08G84Y3QQ,5.0,true,none
CR-006613,B093JYV9RR,5.0,true,none
CR-006614,B082Y2PK2G,1.0,false,none
CR-006615,B08G84Y3QQ,5.0,true,none
CR-006616,B0C2JF5179,1.0,true,none
CR-006617,B09F3Z9BH6,5.0,true,none
CR-006618,B093JYV9RR,5.0,true,none
CR-006619,B082Y2PK2G,1.0,true,none
CR-006620,B0C2JF5179,5.0,true,none
CR-006621,B0776XKZ1Y,4.0,true,none
CR-006622,B09WZWYVVX,5.0,true,none
CR-006623,B01GXFY0KQ,5.0,true,none
CR-006624,B089M2X49N,5.0,true,none
CR-006625,B07DK5NSY1,1.0,true,none
CR-006626,B0C2JF5179,3.0,true,none
CR-006627,B07VXKR2L4,5.0,true,none
CR-006628,B0C2JF5179,5.0,true,none
CR-006629,B08CVR388H,3.0,true,none
CR-006630,B07R81N4X9,5.0,true,none
CR-006631,B09F3Z9BH6,3.0,true,none
CR-006632,B0C2JF5179,5.0,true,none
CR-006633,B0C2JF5179,4.0,true,none
CR-006634,B07PWDTF8B,5.0,true,none
CR-006635,B0C2JF5179,5.0,true,none
CR-006636,B089M2X49N,5.0,true,none
CR-006637,B07BTNJRS6,4.0,true,none
CR-006638,B0C2JF5179,5.0,true,none
CR-006639,B09DF9DD7X,5.0,true,none
CR-006640,B0C2JF5179,5.0,true,none
CR-006641,B087JHKTRP,3.0,true,none
CR-006642,B0C2JF5179,1.0,true,none
CR-006643,B0776XKZ1Y,5.0,true,none
CR-006644,B0848BNPPK,5.0,true,none
CR-006645,B07R81N4X9,5.0,true,none
CR-006646,B0C2JF5179,5.0,true,none
CR-006647,B0BBV2Z7VG,5.0,true,none
CR-006648,B093JYV9RR,5.0,true,none
CR-006649,B09F3Z9BH6,5.0,true,none
CR-006650,B0C2JF5179,5.0,true,none
CR-006651,B0BBV2Z7VG,1.0,false,none
CR-006652,B0C2JF5179,4.0,true,none
CR-006653,B0C2JF5179,3.0,true,none
CR-006654,B0C2JF5179,5.0,true,none
CR-006655,B09DF9DD7X,1.0,true,filter_cost
CR-006656,B0B2DX3SNN,5.0,true,none
CR-006657,B08G84Y3QQ,1.0,true,none
CR-006658,B088LYH3X4,5.0,true,none
CR-006659,B0BBV2Z7VG,5.0,true,none
CR-006660,B093JYV9RR,5.0,true,none
CR-006661,B0114VK7DI,1.0,true,none
CR-006662,B0C2JF5179,5.0,true,none
CR-006663,B0C2JF5179,5.0,true,none
CR-006664,B09DF9DD7X,5.0,true,none
CR-006665,B0BZPPXM8D,1.0,true,none
CR-006666,B09F3Z9BH6,4.0,true,none
CR-006667,B08DG8PMPZ,1.0,true,none
CR-006668,B0C2JF5179,5.0,true,none
CR-006669,B0C2JF5179,4.0,true,none
CR-006670,B0BBV2Z7VG,1.0,true,none
CR-006671,B09F3Z9BH6,5.0,true,none
CR-006672,B0BZPPXM8D,3.0,true,none
CR-006673,B09DF9DD7X,5.0,true,none
CR-006674,B085HTCDJC,5.0,true,none
CR-006675,B072KHQD1N,5.0,true,none
CR-006676,B09DF9DD7X,1.0,false,none
CR-006677,B07R81N4X9,5.0,true,none
CR-006678,B09DF9DD7X,1.0,true,filter_cost
CR-006679,B08GQZM6Q1,2.0,true,none
CR-006680,B0C2JF5179,5.0,true,none
CR-006681,B07KXBX32V,5.0,true,none
CR-006682,B0776XKZ1Y,4.0,true,none
CR-006683,B08QKRJJS1,5.0,true,none
CR-006684,B07DK5NSY1,5.0,true,none
CR-006685,B08CVR388H,2.0,true,none
CR-006686,B07PWDTF8B,5.0,true,none
CR-006687,B0C2JF5179,5.0,true,none
CR-006688,B099GYT47Z,5.0,true,none
CR-006689,B0C2JF5179,5.0,true,none
CR-006690,B07PWDTF8B,5.0,true,none
CR-006691,B0C2JF5179,4.0,true,none
CR-006692,B07R81N4X9,5.0,true,none
CR-006693,B09F3Z9BH6,4.0,true,none
CR-006694,B07PWDTF8B,5.0,true,none
CR-006695,B09F3Z9BH6,3.0,true,none
CR-006696,B0C2JF5179,5.0,true,none
CR-006697,B09F3Z9BH6,2.0,true,none
CR-006698,B08CVR388H,4.0,true,none
CR-006699,B0BZPPXM8D,5.0,true,none
CR-006700,B0BZPPXM8D,5.0,true,none
CR-006701,B0C2JF5179,5.0,true,none
CR-006702,B0C2JF5179,1.0,true,value_effectiveness
CR-006703,B0C2JF5179,5.0,true,none
CR-006704,B08P8PRG2M,5.0,true,none
CR-006705,B0C2JF5179,1.0,true,none
CR-006706,B07PWDTF8B,5.0,true,none
CR-006707,B09F3Z9BH6,1.0,true,none
CR-006708,B09F3Z9BH6,3.0,true,none
CR-006709,B09F3Z9BH6,5.0,true,none
CR-006710,B08GQZM6Q1,5.0,true,none
CR-006711,B0C2JF5179,5.0,true,none
CR-006712,B076J4BK24,4.0,true,none
CR-006713,B09F3Z9BH6,1.0,true,none
CR-006714,B09F3Z9BH6,1.0,true,none
CR-006715,B0C2JF5179,5.0,true,none
CR-006716,B08QKRJJS1,5.0,true,none
CR-006717,B09GFHWXNV,5.0,true,none
CR-006718,B0C2JF5179,5.0,true,none
CR-006719,B071HMNTPM,1.0,true,customer_service
CR-006720,B07V5FPWMZ,3.0,true,none
CR-006721,B0BZPPXM8D,4.0,true,none
CR-006722,B01GXFY0KQ,5.0,true,none
CR-006723,B086SN7JT9,3.0,true,none
CR-006724,B07KXBX32V,1.0,true,none
CR-006725,B0C2JF5179,5.0,true,none
CR-006726,B09F3Z9BH6,5.0,true,none
CR-006727,B0BZPPXM8D,2.0,true,none
CR-006728,B09F3Z9BH6,5.0,true,none
CR-006729,B0BBV2Z7VG,5.0,true,none
CR-006730,B0C2JF5179,5.0,true,none
CR-006731,B09F3Z9BH6,5.0,true,none
CR-006732,B0BBV2Z7VG,5.0,true,none
CR-006733,B0C2JF5179,5.0,true,none
CR-006734,B07PWDTF8B,4.0,true,none
CR-006735,B08G84Y3QQ,5.0,true,none
CR-006736,B0C2JF5179,5.0,true,none
CR-006737,B07KXBX32V,5.0,true,none
CR-006738,B07KXBX32V,5.0,true,none
CR-006739,B0C2JF5179,5.0,true,none
CR-006740,B08G84Y3QQ,1.0,true,value_effectiveness
CR-006741,B0C2JF5179,5.0,true,none
CR-006742,B0C2JF5179,1.0,true,none
CR-006743,B0C2JF5179,5.0,true,none
CR-006744,B0C2JF5179,5.0,true,none
CR-006745,B09DF9DD7X,5.0,true,none
CR-006746,B07R81N4X9,1.0,true,none
CR-006747,B07QPNSQJ5,3.0,true,none
CR-006748,B0C2JF5179,5.0,true,none
CR-006749,B0C2JF5179,5.0,true,none
CR-006750,B0C2JF5179,5.0,true,none
CR-006751,B096L11T6T,5.0,true,none
CR-006752,B0C2JF5179,5.0,true,none
CR-006753,B07KXBX32V,5.0,true,none
CR-006754,B071DXQ1RV,1.0,false,none
CR-006755,B0C2JF5179,5.0,true,none
CR-006756,B07KXBX32V,5.0,true,none
CR-006757,B0C2JF5179,4.0,true,none
CR-006758,B0C2JF5179,1.0,true,none
CR-006759,B08KT4KVBC,5.0,true,none
CR-006761,B08GQZM6Q1,4.0,true,none
CR-006762,B07KXBX32V,5.0,true,none
CR-006763,B0C2JF5179,5.0,true,none
CR-006764,B07KXBX32V,5.0,true,none
CR-006765,B07R81N4X9,4.0,true,none
CR-006766,B0C2JF5179,3.0,true,none
CR-006767,B0C2JF5179,1.0,true,reliability
CR-006768,B07VXKR2L4,5.0,true,none
CR-006769,B07PWDTF8B,5.0,true,none
CR-006770,B07KXBX32V,2.0,true,none
CR-006771,B07R81N4X9,5.0,true,none
CR-006772,B0C2JF5179,5.0,true,none
CR-006773,B07ZPLXB54,1.0,false,none
CR-006774,B0C2JF5179,5.0,true,none
CR-006775,B09F3Z9BH6,4.0,true,none
CR-006776,B0BBV2Z7VG,1.0,false,none
CR-006777,B0C2JF5179,5.0,true,none
CR-006778,B0C2JF5179,5.0,true,none
CR-006779,B0C2JF5179,5.0,true,none
CR-006780,B09F3Z9BH6,1.0,true,none
CR-006781,B0C2JF5179,5.0,true,none
CR-006782,B08SV1GSJB,5.0,true,none
CR-006783,B07R81N4X9,5.0,true,noise
CR-006784,B09DF9DD7X,4.0,true,none
CR-006785,B09F3Z9BH6,5.0,true,none
CR-006786,B07R81N4X9,2.0,true,none
CR-006787,B07PWDTF8B,5.0,true,none
CR-006788,B071HGGN6N,5.0,true,none
CR-006789,B07TDN1NDY,4.0,true,none
CR-006790,B08QKRJJS1,4.0,true,none
CR-006791,B099GYT47Z,5.0,true,none
CR-006792,B08QKRJJS1,4.0,true,noise
CR-006793,B0C2JF5179,5.0,true,none
CR-006794,B07KXBX32V,5.0,true,none
CR-006795,B08FD4MR1Z,4.0,true,none
CR-006796,B085ZLFT3W,2.0,true,none
CR-006797,B0C2JF5179,3.0,true,customer_service
CR-006798,B08QKRJJS1,5.0,true,none
CR-006799,B08FD4MR1Z,5.0,true,noise
CR-006800,B08QKRJJS1,2.0,true,none
CR-006801,B07KXBX32V,1.0,true,none
CR-006802,B0C2JF5179,5.0,true,none
CR-006803,B0C2JF5179,5.0,true,none
CR-006804,B0C2JF5179,4.0,true,none
CR-006805,B08FD4MR1Z,1.0,false,none
CR-006806,B0C2JF5179,5.0,true,none
CR-006807,B07ZPLXB54,5.0,true,none
CR-006808,B0C2JF5179,5.0,true,none
CR-006809,B09WZWYVVX,4.0,true,none
CR-006810,B0C2JF5179,5.0,true,none
CR-006811,B08P8PRG2M,5.0,true,none
CR-006812,B0C2JF5179,5.0,true,none
CR-006813,B01GXFY0KQ,4.0,true,none
CR-006814,B08CVR388H,1.0,true,value_effectiveness
CR-006815,B07B8LYNCX,5.0,true,none
CR-006816,B09WZWYVVX,5.0,true,none
CR-006817,B0BZPPXM8D,1.0,true,none
CR-006818,B0C2JF5179,5.0,true,none
CR-006819,B0C2JF5179,5.0,true,none
CR-006820,B0C2JF5179,5.0,true,none
CR-006821,B0C2JF5179,5.0,true,none
CR-006822,B08QKRJJS1,5.0,true,none
CR-006823,B096L11T6T,3.0,true,none
CR-006824,B08HVDFPVF,5.0,true,none
CR-006825,B07KXBX32V,5.0,true,none
CR-006826,B09S6P81TB,5.0,true,none
CR-006827,B076J4BK24,5.0,true,none
CR-006828,B0C2JF5179,5.0,true,none
CR-006829,B09F3Z9BH6,5.0,true,none
CR-006830,B0C2JF5179,5.0,true,none
CR-006831,B0C2JF5179,5.0,true,none
CR-006832,B0C2JF5179,5.0,true,none
CR-006833,B0C2JF5179,5.0,true,none
CR-006834,B0C2JF5179,5.0,true,none
CR-006835,B08FD4MR1Z,5.0,true,none
CR-006836,B0BBV2Z7VG,5.0,true,none
CR-006837,B0C2JF5179,5.0,true,none
CR-006838,B0C2JF5179,5.0,true,none
CR-006839,B09S6P81TB,5.0,true,none
CR-006840,B0C2JF5179,5.0,true,none
CR-006841,B09DF9DD7X,5.0,true,none
CR-006842,B08FD4MR1Z,5.0,true,none
CR-006843,B0C2JF5179,5.0,true,none
CR-006844,B0C2JF5179,5.0,true,none
CR-006845,B0BZPPXM8D,5.0,true,none
CR-006846,B093JYV9RR,5.0,true,none
CR-006847,B07R81N4X9,5.0,true,none
CR-006848,B0C2JF5179,5.0,true,none
CR-006849,B0C2JF5179,5.0,true,none
CR-006850,B07R81N4X9,5.0,true,none
CR-006851,B08G84Y3QQ,2.0,true,none
CR-006852,B09F3Z9BH6,5.0,true,none
CR-006853,B0776XKZ1Y,5.0,true,none
CR-006854,B0C2JF5179,5.0,true,none
CR-006855,B08FD4MR1Z,3.0,true,none
CR-006856,B0C2JF5179,5.0,true,ozone_odor_safety
CR-006857,B0C2JF5179,5.0,true,none
CR-006858,B0C2JF5179,5.0,true,none
CR-006859,B0C2JF5179,5.0,true,none
CR-006860,B0B2DX3SNN,5.0,true,none
CR-006861,B07R81N4X9,5.0,true,none
CR-006862,B0C2JF5179,5.0,true,none
CR-006863,B0BBV2Z7VG,5.0,true,none
CR-006864,B0C2JF5179,4.0,true,none
CR-006865,B07KXBX32V,5.0,true,none
CR-006866,B07DK5NSY1,3.0,true,none
CR-006867,B08G84Y3QQ,1.0,true,reliability
CR-006868,B089M2X49N,4.0,true,none
CR-006869,B07R81N4X9,1.0,true,none
CR-006870,B0B2DX3SNN,5.0,true,none
CR-006871,B093JYV9RR,5.0,true,none
CR-006872,B08FD4MR1Z,4.0,true,none
CR-006873,B0C2JF5179,3.0,true,none
CR-006874,B08GQZM6Q1,4.0,true,none
CR-006875,B0C2JF5179,5.0,true,none
CR-006876,B0776XKZ1Y,2.0,true,ozone_odor_safety
CR-006877,B0C2JF5179,5.0,true,none
CR-006878,B07R81N4X9,5.0,true,none
CR-006879,B0C2JF5179,5.0,true,none
CR-006880,B08G84Y3QQ,1.0,true,none
CR-006881,B0C2JF5179,5.0,true,none
CR-006882,B07C1HTHY6,2.0,true,ozone_odor_safety
CR-006883,B0C2JF5179,5.0,true,none
CR-006884,B08QKRJJS1,5.0,true,none
CR-006885,B0BZPPXM8D,1.0,true,value_effectiveness
CR-006886,B0C2JF5179,1.0,true,customer_service
CR-006887,B0C2JF5179,5.0,true,none
CR-006888,B0BZPPXM8D,5.0,true,none
CR-006889,B07B8LYNCX,4.0,true,none
CR-006890,B08QKRJJS1,5.0,true,none
CR-006891,B08FD4MR1Z,5.0,true,none
CR-006892,B093JYV9RR,5.0,true,none
CR-006893,B0C2JF5179,5.0,true,none
CR-006894,B07R81N4X9,4.0,true,none
CR-006895,B0C2JF5179,5.0,true,none
CR-006896,B0C2JF5179,4.0,true,none
CR-006897,B0C2JF5179,5.0,true,none
CR-006898,B0C2JF5179,5.0,true,none
CR-006899,B0C2JF5179,5.0,true,none
CR-006900,B0C2JF5179,5.0,true,none
CR-006901,B0C2JF5179,5.0,true,none
CR-006902,B07DK5NSY1,4.0,true,none
CR-006903,B0C2JF5179,5.0,true,none
CR-006904,B0C2JF5179,5.0,true,none
CR-006905,B09S6P81TB,5.0,true,none
CR-006906,B07R81N4X9,5.0,true,none
CR-006907,B0C2JF5179,5.0,true,none
CR-006908,B076J4BK24,5.0,true,none
CR-006909,B07R81N4X9,3.0,true,none
CR-006910,B0C2JF5179,5.0,true,none
CR-006911,B099GYT47Z,5.0,true,none
CR-006912,B09DF9DD7X,5.0,true,none
CR-006913,B09DF9DD7X,4.0,true,noise
CR-006914,B0C2JF5179,5.0,true,none
CR-006915,B0C2JF5179,5.0,true,none
CR-006916,B0BZPPXM8D,1.0,true,none
CR-006917,B0C2JF5179,5.0,false,filter_cost
CR-006918,B09DF9DD7X,5.0,true,none
CR-006919,B0C2JF5179,5.0,true,none
CR-006920,B08QKRJJS1,5.0,true,none
CR-006921,B0C2JF5179,2.0,true,none
CR-006922,B0C2JF5179,5.0,true,none
CR-006923,B0C2JF5179,5.0,true,none
CR-006924,B08G84Y3QQ,5.0,true,none
CR-006925,B0C2JF5179,4.0,true,none
CR-006926,B09DF9DD7X,5.0,true,none
CR-006927,B08G84Y3QQ,5.0,true,none
CR-006928,B08SV1GSJB,5.0,true,none
CR-006929,B0C2JF5179,5.0,true,none
CR-006930,B0C2JF5179,5.0,true,none
CR-006931,B09DF9DD7X,5.0,true,none
CR-006932,B084GKPZ4V,1.0,true,none
CR-006933,B09DF9DD7X,1.0,false,none
CR-006934,B0C2JF5179,5.0,true,none
CR-006935,B0C2JF5179,5.0,true,none
CR-006936,B089M2X49N,5.0,true,none
CR-006937,B07R81N4X9,5.0,true,none
CR-006938,B08QKRJJS1,5.0,true,none
CR-006939,B0C2JF5179,5.0,true,none
CR-006940,B0C2JF5179,5.0,true,none
CR-006941,B0C2JF5179,5.0,true,none
CR-006942,B0C2JF5179,5.0,true,none
CR-006943,B0C2JF5179,5.0,true,none
CR-006944,B08G84Y3QQ,4.0,true,value_effectiveness
CR-006945,B0C2JF5179,5.0,true,none
CR-006946,B0C2JF5179,5.0,true,none
CR-006947,B0C2JF5179,5.0,true,none
CR-006948,B0C2JF5179,5.0,true,none
CR-006949,B0BZPPXM8D,2.0,true,none
CR-006950,B08FD4MR1Z,4.0,true,none
CR-006951,B0C2JF5179,5.0,true,none
CR-006952,B0C2JF5179,5.0,true,none
CR-006953,B09DF9DD7X,5.0,true,none
CR-006954,B07DK5NSY1,5.0,true,none
CR-006955,B0C2JF5179,5.0,true,none
CR-006956,B0C2JF5179,5.0,true,none
CR-006957,B082Y2PK2G,1.0,true,value_effectiveness
CR-006958,B076J4BK24,5.0,true,none
CR-006959,B0C2JF5179,1.0,true,none
CR-006960,B0C2JF5179,5.0,true,none
CR-006961,B08FD4MR1Z,4.0,true,none
CR-006962,B08LYD4ZMY,4.0,true,none
CR-006963,B0C2JF5179,5.0,true,none
CR-006964,B0C2JF5179,3.0,true,none
CR-006965,B0C2JF5179,1.0,true,none
CR-006966,B07ZPLXB54,4.0,true,none
CR-006967,B08P8PRG2M,1.0,true,noise
CR-006968,B099GYT47Z,5.0,true,none
CR-006969,B09F3Z9BH6,1.0,true,none
CR-006970,B0C2JF5179,5.0,true,none
CR-006971,B093JYV9RR,1.0,true,none
CR-006972,B0C2JF5179,5.0,true,none
CR-006973,B09DF9DD7X,3.0,true,noise
CR-006974,B0C2JF5179,5.0,true,none
CR-006975,B088LYH3X4,4.0,true,none
CR-006976,B0C2JF5179,5.0,true,none
CR-006977,B0C2JF5179,4.0,true,none
CR-006978,B09DF9DD7X,5.0,true,none
CR-006979,B0C2JF5179,5.0,true,none
CR-006980,B07R81N4X9,5.0,true,none
CR-006981,B0C2JF5179,5.0,true,none
CR-006982,B07R81N4X9,2.0,true,customer_service
CR-006983,B09WZWYVVX,5.0,true,none
CR-006984,B082Y2PK2G,1.0,true,none
CR-006985,B07KXBX32V,4.0,true,none
CR-006986,B09WZWYVVX,3.0,true,none
CR-006987,B076J4BK24,5.0,false,customer_service
CR-006988,B08P8PRG2M,5.0,true,none
CR-006989,B0C2JF5179,5.0,true,none
CR-006990,B086SN7JT9,5.0,true,none
CR-006991,B0C2JF5179,5.0,true,none
CR-006992,B08FD4MR1Z,4.0,true,noise
CR-006993,B0C2JF5179,5.0,true,none
CR-006994,B0BZPPXM8D,2.0,true,none
CR-006995,B0C2JF5179,5.0,true,none
CR-006996,B0C2JF5179,5.0,true,none
CR-006997,B09S6P81TB,5.0,true,none
CR-006998,B08G84Y3QQ,5.0,true,none
CR-006999,B0C2JF5179,1.0,true,none
CR-007000,B0BZPPXM8D,5.0,true,none
CR-007001,B0BZPPXM8D,5.0,true,none
CR-007002,B08QKRJJS1,5.0,true,none
CR-007003,B001BC3M1K,5.0,false,reliability
CR-007004,B0C2JF5179,4.0,true,none
CR-007005,B093JYV9RR,4.0,true,none
CR-007006,B08SV1GSJB,5.0,true,none
CR-007007,B096L11T6T,5.0,true,none
CR-007008,B07KXBX32V,2.0,true,none
CR-007009,B0BZPPXM8D,5.0,true,none
CR-007010,B0C2JF5179,5.0,true,none
CR-007011,B0C2JF5179,5.0,true,none
CR-007012,B0C2JF5179,5.0,true,none
CR-007013,B087JHKTRP,5.0,true,none
CR-007014,B07VXKR2L4,1.0,true,none
CR-007015,B0C2JF5179,4.0,true,none
CR-007016,B08QKRJJS1,5.0,true,none
CR-007017,B08P8PRG2M,5.0,true,none
CR-007018,B0BZPPXM8D,3.0,true,none
CR-007019,B086SN7JT9,3.0,true,none
CR-007020,B0BZPPXM8D,1.0,true,none
CR-007021,B0C2JF5179,5.0,true,none
CR-007022,B0C2JF5179,1.0,true,none
CR-007023,B0C2JF5179,5.0,true,none
CR-007024,B08G84Y3QQ,3.0,true,none
CR-007025,B0C2JF5179,4.0,true,none
CR-007026,B0BZPPXM8D,5.0,true,none
CR-007027,B09F3Z9BH6,1.0,false,none
CR-007028,B0C2JF5179,5.0,true,none
CR-007029,B0C2JF5179,5.0,true,none
CR-007030,B09S6P81TB,5.0,true,none
CR-007031,B0C2JF5179,5.0,true,none
CR-007032,B09DF9DD7X,5.0,true,none
CR-007033,B0776XKZ1Y,5.0,true,none
CR-007034,B07DK5NSY1,5.0,true,none
CR-007035,B09DF9DD7X,1.0,true,none
CR-007036,B0C2JF5179,5.0,true,none
CR-007037,B0C2JF5179,5.0,true,none
CR-007038,B0C2JF5179,5.0,true,none
CR-007039,B0C2JF5179,5.0,true,none
CR-007040,B08G84Y3QQ,5.0,true,none
CR-007041,B0C2JF5179,3.0,true,none
CR-007042,B0C2JF5179,5.0,true,none
CR-007043,B08G84Y3QQ,1.0,true,none
CR-007044,B000HECMEG,5.0,true,none
CR-007045,B07DK5NSY1,5.0,true,none
CR-007046,B07KXBX32V,1.0,true,none
CR-007047,B093JYV9RR,5.0,true,none
CR-007048,B0C2JF5179,4.0,true,none
CR-007049,B0C2JF5179,5.0,true,none
CR-007050,B0C2JF5179,5.0,true,none
CR-007051,B0C2JF5179,4.0,true,none
CR-007052,B0C2JF5179,5.0,true,none
CR-007053,B0BBV2Z7VG,2.0,true,none
CR-007054,B07DK5NSY1,5.0,true,none
CR-007055,B0C2JF5179,5.0,true,none
CR-007056,B0C2JF5179,1.0,true,none
CR-007057,B07KXBX32V,5.0,true,none
CR-007058,B0C2JF5179,5.0,true,none
CR-007059,B08FD4MR1Z,5.0,true,none
CR-007060,B09F3Z9BH6,4.0,true,none
CR-007061,B0057IKJPQ,5.0,true,none
CR-007062,B0C2JF5179,5.0,true,none
CR-007063,B0C2JF5179,5.0,true,none
CR-007064,B08G84Y3QQ,5.0,true,none
CR-007065,B0BBV2Z7VG,5.0,true,none
CR-007066,B0C2JF5179,5.0,true,none
CR-007067,B07R81N4X9,5.0,true,none
CR-007068,B0C2JF5179,5.0,true,none
CR-007069,B089M2X49N,1.0,true,none
CR-007070,B086SN7JT9,5.0,true,none
CR-007071,B0C2JF5179,4.0,true,none
CR-007072,B0C2JF5179,5.0,true,none
CR-007073,B08G84Y3QQ,5.0,true,none
CR-007074,B0C2JF5179,5.0,true,none
CR-007075,B07R81N4X9,5.0,true,none
CR-007076,B07KXBX32V,5.0,true,none
CR-007077,B09F3Z9BH6,2.0,true,none
CR-007078,B0C2JF5179,5.0,true,none
CR-007079,B0C2JF5179,5.0,false,reliability
CR-007080,B093JYV9RR,5.0,true,none
CR-007081,B0C2JF5179,5.0,true,reliability
CR-007082,B07DK5NSY1,2.0,true,none
CR-007083,B0C2JF5179,5.0,true,none
CR-007084,B0BZPPXM8D,1.0,true,none
CR-007085,B0C2JF5179,5.0,true,none
CR-007086,B09DF9DD7X,5.0,true,none
CR-007087,B0C2JF5179,5.0,true,none
CR-007088,B09F3Z9BH6,4.0,true,none
CR-007089,B076J4BK24,5.0,true,reliability
CR-007090,B0C2JF5179,5.0,false,noise
CR-007091,B0C2JF5179,5.0,true,none
CR-007092,B082Y2PK2G,1.0,false,none
CR-007093,B0C2JF5179,5.0,true,none
CR-007094,B0C2JF5179,5.0,true,none
CR-007095,B096N8ZYCV,5.0,true,none
CR-007096,B0C2JF5179,5.0,true,none
CR-007097,B08KT4KVBC,1.0,false,none
CR-007098,B0C2JF5179,5.0,true,none
CR-007099,B076J4BK24,5.0,true,none
CR-007100,B09F3Z9BH6,5.0,true,none
CR-007101,B07R81N4X9,5.0,true,none
CR-007102,B0C2JF5179,5.0,true,none
CR-007103,B0BZPPXM8D,3.0,true,none
CR-007104,B0C2JF5179,5.0,true,none
CR-007105,B08KKWBJBS,5.0,true,none
CR-007106,B07R81N4X9,4.0,true,none
CR-007107,B085ZLFT3W,5.0,true,none
CR-007108,B0C2JF5179,5.0,true,none
CR-007109,B0C2JF5179,2.0,true,none
CR-007110,B0C2JF5179,5.0,true,none
CR-007111,B0C2JF5179,5.0,true,none
CR-007112,B07QPNSQJ5,5.0,true,none
CR-007113,B09DF9DD7X,5.0,true,none
CR-007114,B0C2JF5179,5.0,true,none
CR-007115,B0BZDM7HQL,3.0,true,none
CR-007116,B0C2JF5179,5.0,true,none
CR-007117,B0BZPPXM8D,5.0,true,none
CR-007118,B08QKRJJS1,5.0,true,none
CR-007119,B0C2JF5179,4.0,true,none
CR-007120,B0BZPPXM8D,5.0,true,none
CR-007121,B09DF9DD7X,5.0,true,none
CR-007122,B093JYV9RR,5.0,true,none
CR-007123,B0C2JF5179,3.0,true,none
CR-007124,B093JYV9RR,1.0,true,none
CR-007125,B0C2JF5179,5.0,true,none
CR-007126,B088LYH3X4,2.0,true,none
CR-007127,B0C2JF5179,4.0,true,none
CR-007128,B0C2JF5179,5.0,true,none
CR-007129,B09DF9DD7X,1.0,true,none
CR-007130,B08G84Y3QQ,1.0,true,none
CR-007131,B07R81N4X9,5.0,false,none
CR-007132,B093JYV9RR,5.0,true,none
CR-007133,B07RFD7628,5.0,true,none
CR-007134,B093JYV9RR,5.0,true,none
CR-007135,B07R81N4X9,2.0,true,none
CR-007136,B08FD4MR1Z,5.0,false,none
CR-007137,B07VXKR2L4,5.0,true,noise
CR-007138,B07DK5NSY1,1.0,true,none
CR-007139,B018M98UDE,5.0,true,none
CR-007140,B07R81N4X9,4.0,true,none
CR-007141,B0848BNPPK,5.0,true,none
CR-007142,B089M2X49N,2.0,true,none
CR-007143,B09F3Z9BH6,4.0,true,none
CR-007144,B09F3Z9BH6,1.0,true,none
CR-007145,B09F3Z9BH6,5.0,true,none
CR-007146,B0BZPPXM8D,2.0,true,none
CR-007147,B09F3Z9BH6,4.0,true,none
CR-007148,B0B2DX3SNN,4.0,true,none
CR-007149,B01GXFY0KQ,5.0,true,none
CR-007150,B09F3Z9BH6,3.0,true,none
CR-007151,B089NJW4J2,1.0,true,none
CR-007152,B09F3Z9BH6,4.0,true,none
CR-007153,B07PWDTF8B,5.0,false,noise
CR-007154,B09F3Z9BH6,5.0,true,none
CR-007155,B0C2JF5179,5.0,true,none
CR-007156,B09F3Z9BH6,5.0,true,none
CR-007157,B08G84Y3QQ,5.0,true,none
CR-007158,B09F3Z9BH6,3.0,true,none
CR-007159,B09F3Z9BH6,1.0,true,none
CR-007160,B09F3Z9BH6,4.0,true,none
CR-007161,B07R81N4X9,1.0,false,none
CR-007162,B09DF9DD7X,3.0,true,none
CR-007163,B07DK5NSY1,5.0,true,none
CR-007164,B07R81N4X9,3.0,true,none
CR-007165,B09F3Z9BH6,5.0,true,none
CR-007166,B093JYV9RR,4.0,true,noise
CR-007167,B082Y2PK2G,1.0,true,none
CR-007168,B07R81N4X9,5.0,true,none
CR-007169,B0BZPPXM8D,5.0,true,none
CR-007170,B09F3Z9BH6,2.0,true,none
CR-007171,B09F3Z9BH6,5.0,true,none
CR-007172,B09S6P81TB,4.0,true,none
CR-007173,B0BZPPXM8D,5.0,true,none
CR-007174,B07R81N4X9,5.0,true,none
CR-007175,B07DK5NSY1,5.0,true,none
CR-007176,B0BZPPXM8D,5.0,true,none
CR-007177,B087JHKTRP,5.0,true,none
CR-007178,B0BZPPXM8D,5.0,true,none
CR-007179,B0C2JF5179,5.0,true,none
CR-007180,B0C2JF5179,5.0,true,none
CR-007181,B08QKRJJS1,5.0,true,none
CR-007182,B0C2JF5179,5.0,true,none
CR-007183,B07ZPLXB54,5.0,true,none
CR-007184,B0C2JF5179,5.0,true,none
CR-007185,B0C2JF5179,5.0,true,none
CR-007186,B0BZPPXM8D,3.0,true,none
CR-007187,B09DF9DD7X,5.0,true,none
CR-007188,B071HMNTPM,5.0,true,none
CR-007189,B07R81N4X9,5.0,true,none
CR-007190,B0C2JF5179,1.0,true,none
CR-007191,B0C2JF5179,5.0,true,none
CR-007192,B08G84Y3QQ,1.0,true,reliability
CR-007193,B0BZPPXM8D,5.0,true,none
CR-007194,B08FD4MR1Z,5.0,true,none
CR-007195,B0C2JF5179,5.0,true,none
CR-007196,B093JYV9RR,5.0,true,none
CR-007197,B0C2JF5179,5.0,true,none
CR-007198,B084GKPZ4V,4.0,true,none
CR-007199,B07KXBX32V,5.0,true,none
CR-007200,B0BZPPXM8D,5.0,true,none
CR-007201,B08G84Y3QQ,1.0,true,none
CR-007202,B09DF9DD7X,4.0,true,none
CR-007203,B07PWDTF8B,5.0,true,none
CR-007204,B0C2JF5179,5.0,true,none
CR-007205,B0C2JF5179,5.0,true,none
CR-007206,B093JYV9RR,5.0,true,none
CR-007207,B093JYV9RR,5.0,true,none
CR-007208,B07KXBX32V,5.0,true,none
CR-007209,B08QKRJJS1,1.0,true,none
CR-007210,B0C2JF5179,5.0,true,none
CR-007211,B0C2JF5179,4.0,true,none
CR-007212,B07R81N4X9,4.0,true,none
CR-007213,B09F3Z9BH6,1.0,false,none
CR-007214,B0C2JF5179,5.0,true,none
CR-007215,B07KXBX32V,2.0,true,filter_cost
CR-007216,B07R81N4X9,5.0,true,none
CR-007217,B09F3Z9BH6,1.0,true,none
CR-007218,B0C2JF5179,5.0,true,none
CR-007219,B0C2JF5179,4.0,true,none
CR-007220,B07PWDTF8B,1.0,true,none
CR-007221,B07R81N4X9,5.0,true,none
CR-007222,B07R81N4X9,4.0,true,none
CR-007223,B0C2JF5179,5.0,true,none
CR-007224,B0C2JF5179,5.0,true,none
CR-007225,B07R81N4X9,4.0,true,none
CR-007226,B076J4BK24,5.0,true,none
CR-007227,B0C2JF5179,5.0,true,none
CR-007228,B09DF9DD7X,5.0,true,none
CR-007229,B0C2JF5179,5.0,true,none
CR-007230,B08FD4MR1Z,5.0,true,none
CR-007231,B08P8PRG2M,5.0,true,none
CR-007232,B0C2JF5179,5.0,true,none
CR-007233,B07R81N4X9,3.0,true,none
CR-007234,B07VXKR2L4,5.0,true,none
CR-007235,B09F3Z9BH6,5.0,true,none
CR-007236,B000HECMEG,5.0,true,none
CR-007237,B0C2JF5179,5.0,true,none
CR-007238,B093JYV9RR,4.0,true,none
CR-007239,B08RY5SWR5,3.0,true,none
CR-007240,B087JHKTRP,1.0,true,noise
CR-007241,B0C2JF5179,5.0,true,none
CR-007242,B0C2JF5179,5.0,true,none
CR-007243,B07R81N4X9,5.0,true,none
CR-007244,B07KXBX32V,5.0,true,none
CR-007245,B0C2JF5179,5.0,true,none
CR-007246,B0C2JF5179,5.0,true,none
CR-007247,B07ZPLXB54,5.0,true,noise
CR-007248,B0C2JF5179,5.0,true,none
CR-007249,B0C2JF5179,5.0,true,none
CR-007250,B08G84Y3QQ,2.0,true,none
CR-007251,B0BZPPXM8D,5.0,true,none
CR-007252,B09DF9DD7X,5.0,true,none
CR-007253,B0C2JF5179,2.0,true,none
CR-007254,B089M2X49N,1.0,true,reliability
CR-007255,B09F3Z9BH6,1.0,true,none
CR-007256,B07DK5NSY1,2.0,true,none
CR-007257,B09F3Z9BH6,5.0,true,none
CR-007258,B0C2JF5179,5.0,true,none
CR-007259,B08G84Y3QQ,1.0,true,none
CR-007260,B08QKRJJS1,5.0,true,none
CR-007261,B08QKRJJS1,5.0,true,none
CR-007262,B08QKRJJS1,3.0,true,none
CR-007263,B0C2JF5179,5.0,true,none
CR-007264,B0C2JF5179,5.0,true,none
CR-007265,B0C2JF5179,5.0,true,none
CR-007266,B08G84Y3QQ,2.0,true,none
CR-007267,B07R81N4X9,5.0,true,none
CR-007268,B07KXBX32V,5.0,true,none
CR-007269,B0C2JF5179,1.0,false,none
CR-007270,B09F3Z9BH6,4.0,true,none
CR-007271,B09F3Z9BH6,5.0,true,none
CR-007272,B0C2JF5179,5.0,true,none
CR-007273,B0C2JF5179,5.0,true,none
CR-007274,B07B8LYNCX,4.0,true,none
CR-007275,B0BZPPXM8D,5.0,true,none
CR-007276,B08QKRJJS1,5.0,true,none
CR-007277,B0C2JF5179,2.0,true,none
CR-007278,B0C2JF5179,5.0,true,none
CR-007279,B093JYV9RR,5.0,true,none
CR-007280,B09F3Z9BH6,2.0,true,none
CR-007281,B07KXBX32V,3.0,true,none
CR-007282,B08G84Y3QQ,5.0,false,none
CR-007283,B0C2JF5179,5.0,true,none
CR-007284,B0C2JF5179,5.0,true,none
CR-007285,B0C2JF5179,5.0,true,none
CR-007286,B0C2JF5179,5.0,true,none
CR-007287,B07R81N4X9,5.0,true,none
CR-007288,B09F3Z9BH6,1.0,true,none
CR-007289,B07R81N4X9,5.0,true,none
CR-007290,B0C2JF5179,5.0,true,none
CR-007291,B084GKPZ4V,5.0,true,none
CR-007292,B093JYV9RR,5.0,true,none
CR-007293,B0C2JF5179,5.0,true,none
CR-007294,B086SN7JT9,3.0,true,none
CR-007295,B08545DJMS,5.0,true,ozone_odor_safety
CR-007296,B07C1HTHY6,1.0,true,none
CR-007297,B0C2JF5179,4.0,true,none
CR-007298,B0C2JF5179,5.0,true,none
CR-007299,B09F3Z9BH6,5.0,true,none
CR-007300,B0C2JF5179,5.0,true,none
CR-007301,B08GQZM6Q1,5.0,true,none
CR-007302,B0C2JF5179,3.0,true,none
CR-007303,B0BZPPXM8D,3.0,true,none
CR-007304,B08QKRJJS1,5.0,true,none
CR-007305,B09F3Z9BH6,1.0,true,none
CR-007306,B08GQZM6Q1,3.0,true,none
CR-007307,B07KXBX32V,3.0,true,none
CR-007308,B0BZPPXM8D,3.0,true,none
CR-007309,B093JYV9RR,5.0,true,none
CR-007310,B0C2JF5179,5.0,true,none
CR-007311,B0C2JF5179,5.0,true,none
CR-007312,B0C2JF5179,5.0,true,none
CR-007313,B093JYV9RR,5.0,true,none
CR-007314,B07TDN1NDY,1.0,true,none
CR-007315,B09F3Z9BH6,1.0,false,none
CR-007316,B0057IKJPQ,4.0,true,none
CR-007317,B0C2JF5179,5.0,true,none
CR-007318,B0BZPPXM8D,1.0,true,reliability
CR-007319,B0C2JF5179,5.0,true,none
CR-007320,B0C2JF5179,5.0,true,none
CR-007321,B0C2JF5179,5.0,true,none
CR-007322,B0C2JF5179,5.0,true,none
CR-007323,B08GQZM6Q1,1.0,true,none
CR-007324,B08FD4MR1Z,5.0,true,none
CR-007325,B0C2JF5179,5.0,true,none
CR-007326,B0C2JF5179,5.0,true,none
CR-007327,B08545DJMS,5.0,true,none
CR-007328,B0C2JF5179,5.0,true,none
CR-007329,B0C2JF5179,5.0,true,none
CR-007330,B084GKPZ4V,5.0,true,none
CR-007331,B0C2JF5179,1.0,true,none
CR-007332,B01GXFY0KQ,5.0,true,none
CR-007333,B07KXBX32V,5.0,true,none
CR-007334,B07ZPLXB54,1.0,true,none
CR-007335,B08P8PRG2M,1.0,true,none
CR-007336,B0BBV2Z7VG,5.0,true,none
CR-007337,B0C2JF5179,5.0,true,none
CR-007338,B0C2JF5179,2.0,true,none
CR-007339,B0C2JF5179,5.0,true,none
CR-007340,B0BZPPXM8D,5.0,true,none
CR-007341,B07KXBX32V,5.0,true,none
CR-007342,B0C2JF5179,5.0,true,none
CR-007343,B09F3Z9BH6,1.0,true,none
CR-007344,B09F3Z9BH6,2.0,true,reliability
CR-007345,B0C2JF5179,5.0,true,none
CR-007346,B0C2JF5179,5.0,false,none
CR-007347,B08QKRJJS1,5.0,true,none
CR-007348,B08RY5SWR5,5.0,true,none
CR-007349,B07B8LYNCX,5.0,true,none
CR-007350,B089M2X49N,2.0,true,none
CR-007351,B0C2JF5179,5.0,true,none
CR-007352,B09F3Z9BH6,5.0,true,none
CR-007353,B08SV1GSJB,5.0,true,none
CR-007354,B093JYV9RR,5.0,true,none
CR-007355,B08QKRJJS1,5.0,true,none
CR-007356,B09F3Z9BH6,1.0,true,none
CR-007357,B0C2JF5179,4.0,true,none
CR-007358,B09F3Z9BH6,1.0,true,none
CR-007359,B08545DJMS,5.0,true,none
CR-007360,B093JYV9RR,5.0,true,none
CR-007361,B08QKRJJS1,5.0,true,none
CR-007362,B08HWX42YR,3.0,true,none
CR-007363,B0C2JF5179,5.0,true,none
CR-007364,B0C2JF5179,5.0,true,none
CR-007365,B08GKW38JQ,2.0,true,none
CR-007366,B08FD4MR1Z,5.0,true,none
CR-007367,B08GQZM6Q1,1.0,true,none
CR-007368,B0C2JF5179,5.0,true,none
CR-007369,B07R81N4X9,5.0,true,none
CR-007370,B0C2JF5179,5.0,true,none
CR-007371,B0C2JF5179,5.0,true,none
CR-007372,B0C2JF5179,5.0,true,none
CR-007373,B08RY5SWR5,5.0,true,none
CR-007374,B09F3Z9BH6,1.0,true,none
CR-007375,B08GQZM6Q1,1.0,true,none
CR-007376,B0C2JF5179,5.0,true,none
CR-007377,B08P8PRG2M,5.0,true,none
CR-007378,B0C2JF5179,5.0,true,none
CR-007379,B07R81N4X9,5.0,true,none
CR-007380,B08545DJMS,5.0,true,none
CR-007381,B09F3Z9BH6,3.0,true,none
CR-007382,B08QKRJJS1,5.0,true,none
CR-007383,B0C2JF5179,5.0,true,none
CR-007384,B0C2JF5179,5.0,true,none
CR-007385,B0848BNPPK,5.0,false,noise
CR-007386,B0C2JF5179,5.0,true,none
CR-007387,B071HGGN6N,5.0,true,none
CR-007388,B0BBV2Z7VG,5.0,true,none
CR-007389,B093JYV9RR,5.0,true,none
CR-007390,B0C2JF5179,5.0,true,none
CR-007391,B08CVR388H,5.0,true,none
CR-007392,B08545DJMS,3.0,true,none
CR-007393,B0C2JF5179,5.0,true,none
CR-007394,B087NKGKL5,4.0,true,none
CR-007395,B0C2JF5179,1.0,true,value_effectiveness
CR-007396,B08QKRJJS1,1.0,true,noise
CR-007397,B08RY5SWR5,4.0,true,none
CR-007398,B0BZPPXM8D,1.0,true,none
CR-007399,B08QKRJJS1,5.0,true,none
CR-007400,B0BZPPXM8D,5.0,true,none
CR-007401,B0C2JF5179,5.0,true,none
CR-007402,B08QKRJJS1,5.0,true,none
CR-007403,B07C1HTHY6,1.0,true,none
CR-007404,B093JYV9RR,5.0,true,none
CR-007405,B08FRB3ZHF,5.0,true,none
CR-007406,B0C2JF5179,5.0,true,none
CR-007407,B0C2JF5179,5.0,true,none
CR-007408,B0C2JF5179,5.0,true,none
CR-007409,B093JYV9RR,5.0,true,none
CR-007410,B08545DJMS,5.0,true,none
CR-007411,B07DK5NSY1,2.0,true,none
CR-007412,B0C2JF5179,5.0,true,none
CR-007413,B07R81N4X9,5.0,true,none
CR-007414,B0C2JF5179,5.0,true,none
CR-007415,B0C2JF5179,5.0,true,none
CR-007416,B08QKRJJS1,5.0,true,none
CR-007417,B08GQZM6Q1,3.0,true,none
CR-007418,B09F3Z9BH6,1.0,true,none
CR-007419,B087JHKTRP,1.0,true,none
CR-007420,B0C2JF5179,3.0,true,none
CR-007421,B076J4BK24,5.0,true,none
CR-007422,B0C2JF5179,5.0,true,none
CR-007423,B093JYV9RR,2.0,true,noise
CR-007424,B0C2JF5179,4.0,true,none
CR-007425,B0BBV2Z7VG,5.0,true,none
CR-007426,B009CAUR6G,5.0,true,none
CR-007427,B0C2JF5179,5.0,true,none
CR-007428,B08QKRJJS1,1.0,true,none
CR-007429,B089T4K7G1,1.0,true,none
CR-007430,B09F3Z9BH6,1.0,true,value_effectiveness
CR-007431,B09F3Z9BH6,5.0,true,none
CR-007432,B0C2JF5179,5.0,true,none
CR-007433,B08P8PRG2M,4.0,true,noise
CR-007434,B0C2JF5179,5.0,true,none
CR-007435,B0C2JF5179,1.0,true,none
CR-007436,B09F3Z9BH6,1.0,true,none
CR-007437,B0C2JF5179,5.0,true,none
CR-007438,B09F3Z9BH6,5.0,true,none
CR-007439,B09F3Z9BH6,1.0,true,none
CR-007440,B0C2JF5179,5.0,true,none
CR-007441,B0BBV2Z7VG,5.0,true,none
CR-007442,B0BZPPXM8D,1.0,true,none
CR-007443,B071HMNTPM,5.0,true,none
CR-007444,B0C2JF5179,3.0,true,none
CR-007445,B08QKRJJS1,2.0,true,none
CR-007446,B093JYV9RR,5.0,true,none
CR-007447,B0C2JF5179,1.0,false,none
CR-007448,B0C2JF5179,5.0,true,none
CR-007449,B07B8LYNCX,5.0,true,none
CR-007450,B0BBV2Z7VG,1.0,true,none
CR-007451,B0C2JF5179,5.0,true,none
CR-007452,B08GQZM6Q1,5.0,true,none
CR-007453,B0C2JF5179,5.0,true,none
CR-007454,B0C2JF5179,5.0,true,none
CR-007455,B08QKRJJS1,5.0,true,none
CR-007456,B0C2JF5179,5.0,true,none
CR-007457,B0C2JF5179,5.0,true,none
CR-007458,B0C2JF5179,1.0,true,none
CR-007459,B0BZDM7HQL,5.0,true,none
CR-007460,B0C2JF5179,5.0,true,none
CR-007461,B08CVR388H,5.0,true,none
CR-007462,B0C2JF5179,5.0,true,none
CR-007463,B093JYV9RR,1.0,true,none
CR-007464,B093JYV9RR,5.0,true,none
CR-007465,B0C2JF5179,5.0,true,none
CR-007466,B096N8ZYCV,4.0,true,none
CR-007467,B0C2JF5179,5.0,true,none
CR-007468,B0C2JF5179,5.0,true,none
CR-007469,B0BZPPXM8D,5.0,true,none
CR-007470,B093JYV9RR,5.0,true,none
CR-007471,B09F3Z9BH6,3.0,true,none
CR-007472,B0C2JF5179,5.0,true,none
CR-007473,B076J4BK24,5.0,true,none
CR-007474,B093JYV9RR,5.0,true,none
CR-007475,B093JYV9RR,4.0,true,noise
CR-007476,B0C2JF5179,5.0,true,none
CR-007477,B09DF9DD7X,5.0,true,none
CR-007478,B0C2JF5179,5.0,true,none
CR-007479,B0BZPPXM8D,5.0,true,none
CR-007480,B0C2JF5179,5.0,true,none
CR-007481,B0C2JF5179,5.0,true,none
CR-007482,B0C2JF5179,5.0,true,ozone_odor_safety
CR-007483,B08545DJMS,4.0,true,none
CR-007484,B08545DJMS,1.0,true,none
CR-007485,B07KXBX32V,5.0,true,none
CR-007486,B0C2JF5179,5.0,true,none
CR-007487,B07R81N4X9,3.0,true,none
CR-007488,B0C2JF5179,5.0,true,none
CR-007489,B08QKRJJS1,5.0,true,none
CR-007490,B08TZWJL1T,5.0,true,none
CR-007491,B09F3Z9BH6,3.0,true,none
CR-007492,B0C2JF5179,5.0,true,none
CR-007493,B08QKRJJS1,5.0,true,none
CR-007494,B0B2DX3SNN,1.0,true,reliability
CR-007495,B00X67EJI8,1.0,true,none
CR-007496,B0BZPPXM8D,5.0,true,none
CR-007497,B07C1HTHY6,1.0,true,none
CR-007498,B08QKRJJS1,5.0,true,none
CR-007499,B09F3Z9BH6,1.0,true,none
CR-007500,B071HMNTPM,5.0,true,none
CR-007501,B07KXBX32V,4.0,true,noise
CR-007502,B0C2JF5179,5.0,true,none
CR-007503,B08545DJMS,4.0,true,none
CR-007504,B09F3Z9BH6,1.0,true,none
CR-007505,B0C2JF5179,5.0,true,none
CR-007506,B07R81N4X9,1.0,true,none
CR-007507,B0C2JF5179,1.0,true,none
CR-007508,B09GFHWXNV,5.0,true,none
CR-007509,B0C2JF5179,5.0,true,none
CR-007510,B009CAUR6G,5.0,true,none
CR-007511,B0C2JF5179,5.0,true,none
CR-007512,B09174JB7V,5.0,true,none
CR-007513,B071HGGN6N,5.0,true,none
CR-007514,B0BZPPXM8D,5.0,true,none
CR-007515,B0C2JF5179,5.0,true,none
CR-007516,B08QKRJJS1,5.0,true,none
CR-007517,B0C2JF5179,3.0,true,none
CR-007518,B093JYV9RR,5.0,true,none
CR-007519,B09F3Z9BH6,5.0,true,none
CR-007520,B0C2JF5179,5.0,true,none
CR-007521,B08QKRJJS1,5.0,true,none
CR-007522,B01GXFY0KQ,5.0,true,none
CR-007523,B09DF9DD7X,5.0,true,none
CR-007524,B09WZWYVVX,5.0,true,none
CR-007525,B07R5WX77Y,5.0,true,none
CR-007526,B09F3Z9BH6,5.0,true,none
CR-007527,B09GFHWXNV,1.0,true,none
CR-007528,B08GQZM6Q1,5.0,true,none
CR-007529,B096N8ZYCV,4.0,true,none
CR-007530,B0C2JF5179,1.0,true,none
CR-007531,B0C2JF5179,1.0,true,noise
CR-007532,B0C2JF5179,3.0,true,none
CR-007533,B096N8ZYCV,5.0,true,none
CR-007534,B071HMNTPM,5.0,true,none
CR-007535,B0C2JF5179,2.0,true,none
CR-007536,B08545DJMS,5.0,true,none
CR-007537,B09F3Z9BH6,1.0,true,none
CR-007538,B09F3Z9BH6,1.0,true,value_effectiveness
CR-007539,B0C2JF5179,5.0,true,none
CR-007540,B08545DJMS,3.0,true,none
CR-007541,B092HL5T99,5.0,true,none
CR-007542,B093JYV9RR,5.0,true,none
CR-007543,B08545DJMS,4.0,true,none
CR-007544,B0B2DX3SNN,1.0,true,none
CR-007545,B0848BNPPK,5.0,true,none
CR-007546,B0BZPPXM8D,1.0,true,value_effectiveness
CR-007547,B096N8ZYCV,4.0,true,none
CR-007548,B093JYV9RR,5.0,true,none
CR-007549,B09F3Z9BH6,1.0,true,none
CR-007550,B08CVR388H,5.0,true,none
CR-007551,B000I0WQWC,5.0,true,none
CR-007552,B0C2JF5179,5.0,true,none
CR-007553,B07KXBX32V,5.0,true,none
CR-007554,B0C2JF5179,5.0,true,none
CR-007555,B09F3Z9BH6,1.0,true,none
CR-007556,B0C2JF5179,5.0,true,none
CR-007557,B000HECMEG,5.0,true,none
CR-007558,B093JYV9RR,5.0,true,none
CR-007559,B07DF9S6XN,4.0,true,none
CR-007560,B0BBV2Z7VG,5.0,true,none
CR-007561,B08X6Z3RJJ,5.0,true,none
CR-007562,B07R5WX77Y,1.0,true,none
CR-007563,B09F3Z9BH6,1.0,true,none
CR-007564,B0C2JF5179,5.0,true,none
CR-007565,B09F3Z9BH6,2.0,true,none
CR-007566,B07KXBX32V,1.0,true,none
CR-007567,B0BZDM7HQL,5.0,true,none
CR-007568,B0BZPPXM8D,1.0,true,none
CR-007569,B0B2DX3SNN,5.0,true,none
CR-007570,B076J4BK24,2.0,true,none
CR-007571,B096N8ZYCV,5.0,true,none
CR-007572,B07R81N4X9,4.0,true,none
CR-007573,B0C2JF5179,5.0,true,none
CR-007574,B092HL5T99,5.0,true,none
CR-007575,B08X6Z3RJJ,5.0,true,none
CR-007576,B09174JB7V,5.0,true,none
CR-007577,B076J4BK24,5.0,true,none
CR-007578,B09DF9DD7X,4.0,true,none
CR-007579,B09WZWYVVX,5.0,true,none
CR-007580,B09F3Z9BH6,1.0,true,none
CR-007581,B07R81N4X9,4.0,true,none
CR-007582,B093JYV9RR,5.0,true,none
CR-007583,B0C2JF5179,5.0,true,none
CR-007584,B076J4BK24,5.0,true,none
CR-007585,B09F3Z9BH6,1.0,true,none
CR-007586,B08QKRJJS1,5.0,true,none
CR-007587,B09F3Z9BH6,5.0,true,none
CR-007588,B09F3Z9BH6,1.0,true,none
CR-007589,B09F3Z9BH6,1.0,true,value_effectiveness
CR-007590,B0C2JF5179,5.0,true,none
CR-007591,B08DG8PMPZ,5.0,true,none
CR-007592,B0C2JF5179,5.0,true,none
CR-007593,B07DF9S6XN,4.0,true,none
CR-007594,B0BZPPXM8D,3.0,true,none
CR-007595,B0C2JF5179,5.0,true,none
CR-007596,B09F3Z9BH6,1.0,true,none
CR-007597,B0C2JF5179,4.0,true,none
CR-007598,B08RY5SWR5,4.0,true,none
CR-007599,B0C2JF5179,5.0,true,none
CR-007600,B0BZPPXM8D,2.0,true,none
CR-007601,B08X6Z3RJJ,5.0,false,noise
CR-007602,B0C2JF5179,5.0,true,none
CR-007603,B0C2JF5179,5.0,true,none
CR-007604,B09F3Z9BH6,4.0,true,none
CR-007605,B0C2JF5179,5.0,true,none
CR-007606,B071HMNTPM,5.0,true,none
CR-007607,B07R81N4X9,5.0,true,none
CR-007608,B09F3Z9BH6,1.0,true,none
CR-007609,B096N8ZYCV,5.0,true,none
CR-007610,B07ZPLXB54,5.0,true,none
CR-007611,B0C2JF5179,4.0,true,none
CR-007612,B08X6Z3RJJ,5.0,true,none
CR-007613,B0C2JF5179,1.0,true,none
CR-007614,B08QKRJJS1,5.0,true,none
CR-007615,B0C2JF5179,5.0,true,none
CR-007616,B08X6Z3RJJ,5.0,true,none
CR-007617,B08X6Z3RJJ,5.0,true,none
CR-007618,B0BZPPXM8D,1.0,true,none
CR-007619,B07DF9S6XN,1.0,true,none
CR-007620,B0C2JF5179,4.0,true,none
CR-007621,B07DK5NSY1,5.0,true,none
CR-007622,B08X6Z3RJJ,5.0,true,none
CR-007623,B08545DJMS,3.0,true,none
CR-007624,B093JYV9RR,5.0,true,none
CR-007625,B07DK5NSY1,5.0,true,none
CR-007626,B08X6Z3RJJ,5.0,true,none
CR-007627,B0848BNPPK,5.0,true,none
CR-007628,B0C2JF5179,5.0,true,none
CR-007629,B0C2JF5179,5.0,true,none
CR-007630,B07R81N4X9,1.0,true,none
CR-007631,B01GXFY0KQ,5.0,true,none
CR-007632,B08X6Z3RJJ,5.0,true,none
CR-007633,B0C2JF5179,5.0,true,none
CR-007634,B08X6Z3RJJ,5.0,true,none
CR-007635,B009CAUR6G,5.0,true,none
CR-007636,B0C2JF5179,3.0,true,none
CR-007637,B0C2JF5179,5.0,true,none
CR-007638,B009CAUR6G,1.0,true,none
CR-007639,B08545DJMS,5.0,true,none
CR-007640,B0C2JF5179,5.0,true,none
CR-007641,B093JYV9RR,4.0,true,none
CR-007642,B08QKRJJS1,5.0,true,none
CR-007643,B0915LHCS2,5.0,true,none
CR-007644,B08545DJMS,5.0,true,none
CR-007645,B08X6Z3RJJ,5.0,true,noise
CR-007646,B0C2JF5179,5.0,true,none
CR-007647,B0C2JF5179,4.0,true,none
CR-007648,B0BZDM7HQL,5.0,true,none
CR-007649,B08X6Z3RJJ,5.0,true,none
CR-007650,B08X6Z3RJJ,5.0,true,none
CR-007651,B0BZPPXM8D,4.0,true,none
CR-007652,B09F3Z9BH6,1.0,true,none
CR-007653,B08QKRJJS1,5.0,true,none
CR-007654,B07R81N4X9,3.0,true,ozone_odor_safety
CR-007655,B07B8LYNCX,5.0,true,none
CR-007656,B003RYRKGS,5.0,true,none
CR-007657,B089NJW4J2,5.0,true,none
CR-007658,B0C2JF5179,5.0,true,none
CR-007659,B0C2JF5179,1.0,true,none
CR-007660,B0C2JF5179,5.0,true,none
CR-007661,B096L11T6T,1.0,true,none
CR-007662,B08X6Z3RJJ,5.0,true,none
CR-007663,B093JYV9RR,4.0,true,none
CR-007664,B0C2JF5179,5.0,true,none
CR-007665,B0BZPPXM8D,5.0,true,none
CR-007666,B09F3Z9BH6,1.0,true,none
CR-007667,B0BZPPXM8D,4.0,true,none
CR-007668,B08X6Z3RJJ,5.0,true,none
CR-007669,B0C2JF5179,5.0,true,none
CR-007670,B09F3Z9BH6,5.0,true,none
CR-007671,B08X6Z3RJJ,5.0,true,none
CR-007672,B0C2JF5179,2.0,true,none
CR-007673,B09F3Z9BH6,3.0,true,none
CR-007674,B0C2JF5179,5.0,true,none
CR-007675,B07ZPLXB54,5.0,false,ozone_odor_safety
CR-007676,B09F3Z9BH6,1.0,true,none
CR-007677,B07ZPLXB54,4.0,true,none
CR-007678,B0C2JF5179,4.0,true,none
CR-007679,B0915LHCS2,5.0,true,none
CR-007680,B0BZPPXM8D,5.0,true,none
CR-007681,B071HMNTPM,1.0,false,none
CR-007682,B08HWX42YR,5.0,true,none
CR-007683,B08X6Z3RJJ,5.0,true,none
CR-007684,B08X6Z3RJJ,5.0,true,none
CR-007685,B09F3Z9BH6,1.0,true,none
CR-007686,B09DF9DD7X,5.0,true,none
CR-007687,B08G84Y3QQ,5.0,true,none
CR-007688,B096N8ZYCV,5.0,true,none
CR-007689,B08X6Z3RJJ,5.0,true,noise
CR-007690,B0C2JF5179,5.0,true,none
CR-007691,B0C2JF5179,2.0,true,none
CR-007692,B0C2JF5179,5.0,true,none
CR-007693,B0C2JF5179,5.0,true,none
CR-007694,B09F3Z9BH6,1.0,true,none
CR-007695,B071HMNTPM,5.0,true,none
CR-007696,B07R81N4X9,5.0,true,none
CR-007697,B08X6Z3RJJ,5.0,true,none
CR-007698,B07B8LYNCX,1.0,true,none
CR-007699,B0915LHCS2,5.0,true,none
CR-007700,B0BZPPXM8D,5.0,true,none
CR-007701,B0C2JF5179,5.0,true,none
CR-007702,B093JYV9RR,5.0,true,none
CR-007703,B07DK5NSY1,5.0,true,none
CR-007704,B08X6Z3RJJ,5.0,true,none
CR-007705,B0B2DX3SNN,5.0,true,none
CR-007706,B08HVDFPVF,5.0,true,none
CR-007707,B08X6Z3RJJ,5.0,true,none
CR-007708,B08X6Z3RJJ,5.0,true,none
CR-007709,B08P8PRG2M,5.0,true,none
CR-007710,B09F3Z9BH6,1.0,true,none
CR-007711,B093JYV9RR,5.0,true,none
CR-007712,B0C2JF5179,5.0,true,none
CR-007713,B08X6Z3RJJ,5.0,true,none
CR-007714,B09F3Z9BH6,5.0,true,none
CR-007715,B08QKRJJS1,3.0,true,none
CR-007716,B0C2JF5179,5.0,true,none
CR-007717,B009CAUR6G,5.0,true,none
CR-007718,B07DK5NSY1,5.0,true,none
CR-007719,B08X6Z3RJJ,5.0,true,none
CR-007720,B0C2JF5179,5.0,true,none
CR-007721,B0C2JF5179,2.0,true,none
CR-007722,B08X6Z3RJJ,4.0,true,none
CR-007723,B0C2JF5179,5.0,true,none
CR-007724,B08545DJMS,5.0,true,none
CR-007725,B07DK5NSY1,1.0,true,none
CR-007726,B07KXBX32V,1.0,true,none
CR-007727,B08QKRJJS1,5.0,true,none
CR-007728,B093JYV9RR,2.0,true,customer_service
CR-007729,B0915LHCS2,5.0,true,none
CR-007730,B0C2JF5179,3.0,true,none
CR-007731,B08X6Z3RJJ,5.0,true,none
CR-007732,B08X6Z3RJJ,4.0,true,none
CR-007733,B08X6Z3RJJ,5.0,true,none
CR-007734,B08FD4MR1Z,5.0,true,none
CR-007735,B01GXFY0KQ,5.0,true,none
CR-007736,B093JYV9RR,5.0,true,none
CR-007737,B0C2JF5179,5.0,true,none
CR-007738,B092HL5T99,5.0,true,none
CR-007739,B08QKRJJS1,5.0,true,none
CR-007740,B0C2JF5179,5.0,true,none
CR-007741,B0C2JF5179,5.0,true,none
CR-007742,B09F3Z9BH6,3.0,true,none
CR-007743,B09DF9DD7X,4.0,true,none
CR-007744,B093JYV9RR,4.0,true,none
CR-007745,B0BZPPXM8D,5.0,true,none
CR-007746,B0915LHCS2,5.0,true,noise
CR-007747,B0C2JF5179,5.0,true,none
CR-007748,B07R81N4X9,5.0,true,none
CR-007749,B009CAUR6G,5.0,true,none
CR-007750,B08X6Z3RJJ,5.0,true,none
CR-007751,B0C2JF5179,5.0,true,none
CR-007752,B08X6Z3RJJ,5.0,true,none
CR-007753,B07KXBX32V,1.0,true,none
CR-007754,B09DF9DD7X,3.0,true,none
CR-007755,B08X6Z3RJJ,5.0,true,none
CR-007756,B08X6Z3RJJ,5.0,true,none
CR-007757,B0915LHCS2,5.0,true,none
CR-007758,B08X6Z3RJJ,3.0,true,none
CR-007759,B096L11T6T,5.0,true,none
CR-007760,B096N8ZYCV,5.0,true,none
CR-007761,B087JHKTRP,1.0,true,none
CR-007762,B09F3Z9BH6,2.0,true,none
CR-007763,B07KXBX32V,2.0,true,none
CR-007764,B0C2JF5179,5.0,true,none
CR-007765,B09174JB7V,5.0,true,none
CR-007766,B09F3Z9BH6,1.0,true,none
CR-007767,B0C2JF5179,4.0,true,none
CR-007768,B0C2JF5179,5.0,true,none
CR-007769,B071HGGN6N,1.0,true,noise
CR-007770,B0C2JF5179,5.0,true,none
CR-007771,B09F3Z9BH6,3.0,true,none
CR-007772,B08X6Z3RJJ,5.0,true,none
CR-007773,B09F3Z9BH6,5.0,true,none
CR-007774,B0915LHCS2,5.0,true,none
CR-007775,B08BLFMKH9,5.0,true,none
CR-007776,B08P8PRG2M,3.0,true,noise
CR-007777,B096L11T6T,3.0,true,none
CR-007778,B08X6Z3RJJ,5.0,true,none
CR-007779,B07R81N4X9,5.0,true,none
CR-007780,B08W8KG1MB,5.0,true,none
CR-007781,B0C2JF5179,5.0,true,none
CR-007782,B0915LHCS2,5.0,true,none
CR-007783,B0B2DX3SNN,5.0,true,none
CR-007784,B076J4BK24,4.0,true,none
CR-007785,B09F3Z9BH6,3.0,true,none
CR-007786,B07DF9S6XN,1.0,true,none
CR-007787,B0C2JF5179,5.0,true,none
CR-007788,B096N8ZYCV,4.0,true,none
CR-007789,B08QKRJJS1,5.0,true,none
CR-007790,B08X6Z3RJJ,5.0,true,none
CR-007791,B08X6Z3RJJ,5.0,true,none
CR-007792,B07ZPLXB54,1.0,true,none
CR-007793,B08X6Z3RJJ,5.0,true,none
CR-007794,B0C2JF5179,5.0,true,none
CR-007795,B08545DJMS,3.0,true,ozone_odor_safety
CR-007796,B0C2JF5179,5.0,true,none
CR-007797,B08FD4MR1Z,5.0,true,none
CR-007798,B0C2JF5179,5.0,true,none
CR-007799,B07DK5NSY1,5.0,true,none
CR-007800,B08X6Z3RJJ,5.0,true,none
CR-007801,B08X6Z3RJJ,5.0,true,none
CR-007802,B08W8KG1MB,5.0,true,none
CR-007803,B08W8KG1MB,5.0,true,ozone_odor_safety
CR-007804,B0915LHCS2,5.0,true,none
CR-007805,B08X6Z3RJJ,5.0,true,none
CR-007806,B09DF9DD7X,3.0,true,none
CR-007807,B07R81N4X9,5.0,true,none
CR-007808,B08X6Z3RJJ,5.0,true,none
CR-007809,B08X6Z3RJJ,5.0,true,none
CR-007810,B0C2JF5179,5.0,true,none
CR-007811,B0915LHCS2,5.0,true,none
CR-007812,B07DF9S6XN,4.0,true,none
CR-007813,B08W8KG1MB,5.0,true,none
CR-007814,B08X6Z3RJJ,5.0,true,none
CR-007815,B08545DJMS,4.0,true,none
CR-007816,B09F3Z9BH6,1.0,false,none
CR-007817,B0C2JF5179,5.0,true,none
CR-007818,B0C2JF5179,4.0,true,none
CR-007819,B09F3Z9BH6,1.0,true,none
CR-007820,B0915LHCS2,5.0,true,none
CR-007821,B08X6Z3RJJ,5.0,true,none
CR-007822,B08HVDFPVF,5.0,true,none
CR-007823,B088LYH3X4,5.0,true,none
CR-007824,B088LYH3X4,2.0,true,none
CR-007825,B08X6Z3RJJ,5.0,true,none
CR-007826,B08P8PRG2M,5.0,true,none
CR-007827,B08X6Z3RJJ,5.0,true,none
CR-007828,B0776XKZ1Y,5.0,true,none
CR-007829,B089NJW4J2,3.0,true,none
CR-007830,B0C2JF5179,5.0,true,none
CR-007831,B08X6Z3RJJ,5.0,true,none
CR-007832,B0869H48RS,4.0,true,none
CR-007833,B0C2JF5179,5.0,true,none
CR-007834,B08X6Z3RJJ,5.0,true,none
CR-007835,B08X6Z3RJJ,5.0,true,none
CR-007836,B084GKPZ4V,5.0,true,none
CR-007837,B08X6Z3RJJ,5.0,true,none
CR-007838,B07KXBX32V,2.0,true,none
CR-007839,B08X6Z3RJJ,5.0,true,none
CR-007840,B09F3Z9BH6,5.0,true,none
CR-007841,B0927Z6SX8,1.0,true,value_effectiveness
CR-007842,B0915LHCS2,5.0,true,none
CR-007843,B0915LHCS2,5.0,true,none
CR-007844,B093JYV9RR,3.0,true,none
CR-007845,B08G84Y3QQ,1.0,true,none
CR-007846,B0915LHCS2,5.0,true,none
CR-007847,B0C2JF5179,5.0,true,none
CR-007848,B0C2JF5179,1.0,true,customer_service
CR-007849,B0C2JF5179,5.0,true,none
CR-007850,B08W8KG1MB,5.0,true,none
CR-007851,B0BZPPXM8D,1.0,true,none
CR-007852,B0C2JF5179,5.0,true,none
CR-007853,B08X6Z3RJJ,5.0,true,none
CR-007854,B08XKGR6KP,3.0,true,none
CR-007855,B08X6Z3RJJ,5.0,true,none
CR-007856,B09F3Z9BH6,3.0,true,none
CR-007857,B07R81N4X9,5.0,true,none
CR-007858,B08X6Z3RJJ,5.0,true,none
CR-007859,B071HMNTPM,1.0,true,none
CR-007860,B0C2JF5179,5.0,true,none
CR-007861,B093JYV9RR,5.0,true,none
CR-007862,B0BBV2Z7VG,1.0,true,none
CR-007863,B08X6Z3RJJ,5.0,true,none
CR-007864,B0C2JF5179,5.0,true,none
CR-007865,B0C2JF5179,5.0,true,none
CR-007866,B07VXKR2L4,1.0,true,none
CR-007867,B071HMNTPM,3.0,true,noise
CR-007868,B0C2JF5179,3.0,true,none
CR-007869,B0BZPPXM8D,5.0,true,none
CR-007870,B07DK5NSY1,5.0,true,none
CR-007871,B08X6Z3RJJ,5.0,true,none
CR-007872,B08QKRJJS1,3.0,true,none
CR-007873,B0915LHCS2,5.0,true,none
CR-007874,B0915LHCS2,5.0,true,none
CR-007875,B09F3Z9BH6,2.0,true,none
CR-007876,B076J4BK24,4.0,true,none
CR-007877,B0915LHCS2,5.0,true,none
CR-007878,B0915LHCS2,5.0,true,none
CR-007879,B0C2JF5179,5.0,true,none
CR-007880,B0915LHCS2,4.0,true,noise
CR-007881,B0C2JF5179,5.0,true,none
CR-007882,B0915LHCS2,5.0,true,none
CR-007883,B0C2JF5179,5.0,true,none
CR-007884,B0C2JF5179,5.0,true,none
CR-007885,B0C2JF5179,5.0,true,none
CR-007886,B09F3Z9BH6,1.0,true,none
CR-007887,B0C2JF5179,4.0,true,none
CR-007888,B09F3Z9BH6,1.0,true,none
CR-007889,B09174JB7V,2.0,true,none
CR-007890,B08QKRJJS1,5.0,true,none
CR-007891,B0915LHCS2,5.0,true,none
CR-007892,B0C2JF5179,5.0,true,none
CR-007893,B09DF9DD7X,3.0,true,none
CR-007895,B08X6Z3RJJ,5.0,true,none
CR-007896,B0915LHCS2,5.0,true,none
CR-007897,B009CAUR6G,5.0,true,none
CR-007898,B07R81N4X9,5.0,true,none
CR-007899,B089M2X49N,5.0,true,none
CR-007900,B08P8PRG2M,2.0,true,none
CR-007901,B08X6Z3RJJ,5.0,true,none
CR-007902,B0915LHCS2,5.0,true,none
CR-007903,B0BZPPXM8D,5.0,true,none
CR-007904,B000HECMEG,5.0,true,none
CR-007905,B0C2JF5179,5.0,true,none
CR-007906,B0C2JF5179,5.0,true,none
CR-007907,B0915LHCS2,5.0,true,none
CR-007908,B093JYV9RR,1.0,true,customer_service
CR-007909,B07R81N4X9,5.0,true,none
CR-007910,B08X6Z3RJJ,5.0,true,none
CR-007911,B0C2JF5179,2.0,true,none
CR-007912,B0C2JF5179,4.0,true,none
CR-007913,B08X6Z3RJJ,5.0,true,none
CR-007914,B0C2JF5179,5.0,true,none
CR-007915,B0915LHCS2,5.0,true,none
CR-007916,B07BTNJRS6,5.0,true,none
CR-007917,B0C2JF5179,5.0,true,none
CR-007918,B0C2JF5179,5.0,true,none
CR-007919,B087JHKTRP,1.0,true,none
CR-007920,B09F3Z9BH6,1.0,true,none
CR-007921,B0915LHCS2,5.0,true,none
CR-007922,B0C2JF5179,5.0,true,none
CR-007923,B07R81N4X9,5.0,true,none
CR-007924,B07KXBX32V,3.0,true,none
CR-007925,B0C2JF5179,5.0,true,none
CR-007926,B09F3Z9BH6,3.0,true,none
CR-007927,B07R81N4X9,5.0,true,none
CR-007928,B089NJW4J2,5.0,true,none
CR-007929,B0C2JF5179,5.0,true,none
CR-007930,B0776XKZ1Y,2.0,true,none
CR-007931,B08X6Z3RJJ,5.0,true,none
CR-007932,B07V51FWN8,1.0,true,none
CR-007933,B00X67EJI8,5.0,true,none
CR-007934,B09F3Z9BH6,1.0,true,none
CR-007935,B07R81N4X9,5.0,true,none
CR-007936,B0915LHCS2,5.0,true,none
CR-007937,B0915LHCS2,5.0,true,none
CR-007938,B0C2JF5179,5.0,true,none
CR-007939,B08X6Z3RJJ,5.0,true,none
CR-007940,B0915LHCS2,5.0,true,none
CR-007941,B08X6Z3RJJ,5.0,true,none
CR-007942,B0915LHCS2,4.0,true,none
CR-007943,B0C2JF5179,5.0,true,none
CR-007944,B07DF9S6XN,1.0,true,none
CR-007945,B09F3Z9BH6,1.0,true,none
CR-007946,B08QKRJJS1,3.0,true,noise
CR-007947,B0C2JF5179,5.0,true,none
CR-007948,B0C2JF5179,5.0,true,none
CR-007949,B08QKRJJS1,5.0,true,none
CR-007950,B009CAUR6G,5.0,true,none
CR-007951,B0922GWL33,5.0,false,none
CR-007952,B0848BNPPK,5.0,true,none
CR-007953,B0C2JF5179,3.0,true,none
CR-007954,B0C2JF5179,5.0,true,none
CR-007955,B0C2JF5179,5.0,true,none
CR-007956,B00X67EJI8,5.0,true,none
CR-007957,B0C2JF5179,1.0,true,none
CR-007958,B08G84Y3QQ,1.0,true,none
CR-007959,B0C2JF5179,5.0,true,none
CR-007960,B0BZPPXM8D,5.0,true,none
CR-007961,B07B8LYNCX,1.0,true,none
CR-007962,B0BZPPXM8D,4.0,true,noise
CR-007963,B07DF9S6XN,1.0,true,none
CR-007964,B08QKRJJS1,4.0,true,none
CR-007965,B01GXFY0KQ,5.0,true,none
CR-007966,B0915LHCS2,5.0,true,none
CR-007967,B0C2JF5179,5.0,true,none
CR-007968,B0C2JF5179,5.0,true,none
CR-007969,B07R81N4X9,5.0,true,none
CR-007970,B0C2JF5179,5.0,true,none
CR-007971,B0C2JF5179,5.0,true,none
CR-007972,B0C2JF5179,5.0,true,filter_cost
CR-007973,B0C2JF5179,2.0,true,none
CR-007974,B09F3Z9BH6,1.0,true,none
CR-007975,B092HL5T99,5.0,true,none
CR-007976,B09174JB7V,4.0,true,none
CR-007977,B07KXBX32V,4.0,true,none
CR-007978,B09F3Z9BH6,1.0,true,none
CR-007979,B09F3Z9BH6,2.0,true,reliability
CR-007980,B09174JB7V,5.0,true,none
CR-007981,B0C2JF5179,5.0,true,none
CR-007982,B09F3Z9BH6,1.0,true,none
CR-007983,B0C2JF5179,4.0,true,none
CR-007984,B00X67EJI8,1.0,true,none
CR-007985,B0C2JF5179,4.0,true,none
CR-007986,B0C2JF5179,1.0,true,none
CR-007987,B0C2JF5179,5.0,true,none
CR-007988,B08HWX42YR,5.0,true,none
CR-007989,B08X6Z3RJJ,5.0,true,none
CR-007990,B0C2JF5179,5.0,true,none
CR-007991,B093JYV9RR,1.0,true,none
CR-007992,B0776XKZ1Y,5.0,true,none
CR-007993,B0C2JF5179,5.0,true,none
CR-007994,B07R81N4X9,1.0,true,none
CR-007995,B071HGGN6N,5.0,true,none
CR-007996,B0C2JF5179,5.0,true,none
CR-007997,B0C2JF5179,5.0,true,none
CR-007998,B088LYH3X4,1.0,false,none
CR-007999,B0C2JF5179,5.0,true,none
CR-008000,B084GKPZ4V,5.0,true,none
CR-008001,B0C2JF5179,5.0,true,none
CR-008002,B09174JB7V,5.0,true,none
CR-008003,B08X6Z3RJJ,5.0,true,none
CR-008004,B07ZPLXB54,1.0,true,noise
CR-008005,B00X67EJI8,2.0,true,none
CR-008006,B0C2JF5179,5.0,true,none
CR-008007,B0C2JF5179,5.0,true,none
CR-008008,B09174JB7V,5.0,true,none
CR-008009,B086SN7JT9,3.0,true,none
CR-008010,B0915LHCS2,5.0,true,none
CR-008011,B0C2JF5179,5.0,true,none
CR-008012,B08X6Z3RJJ,5.0,true,none
CR-008013,B0922GWL33,4.0,true,none
CR-008014,B0915LHCS2,4.0,true,none
CR-008015,B08FRB3ZHF,5.0,true,none
CR-008016,B0922GWL33,1.0,true,none
CR-008017,B0928JNZYD,5.0,true,none
CR-008018,B0C2JF5179,5.0,true,none
CR-008019,B0C2JF5179,5.0,true,none
CR-008020,B09174JB7V,1.0,true,value_effectiveness
CR-008021,B09174JB7V,5.0,true,none
CR-008022,B08RY5SWR5,1.0,true,none
CR-008023,B0C2JF5179,5.0,true,none
CR-008024,B086SN7JT9,1.0,true,none
CR-008025,B07KXBX32V,2.0,true,none
CR-008026,B0915LHCS2,5.0,true,none
CR-008027,B08X6Z3RJJ,5.0,true,none
CR-008028,B08QKRJJS1,5.0,true,none
CR-008029,B0C2JF5179,5.0,true,none
CR-008030,B07DK5NSY1,4.0,true,none
CR-008031,B076J4BK24,5.0,true,none
CR-008032,B07VXKR2L4,1.0,true,none
CR-008033,B08W8KG1MB,5.0,true,none
CR-008034,B08VFCCTPL,1.0,true,none
CR-008035,B0C2JF5179,5.0,true,none
CR-008036,B0C2JF5179,5.0,true,none
CR-008037,B0C2JF5179,5.0,true,none
CR-008038,B007Y5B814,1.0,true,none
CR-008039,B07ZPLXB54,1.0,true,noise
CR-008040,B0C2JF5179,2.0,true,none
CR-008041,B0922GWL33,1.0,true,value_effectiveness
CR-008042,B0C2JF5179,5.0,true,none
CR-008043,B0C2JF5179,5.0,true,none
CR-008044,B08QKRJJS1,5.0,true,none
CR-008045,B0C2JF5179,1.0,true,none
CR-008046,B08QKRJJS1,3.0,true,none
CR-008047,B0928JNZYD,5.0,true,none
CR-008048,B0C2JF5179,5.0,true,none
CR-008049,B07DK5NSY1,1.0,true,none
CR-008050,B07R81N4X9,1.0,true,none
CR-008051,B0C2JF5179,5.0,true,none
CR-008052,B0928JNZYD,5.0,true,noise
CR-008053,B0928JNZYD,5.0,true,none
CR-008054,B0776XKZ1Y,5.0,true,none
CR-008055,B07R81N4X9,5.0,true,none
CR-008056,B09174JB7V,1.0,true,none
CR-008057,B085TD3Z9F,5.0,true,none
CR-008058,B08X6Z3RJJ,5.0,true,none
CR-008059,B0C2JF5179,5.0,true,none
CR-008060,B0C2JF5179,5.0,true,none
CR-008061,B0B2DX3SNN,5.0,true,none
CR-008062,B0C2JF5179,1.0,false,none
CR-008063,B0922GWL33,1.0,true,none
CR-008064,B09F3Z9BH6,1.0,true,none
CR-008065,B0C2JF5179,5.0,true,none
CR-008066,B0915LHCS2,4.0,true,none
CR-008067,B09F3Z9BH6,5.0,true,none
CR-008068,B0C2JF5179,2.0,true,none
CR-008069,B09WZWYVVX,1.0,true,noise
CR-008070,B09F3Z9BH6,5.0,true,none
CR-008071,B07R81N4X9,5.0,true,none
CR-008072,B0BZPPXM8D,5.0,true,none
CR-008073,B0C2JF5179,5.0,true,none
CR-008074,B0922GWL33,5.0,true,none
CR-008075,B09F3Z9BH6,2.0,true,none
CR-008076,B0C2JF5179,5.0,true,none
CR-008077,B0928JNZYD,5.0,true,none
CR-008078,B0776XKZ1Y,1.0,true,ozone_odor_safety
CR-008079,B08QKRJJS1,4.0,true,none
CR-008080,B0928JNZYD,5.0,true,none
CR-008081,B0928JNZYD,5.0,true,none
CR-008082,B01GXFY0KQ,4.0,true,none
CR-008083,B0C2JF5179,3.0,true,none
CR-008084,B0928JNZYD,4.0,true,none
CR-008085,B0C2JF5179,5.0,true,none
CR-008086,B096L11T6T,5.0,true,none
CR-008087,B093JYV9RR,5.0,true,none
CR-008088,B0C2JF5179,5.0,true,none
CR-008089,B0C2JF5179,5.0,true,none
CR-008090,B0C2JF5179,5.0,true,none
CR-008091,B099GYT47Z,5.0,false,noise
CR-008092,B0C2JF5179,5.0,true,none
CR-008093,B096N8ZYCV,5.0,true,none
CR-008094,B0C2JF5179,5.0,true,none
CR-008095,B07B8LYNCX,5.0,true,none
CR-008096,B08QKRJJS1,5.0,true,none
CR-008097,B07DF9S6XN,5.0,true,none
CR-008098,B07R81N4X9,2.0,true,none
CR-008099,B0C2JF5179,2.0,true,none
CR-008100,B0C2JF5179,5.0,true,none
CR-008101,B0C2JF5179,5.0,true,ozone_odor_safety
CR-008102,B0C2JF5179,5.0,true,none
CR-008103,B0C2JF5179,5.0,true,none
CR-008104,B07VXKR2L4,5.0,true,none
CR-008105,B0C2JF5179,4.0,true,none
CR-008106,B0928JNZYD,5.0,true,none
CR-008107,B07R81N4X9,5.0,true,none
CR-008108,B0C2JF5179,5.0,true,none
CR-008109,B0C2JF5179,3.0,true,none
CR-008110,B08QKRJJS1,5.0,true,none
CR-008111,B08X6Z3RJJ,3.0,true,noise
CR-008112,B0C2JF5179,5.0,true,none
CR-008113,B085HTCDJC,5.0,true,none
CR-008114,B0C2JF5179,4.0,true,none
CR-008115,B0928JNZYD,4.0,true,none
CR-008116,B082Y2PK2G,1.0,true,none
CR-008117,B0BZPPXM8D,1.0,true,none
CR-008118,B07R81N4X9,5.0,true,none
CR-008119,B0922GWL33,4.0,true,none
CR-008120,B0C2JF5179,5.0,true,none
CR-008121,B072KHQD1N,5.0,true,none
CR-008122,B0C2JF5179,5.0,true,none
CR-008123,B08QKRJJS1,5.0,false,noise
CR-008124,B0922GWL33,4.0,true,none
CR-008125,B0C2JF5179,4.0,true,none
CR-008126,B07DF9S6XN,4.0,true,none
CR-008127,B07ZPLXB54,1.0,true,none
CR-008128,B08QKRJJS1,5.0,true,none
CR-008129,B0C2JF5179,5.0,true,none
CR-008130,B0C2JF5179,5.0,true,none
CR-008131,B0C2JF5179,1.0,true,none
CR-008132,B093JYV9RR,3.0,true,none
CR-008133,B0C2JF5179,2.0,true,none
CR-008134,B08X6Z3RJJ,5.0,true,none
CR-008135,B0928JNZYD,4.0,true,none
CR-008136,B0C2JF5179,5.0,true,none
CR-008137,B0928JNZYD,5.0,true,none
CR-008138,B093JYV9RR,5.0,true,none
CR-008139,B09F3Z9BH6,1.0,true,value_effectiveness
CR-008140,B0915LHCS2,5.0,true,none
CR-008141,B09WZWYVVX,5.0,true,none
CR-008142,B0C2JF5179,5.0,true,none
CR-008143,B0C2JF5179,5.0,true,none
CR-008144,B08545DJMS,5.0,true,none
CR-008145,B0928JNZYD,5.0,true,none
CR-008146,B0C2JF5179,5.0,true,none
CR-008147,B0C2JF5179,5.0,true,none
CR-008148,B0BZPPXM8D,4.0,true,none
CR-008149,B096N8ZYCV,4.0,true,filter_cost
CR-008150,B0C2JF5179,5.0,true,none
CR-008151,B0C2JF5179,5.0,true,none
CR-008152,B0C2JF5179,5.0,true,none
CR-008153,B08QKRJJS1,5.0,true,none
CR-008154,B0C2JF5179,5.0,true,none
CR-008155,B0C2JF5179,1.0,true,none
CR-008156,B08QKRJJS1,3.0,true,none
CR-008157,B07VXKR2L4,1.0,true,none
CR-008158,B08545DJMS,5.0,true,ozone_odor_safety
CR-008159,B0928JNZYD,4.0,true,none
CR-008160,B0928JNZYD,1.0,true,none
CR-008161,B0928JNZYD,2.0,true,none
CR-008162,B0C2JF5179,5.0,true,none
CR-008163,B0C2JF5179,5.0,true,none
CR-008164,B09F3Z9BH6,1.0,true,none
CR-008165,B07ZPLXB54,1.0,true,none
CR-008166,B08GQZM6Q1,3.0,true,none
CR-008167,B0C2JF5179,2.0,true,none
CR-008168,B0C2JF5179,1.0,true,none
CR-008169,B0BZPPXM8D,2.0,true,reliability
CR-008170,B0C2JF5179,5.0,true,none
CR-008171,B0C2JF5179,4.0,true,none
CR-008172,B0928JNZYD,3.0,true,none
CR-008173,B0C2JF5179,5.0,true,none
CR-008174,B07DF9S6XN,4.0,true,none
CR-008175,B0922GWL33,1.0,true,none
CR-008176,B0BZPPXM8D,1.0,true,none
CR-008177,B01GXFY0KQ,5.0,true,none
CR-008178,B0928JNZYD,1.0,true,none
CR-008179,B0C2JF5179,5.0,true,none
CR-008180,B0C2JF5179,4.0,true,none
CR-008181,B0C2JF5179,1.0,true,none
CR-008182,B0C2JF5179,5.0,true,none
CR-008183,B0C2JF5179,5.0,true,none
CR-008184,B0C2JF5179,5.0,true,none
CR-008185,B08T6X46YL,5.0,true,none
CR-008186,B0C2JF5179,5.0,true,none
CR-008187,B0C2JF5179,5.0,true,none
CR-008188,B0C2JF5179,1.0,true,none
CR-008189,B07DK5NSY1,4.0,true,none
CR-008190,B08P8PRG2M,1.0,false,none
CR-008191,B0928JNZYD,3.0,true,none
CR-008192,B0C2JF5179,1.0,false,none
CR-008193,B095NX6YHK,5.0,true,none
CR-008194,B00X67EJI8,1.0,true,none
CR-008195,B0C2JF5179,5.0,true,none
CR-008196,B0C2JF5179,5.0,true,none
CR-008197,B08W8KG1MB,1.0,false,none
CR-008198,B07VXKR2L4,5.0,true,none
CR-008199,B0C2JF5179,5.0,true,none
CR-008200,B0928JNZYD,5.0,true,none
CR-008201,B0C2JF5179,5.0,true,none
CR-008202,B0C2JF5179,5.0,true,none
CR-008203,B0928JNZYD,4.0,true,none
CR-008204,B0C2JF5179,5.0,true,none
CR-008205,B07DF9S6XN,1.0,true,none
CR-008206,B0922GWL33,1.0,true,none
CR-008207,B08W8KG1MB,1.0,true,none
CR-008208,B093JYV9RR,5.0,true,none
CR-008209,B0C2JF5179,5.0,true,none
CR-008210,B0C2JF5179,5.0,true,none
CR-008211,B0C2JF5179,5.0,true,none
CR-008212,B071HMNTPM,2.0,true,none
CR-008213,B086SN7JT9,5.0,false,ozone_odor_safety
CR-008214,B0C2JF5179,5.0,true,none
CR-008215,B08T6X46YL,5.0,true,none
CR-008216,B07DF9S6XN,2.0,true,none
CR-008217,B08XKGR6KP,5.0,true,none
CR-008218,B09WZWYVVX,3.0,true,none
CR-008219,B08T6X46YL,5.0,true,none
CR-008220,B0C2JF5179,5.0,true,none
CR-008221,B088LYH3X4,2.0,true,none
CR-008222,B0928JNZYD,5.0,true,none
CR-008223,B0928JNZYD,1.0,true,none
CR-008224,B0C2JF5179,5.0,true,none
CR-008225,B089M2X49N,1.0,true,none
CR-008226,B0C2JF5179,5.0,true,none
CR-008227,B0922GWL33,3.0,true,none
CR-008228,B08T6X46YL,5.0,true,none
CR-008229,B0C2JF5179,5.0,true,none
CR-008230,B0C2JF5179,5.0,true,none
CR-008231,B0C2JF5179,5.0,true,none
CR-008232,B0928JNZYD,1.0,true,none
CR-008233,B07DF9S6XN,5.0,true,none
CR-008234,B07R81N4X9,5.0,true,none
CR-008235,B08QKRJJS1,5.0,true,none
CR-008236,B0BZPPXM8D,5.0,true,none
CR-008237,B0928JNZYD,5.0,true,none
CR-008238,B07R81N4X9,5.0,true,none
CR-008239,B09WZWYVVX,2.0,true,none
CR-008240,B0C2JF5179,5.0,true,none
CR-008241,B0C2JF5179,3.0,true,none
CR-008242,B08W8KG1MB,5.0,true,none
CR-008243,B0928JNZYD,1.0,true,none
CR-008244,B0BZPPXM8D,1.0,true,none
CR-008245,B084GKPZ4V,5.0,true,none
CR-008246,B08GQZM6Q1,1.0,true,none
CR-008247,B0C2JF5179,5.0,true,none
CR-008248,B0C2JF5179,4.0,true,none
CR-008249,B08QKRJJS1,1.0,true,customer_service
CR-008250,B0C2JF5179,5.0,true,none
CR-008251,B0C2JF5179,5.0,true,none
CR-008252,B0C2JF5179,5.0,true,none
CR-008253,B086SN7JT9,1.0,true,none
CR-008255,B0C2JF5179,4.0,true,none
CR-008256,B08XKGR6KP,5.0,true,none
CR-008257,B09F3Z9BH6,1.0,true,none
CR-008258,B08GQZM6Q1,3.0,true,none
CR-008259,B08QKRJJS1,2.0,true,noise
CR-008260,B0C2JF5179,5.0,true,none
CR-008261,B07DK5NSY1,1.0,true,none
CR-008262,B0C2JF5179,5.0,true,none
CR-008263,B096L11T6T,1.0,true,none
CR-008264,B08QKRJJS1,4.0,true,none
CR-008265,B09F3Z9BH6,5.0,true,none
CR-008266,B071DXQ1RV,3.0,true,none
CR-008267,B0C2JF5179,3.0,true,none
CR-008268,B07ZPLXB54,5.0,true,none
CR-008269,B0C2JF5179,4.0,true,none
CR-008270,B07ZPLXB54,1.0,true,filter_cost
CR-008271,B07R81N4X9,2.0,true,none
CR-008272,B07B8LYNCX,1.0,true,noise
CR-008273,B0C2JF5179,5.0,true,none
CR-008274,B0C2JF5179,5.0,true,none
CR-008275,B0C2JF5179,5.0,false,noise
CR-008276,B0C2JF5179,5.0,true,none
CR-008277,B0848BNPPK,5.0,false,none
CR-008278,B0C2JF5179,5.0,true,none
CR-008279,B08T6X46YL,5.0,true,none
CR-008280,B0C2JF5179,5.0,true,none
CR-008281,B07R81N4X9,5.0,true,none
CR-008282,B093JYV9RR,2.0,true,reliability
CR-008283,B0C2JF5179,5.0,true,none
CR-008284,B091Q9NMGG,5.0,true,none
CR-008285,B07KXBX32V,5.0,true,none
CR-008286,B0C2JF5179,5.0,true,none
CR-008287,B08DG8PMPZ,4.0,true,noise
CR-008288,B0BZPPXM8D,1.0,false,none
CR-008289,B08QKRJJS1,5.0,true,none
CR-008290,B0848BNPPK,5.0,true,none
CR-008291,B0C2JF5179,5.0,true,none
CR-008292,B0928JNZYD,5.0,true,none
CR-008293,B0C2JF5179,5.0,true,none
CR-008294,B0C2JF5179,5.0,true,none
CR-008295,B0928JNZYD,5.0,true,none
CR-008296,B0C2JF5179,5.0,true,none
CR-008297,B08SV1GSJB,1.0,true,reliability
CR-008298,B0776XKZ1Y,5.0,true,none
CR-008299,B08HVDFPVF,5.0,true,none
CR-008300,B09174JB7V,1.0,true,none
CR-008301,B0C2JF5179,5.0,true,none
CR-008302,B0C2JF5179,5.0,true,none
CR-008303,B094D1V4KL,5.0,true,none
CR-008304,B0C2JF5179,5.0,true,none
CR-008305,B0C2JF5179,5.0,true,none
CR-008306,B0C2JF5179,4.0,true,none
CR-008307,B0C2JF5179,5.0,true,none
CR-008308,B096N8ZYCV,1.0,true,value_effectiveness
CR-008309,B0915LHCS2,5.0,true,none
CR-008310,B0928JNZYD,5.0,true,none
CR-008311,B08QKRJJS1,5.0,true,none
CR-008312,B0C2JF5179,5.0,true,none
CR-008313,B093JYV9RR,5.0,true,none
CR-008314,B088LYH3X4,5.0,true,none
CR-008315,B0C2JF5179,5.0,true,none
CR-008316,B08P8PRG2M,5.0,true,none
CR-008317,B0C2JF5179,5.0,true,none
CR-008318,B0C2JF5179,5.0,true,none
CR-008319,B07B8LYNCX,1.0,true,none
CR-008320,B096S4GDY1,2.0,true,none
CR-008321,B08QKRJJS1,5.0,true,none
CR-008322,B0C2JF5179,5.0,true,none
CR-008323,B09174JB7V,3.0,true,none
CR-008324,B0C2JF5179,5.0,true,none
CR-008325,B07VXKR2L4,5.0,true,none
CR-008326,B0C2JF5179,5.0,true,none
CR-008327,B0C2JF5179,5.0,true,none
CR-008328,B0C2JF5179,5.0,true,none
CR-008329,B0928JNZYD,5.0,true,none
CR-008330,B0057IKJPQ,5.0,true,none
CR-008331,B0C2JF5179,5.0,true,none
CR-008332,B0C2JF5179,1.0,true,reliability
CR-008333,B07ZPLXB54,1.0,true,none
CR-008334,B099GYT47Z,4.0,true,none
CR-008335,B099GYT47Z,5.0,true,none
CR-008336,B07B8LYNCX,5.0,true,none
CR-008337,B0C2JF5179,5.0,true,none
CR-008338,B0C2JF5179,4.0,true,none
CR-008339,B08QKRJJS1,4.0,true,none
CR-008340,B0C2JF5179,5.0,true,none
CR-008341,B08545DJMS,5.0,true,none
CR-008342,B08QKRJJS1,5.0,true,none
CR-008343,B07ZPLXB54,1.0,true,reliability
CR-008344,B08QKRJJS1,5.0,true,none
CR-008345,B0C2JF5179,5.0,true,none
CR-008346,B0C2JF5179,5.0,true,none
CR-008347,B08QKRJJS1,5.0,true,none
CR-008348,B0C2JF5179,1.0,true,none
CR-008349,B0C2JF5179,5.0,true,none
CR-008350,B096S4GDY1,5.0,true,none
CR-008351,B071DXQ1RV,5.0,true,none
CR-008352,B084GKPZ4V,5.0,true,none
CR-008353,B07R81N4X9,5.0,true,none
CR-008354,B0C2JF5179,2.0,true,none
CR-008355,B07DK5NSY1,2.0,true,none
CR-008356,B0C2JF5179,4.0,true,none
CR-008357,B0C2JF5179,5.0,true,none
CR-008358,B08QKRJJS1,3.0,true,customer_service
CR-008359,B07DK5NSY1,5.0,true,none
CR-008360,B0928JNZYD,5.0,true,none
CR-008361,B0C2JF5179,5.0,true,noise
CR-008362,B07ZPLXB54,5.0,true,none
CR-008363,B0C2JF5179,5.0,true,none
CR-008364,B093JYV9RR,1.0,true,none
CR-008365,B0928JNZYD,1.0,true,none
CR-008366,B0C2JF5179,5.0,true,none
CR-008367,B00X67EJI8,5.0,true,none
CR-008368,B0C2JF5179,5.0,true,none
CR-008369,B07VXKR2L4,1.0,true,reliability
CR-008370,B0928JNZYD,5.0,true,none
CR-008371,B08XKGR6KP,5.0,true,none
CR-008372,B08QKRJJS1,5.0,true,none
CR-008373,B0C2JF5179,5.0,true,none
CR-008374,B084GKPZ4V,3.0,true,none
CR-008375,B096S4GDY1,5.0,true,none
CR-008376,B08QKRJJS1,4.0,true,none
CR-008377,B0928JNZYD,1.0,true,reliability
CR-008378,B07ZPLXB54,5.0,true,none
CR-008379,B08XKGR6KP,5.0,true,none
CR-008380,B08XKGR6KP,5.0,true,none
CR-008381,B0C2JF5179,5.0,true,none
CR-008382,B096L11T6T,1.0,true,value_effectiveness
CR-008383,B0C2JF5179,5.0,true,none
CR-008384,B095NX6YHK,3.0,true,none
CR-008386,B07KXBX32V,3.0,true,noise
CR-008387,B09174JB7V,1.0,true,none
CR-008388,B093JYV9RR,1.0,true,ozone_odor_safety
CR-008389,B0BZPPXM8D,5.0,true,ozone_odor_safety
CR-008390,B07DK5NSY1,5.0,true,none
CR-008391,B091HHTRXJ,5.0,true,none
CR-008392,B07ZPLXB54,5.0,true,none
CR-008393,B0776XKZ1Y,5.0,true,none
CR-008394,B07DF9S6XN,5.0,true,none
CR-008395,B07VXKR2L4,3.0,true,none
CR-008396,B0C2JF5179,5.0,true,none
CR-008397,B0922GWL33,1.0,true,none
CR-008398,B08QKRJJS1,5.0,true,none
CR-008399,B096L11T6T,5.0,true,none
CR-008400,B0C2JF5179,5.0,true,none
CR-008401,B0C2JF5179,5.0,true,none
CR-008402,B0C2JF5179,5.0,true,none
CR-008403,B0C2JF5179,5.0,true,none
CR-008404,B0BZPPXM8D,4.0,true,none
CR-008405,B0C2JF5179,5.0,true,none
CR-008406,B096L11T6T,1.0,true,none
CR-008407,B08P8PRG2M,3.0,true,none
CR-008408,B09F3Z9BH6,1.0,true,none
CR-008409,B07KXBX32V,5.0,false,none
CR-008410,B0C2JF5179,5.0,true,none
CR-008411,B07R81N4X9,5.0,true,none
CR-008412,B0C2JF5179,1.0,true,none
CR-008413,B08QKRJJS1,5.0,false,none
CR-008414,B09BNY1K8Y,1.0,true,none
CR-008415,B08QKRJJS1,5.0,true,none
CR-008416,B08VTFQ8Z2,3.0,true,none
CR-008417,B0C2JF5179,5.0,true,none
CR-008418,B071DXQ1RV,1.0,true,none
CR-008419,B0C2JF5179,5.0,true,none
CR-008420,B0C2JF5179,5.0,true,none
CR-008421,B092PPXHG9,4.0,true,noise
CR-008422,B0928JNZYD,5.0,true,none
CR-008423,B0BBV2Z7VG,3.0,true,none
CR-008424,B08QKRJJS1,5.0,false,none
CR-008425,B09F3Z9BH6,1.0,true,none
CR-008426,B0C2JF5179,5.0,true,none
CR-008427,B0C2JF5179,4.0,true,none
CR-008428,B0C2JF5179,5.0,true,none
CR-008429,B08QKRJJS1,5.0,true,none
CR-008430,B09GFHWXNV,1.0,true,noise
CR-008431,B0C2JF5179,4.0,true,none
CR-008432,B071HMNTPM,1.0,true,reliability
CR-008433,B096N8ZYCV,4.0,true,none
CR-008434,B07R81N4X9,5.0,true,none
CR-008435,B096L11T6T,3.0,true,value_effectiveness
CR-008436,B07DK5NSY1,5.0,true,none
CR-008437,B0BZPPXM8D,5.0,true,none
CR-008438,B071HMNTPM,5.0,true,none
CR-008439,B07R81N4X9,1.0,true,none
CR-008440,B0C2JF5179,5.0,true,none
CR-008441,B096S4GDY1,5.0,true,none
CR-008442,B0928JNZYD,4.0,true,none
CR-008443,B08FD4MR1Z,3.0,true,noise
CR-008444,B01GXFY0KQ,5.0,true,none
CR-008445,B08XKGR6KP,1.0,true,none
CR-008446,B09C2184JC,3.0,true,none
CR-008447,B096L11T6T,1.0,true,none
CR-008448,B0C2JF5179,5.0,true,none
CR-008449,B09F3Z9BH6,1.0,true,none
CR-008450,B00X67EJI8,5.0,true,none
CR-008451,B0C2JF5179,1.0,true,none
CR-008452,B0C2JF5179,5.0,true,none
CR-008453,B08QKRJJS1,5.0,true,none
CR-008454,B08TZWJL1T,4.0,true,none
CR-008455,B0C2JF5179,5.0,true,none
CR-008456,B0C2JF5179,2.0,true,none
CR-008457,B0C2JF5179,4.0,true,none
CR-008458,B07B8LYNCX,5.0,false,noise
CR-008459,B0C2JF5179,5.0,true,none
CR-008460,B00X67EJI8,3.0,true,none
CR-008461,B07R81N4X9,5.0,true,none
CR-008462,B0C2JF5179,5.0,true,none
CR-008463,B093JYV9RR,5.0,true,none
CR-008464,B08XKGR6KP,1.0,true,none
CR-008465,B0C2JF5179,5.0,true,none
CR-008466,B093JYV9RR,5.0,true,none
CR-008467,B0C2JF5179,4.0,true,none
CR-008468,B0C2JF5179,4.0,true,none
CR-008469,B0C2JF5179,5.0,true,none
CR-008470,B0C2JF5179,5.0,true,none
CR-008471,B08FD4MR1Z,5.0,true,none
CR-008472,B096L11T6T,2.0,true,none
CR-008473,B096S4GDY1,1.0,true,none
CR-008474,B0C2JF5179,1.0,true,ozone_odor_safety
CR-008475,B071DXQ1RV,3.0,true,none
CR-008476,B096S4GDY1,3.0,true,none
CR-008477,B07VXKR2L4,5.0,true,none
CR-008478,B0C2JF5179,5.0,true,none
CR-008479,B0C2JF5179,5.0,true,none
CR-008480,B09C2184JC,1.0,true,none
CR-008481,B07KXBX32V,5.0,true,none
CR-008482,B0C2JF5179,5.0,true,none
CR-008483,B0C2JF5179,5.0,true,none
CR-008484,B0C2JF5179,5.0,true,none
CR-008485,B08QKRJJS1,5.0,true,noise
CR-008486,B0C2JF5179,5.0,true,none
CR-008487,B0C2JF5179,5.0,false,none
CR-008488,B09CXK7PRG,1.0,true,none
CR-008489,B08FD4MR1Z,5.0,true,none
CR-008490,B09K7CD8XS,5.0,false,none
CR-008491,B0BZPPXM8D,1.0,true,value_effectiveness
CR-008492,B096N8ZYCV,5.0,true,none
CR-008493,B01GXFY0KQ,3.0,true,none
CR-008494,B0C2JF5179,3.0,true,none
CR-008495,B0C2JF5179,3.0,true,none
CR-008496,B08W8KG1MB,2.0,true,none
CR-008497,B096N8ZYCV,5.0,true,none
CR-008498,B096S4GDY1,5.0,false,noise
CR-008499,B09F3Z9BH6,5.0,true,none
CR-008500,B0C2JF5179,1.0,false,none
CR-008501,B07KXBX32V,3.0,true,none
CR-008502,B0C2JF5179,5.0,true,none
CR-008503,B0BBV2Z7VG,5.0,true,none
CR-008504,B0C2JF5179,5.0,true,none
CR-008505,B07ZPLXB54,2.0,true,none
CR-008506,B0C2JF5179,2.0,true,none
CR-008507,B0848BNPPK,3.0,true,none
CR-008508,B08QKRJJS1,5.0,true,none
CR-008509,B092PPXHG9,4.0,true,none
CR-008510,B0BZPPXM8D,5.0,true,none
CR-008511,B003RYPPO2,5.0,true,none
CR-008512,B0C2JF5179,5.0,true,none
CR-008513,B08545DJMS,3.0,true,none
CR-008514,B07ZPLXB54,5.0,true,none
CR-008515,B0C2JF5179,1.0,true,none
CR-008516,B0C2JF5179,5.0,true,none
CR-008517,B0C2JF5179,5.0,true,none
CR-008518,B0C2JF5179,4.0,true,ozone_odor_safety
CR-008519,B07VXKR2L4,5.0,true,none
CR-008520,B0C2JF5179,5.0,true,none
CR-008521,B0C2JF5179,4.0,true,none
CR-008522,B0C2JF5179,2.0,true,none
CR-008523,B0C2JF5179,5.0,true,none
CR-008524,B08W8KG1MB,5.0,true,none
CR-008525,B07PWDTF8B,5.0,true,none
CR-008526,B0848BNPPK,4.0,true,none
CR-008527,B09F3Z9BH6,2.0,true,none
CR-008528,B0C2JF5179,4.0,true,none
CR-008529,B0C2JF5179,5.0,true,none
CR-008530,B0C2JF5179,5.0,true,none
CR-008531,B0776XKZ1Y,4.0,true,ozone_odor_safety
CR-008532,B0C2JF5179,5.0,true,none
CR-008533,B0C2JF5179,5.0,true,none
CR-008534,B0C2JF5179,5.0,true,none
CR-008535,B0C2JF5179,5.0,true,none
CR-008536,B08FD4MR1Z,1.0,true,none
CR-008537,B08QKRJJS1,3.0,true,none
CR-008538,B07DF9S6XN,5.0,true,none
CR-008539,B07ZPLXB54,2.0,true,none
CR-008540,B09F3Z9BH6,3.0,true,none
CR-008541,B0BZPPXM8D,5.0,true,none
CR-008542,B01GXFY0KQ,5.0,true,none
CR-008543,B0C2JF5179,5.0,true,none
CR-008544,B09C2184JC,5.0,true,none
CR-008545,B0848BNPPK,3.0,true,noise
CR-008546,B08XKGR6KP,4.0,true,none
CR-008547,B0C2JF5179,5.0,true,none
CR-008548,B08XKGR6KP,5.0,true,none
CR-008549,B08GQZM6Q1,5.0,true,none
CR-008550,B09CXK7PRG,5.0,true,none
CR-008551,B0C2JF5179,5.0,true,none
CR-008552,B0C2JF5179,1.0,false,none
CR-008553,B09S6P81TB,5.0,true,none
CR-008554,B0C2JF5179,5.0,true,none
CR-008555,B096S4GDY1,1.0,true,none
CR-008556,B07DK5NSY1,5.0,true,none
CR-008557,B0C2JF5179,5.0,true,value_effectiveness
CR-008558,B0C2JF5179,5.0,true,none
CR-008559,B07DF9S6XN,5.0,true,none
CR-008560,B096N8ZYCV,1.0,true,none
CR-008561,B09CXK7PRG,5.0,true,none
CR-008562,B096S4GDY1,4.0,true,none
CR-008563,B096L11T6T,1.0,true,value_effectiveness
CR-008564,B0C2JF5179,5.0,true,none
CR-008565,B07KXBX32V,2.0,true,none
CR-008566,B0C2JF5179,5.0,true,none
CR-008567,B0C2JF5179,5.0,true,none
CR-008568,B0C2JF5179,5.0,true,none
CR-008569,B0C2JF5179,5.0,true,none
CR-008570,B0BZPPXM8D,5.0,true,none
CR-008571,B0C2JF5179,5.0,true,none
CR-008572,B09F3Z9BH6,5.0,true,none
CR-008573,B0C2JF5179,5.0,true,none
CR-008574,B0C2JF5179,5.0,true,none
CR-008575,B0C2JF5179,4.0,true,none
CR-008576,B0C2JF5179,4.0,true,none
CR-008577,B0C2JF5179,5.0,true,none
CR-008578,B0C2JF5179,4.0,true,ozone_odor_safety
CR-008579,B0C2JF5179,5.0,true,none
CR-008580,B0BZPPXM8D,1.0,true,none
CR-008581,B0C2JF5179,5.0,true,none
CR-008582,B07R81N4X9,1.0,true,none
CR-008583,B07ZPLXB54,3.0,true,none
CR-008584,B0C2JF5179,2.0,true,none
CR-008585,B0C2JF5179,5.0,true,none
CR-008586,B0C2JF5179,4.0,true,none
CR-008587,B0C2JF5179,3.0,true,none
CR-008588,B0006FLJWW,5.0,true,none
CR-008589,B0C2JF5179,5.0,true,none
CR-008590,B0C2JF5179,5.0,true,none
CR-008591,B09S6P81TB,5.0,true,none
CR-008592,B0C2JF5179,5.0,true,none
CR-008593,B0C2JF5179,5.0,true,none
CR-008594,B0C2JF5179,5.0,true,none
CR-008595,B0C2JF5179,5.0,true,none
CR-008596,B0C2JF5179,5.0,true,none
CR-008597,B07VXKR2L4,1.0,true,none
CR-008598,B07ZPLXB54,5.0,true,none
CR-008599,B0915LHCS2,2.0,true,noise
CR-008600,B08QKRJJS1,5.0,false,none
CR-008601,B07ZPLXB54,2.0,true,value_effectiveness
CR-008602,B0C2JF5179,5.0,true,none
CR-008603,B07R81N4X9,5.0,true,none
CR-008604,B09WZWYVVX,5.0,true,none
CR-008605,B09C2184JC,5.0,true,none
CR-008606,B07DK5NSY1,5.0,true,none
CR-008607,B07DF9S6XN,1.0,true,none
CR-008608,B0C2JF5179,1.0,true,none
CR-008609,B08QKRJJS1,3.0,true,none
CR-008610,B0BZPPXM8D,5.0,true,none
CR-008611,B0C2JF5179,5.0,true,none
CR-008612,B08P8PRG2M,5.0,true,none
CR-008613,B08545DJMS,5.0,false,ozone_odor_safety
CR-008614,B093JYV9RR,5.0,true,none
CR-008615,B09K7CD8XS,5.0,true,none
CR-008616,B0C2JF5179,5.0,true,none
CR-008617,B0C2JF5179,5.0,true,none
CR-008618,B0C2JF5179,2.0,true,reliability
CR-008619,B07ZPLXB54,5.0,true,none
CR-008620,B095NX6YHK,4.0,true,none
CR-008621,B08DG8PMPZ,4.0,true,none
CR-008622,B0C2JF5179,5.0,true,none
CR-008623,B09C2184JC,5.0,true,none
CR-008624,B07B8LYNCX,1.0,true,none
CR-008625,B07VXKR2L4,5.0,true,none
CR-008626,B092PPXHG9,4.0,true,none
CR-008627,B0915LHCS2,1.0,false,none
CR-008628,B096S4GDY1,5.0,true,none
CR-008629,B09C2184JC,5.0,true,none
CR-008630,B0C2JF5179,3.0,true,none
CR-008631,B07KXBX32V,5.0,true,none
CR-008632,B01GXFY0KQ,5.0,true,none
CR-008633,B0C2JF5179,5.0,true,none
CR-008634,B07VXKR2L4,1.0,false,none
CR-008635,B0C2JF5179,5.0,true,none
CR-008636,B0C2JF5179,5.0,true,none
CR-008637,B09BNY1K8Y,4.0,true,none
CR-008638,B0C2JF5179,5.0,true,none
CR-008639,B09BNY1K8Y,1.0,true,reliability
CR-008640,B096L11T6T,1.0,true,none
CR-008641,B09C2184JC,5.0,true,none
CR-008642,B08X6Z3RJJ,5.0,true,none
CR-008643,B0C2JF5179,3.0,true,none
CR-008644,B0C2JF5179,5.0,true,none
CR-008645,B0C2JF5179,5.0,true,none
CR-008646,B0C2JF5179,5.0,true,none
CR-008647,B0C2JF5179,1.0,true,none
CR-008648,B00X67EJI8,1.0,true,none
CR-008649,B0928JNZYD,3.0,true,none
CR-008650,B0C2JF5179,5.0,true,none
CR-008651,B09C2184JC,5.0,true,none
CR-008652,B0C2JF5179,5.0,true,none
CR-008653,B09C2184JC,5.0,true,none
CR-008654,B07DK5NSY1,2.0,true,ozone_odor_safety
CR-008655,B0C2JF5179,3.0,true,reliability
CR-008656,B0C2JF5179,5.0,true,none
CR-008657,B094HBWLYC,5.0,true,none
CR-008658,B07ZPLXB54,2.0,true,noise
CR-008659,B096S4GDY1,2.0,true,none
CR-008660,B09C2184JC,5.0,true,none
CR-008661,B0C2JF5179,5.0,true,none
CR-008662,B0057IKJPQ,5.0,true,none
CR-008663,B096L11T6T,5.0,true,none
CR-008664,B07ZPLXB54,1.0,true,none
CR-008665,B07VXKR2L4,5.0,true,none
CR-008666,B0C2JF5179,5.0,true,none
CR-008667,B096S4GDY1,3.0,true,none
CR-008668,B08QKRJJS1,3.0,true,none
CR-008669,B0C2JF5179,5.0,true,none
CR-008670,B07DK5NSY1,4.0,true,none
CR-008671,B084GKPZ4V,5.0,true,none
CR-008672,B096S4GDY1,5.0,true,none
CR-008673,B0C2JF5179,3.0,true,none
CR-008674,B09CXK7PRG,1.0,true,none
CR-008675,B09C2184JC,5.0,true,none
CR-008676,B0C2JF5179,5.0,true,none
CR-008677,B0C2JF5179,5.0,true,none
CR-008678,B093JYV9RR,5.0,true,none
CR-008679,B0C2JF5179,5.0,true,none
CR-008680,B09C2184JC,5.0,true,none
CR-008681,B0C2JF5179,1.0,true,value_effectiveness
CR-008682,B0C2JF5179,5.0,true,none
CR-008683,B08P8PRG2M,5.0,true,none
CR-008684,B0BZPPXM8D,5.0,true,none
CR-008685,B0C2JF5179,3.0,true,none
CR-008686,B0C2JF5179,5.0,true,none
CR-008687,B0C2JF5179,5.0,true,none
CR-008688,B09C2184JC,5.0,true,none
CR-008689,B09C2184JC,5.0,true,none
CR-008690,B09C2184JC,5.0,true,none
CR-008691,B09C2184JC,1.0,true,none
CR-008692,B08W8KG1MB,1.0,true,none
CR-008693,B08QKRJJS1,1.0,false,none
CR-008694,B093JYV9RR,5.0,true,none
CR-008695,B0C2JF5179,5.0,true,none
CR-008696,B0C2JF5179,5.0,true,none
CR-008697,B0C2JF5179,1.0,true,none
CR-008698,B093JYV9RR,5.0,true,none
CR-008699,B01GXFY0KQ,5.0,true,none
CR-008700,B0C2JF5179,5.0,true,none
CR-008701,B07KXBX32V,2.0,true,none
CR-008702,B07VXKR2L4,5.0,true,none
CR-008703,B07ZPLXB54,1.0,true,none
CR-008704,B09F3Z9BH6,1.0,true,none
CR-008705,B093JYV9RR,5.0,true,none
CR-008706,B096S4GDY1,5.0,true,none
CR-008707,B0BZPPXM8D,1.0,true,reliability
CR-008708,B0C2JF5179,4.0,true,none
CR-008709,B0C2JF5179,5.0,true,none
CR-008710,B08T6X46YL,5.0,true,none
CR-008711,B0C2JF5179,5.0,true,none
CR-008712,B0C2JF5179,5.0,true,none
CR-008713,B09F3Z9BH6,2.0,true,none
CR-008714,B0BZPPXM8D,1.0,true,reliability
CR-008715,B0C2JF5179,1.0,true,none
CR-008716,B071HMNTPM,5.0,true,none
CR-008717,B0776XKZ1Y,5.0,true,none
CR-008718,B096L11T6T,1.0,true,none
CR-008719,B0C2JF5179,5.0,true,none
CR-008720,B093JYV9RR,5.0,true,none
CR-008721,B07DK5NSY1,5.0,true,none
CR-008722,B093JYV9RR,5.0,true,none
CR-008723,B08QKRJJS1,5.0,true,none
CR-008724,B093JYV9RR,2.0,true,none
CR-008725,B09H4YT4V8,5.0,true,none
CR-008726,B0776XKZ1Y,4.0,true,none
CR-008727,B092HL5T99,3.0,true,none
CR-008728,B0C2JF5179,5.0,true,none
CR-008729,B07R81N4X9,5.0,true,none
CR-008730,B08QKRJJS1,5.0,true,none
CR-008731,B09F3Z9BH6,1.0,true,none
CR-008732,B0C2JF5179,5.0,true,none
CR-008733,B08QKRJJS1,5.0,true,none
CR-008734,B0C2JF5179,1.0,false,none
CR-008735,B08X6Z3RJJ,5.0,true,none
CR-008736,B0C2JF5179,5.0,true,none
CR-008737,B0BZPPXM8D,5.0,true,none
CR-008738,B08P8PRG2M,5.0,true,noise
CR-008739,B0C2JF5179,5.0,true,none
CR-008740,B0C2JF5179,4.0,true,none
CR-008741,B0C2JF5179,1.0,false,none
CR-008742,B09K7CD8XS,5.0,true,none
CR-008743,B0C2JF5179,5.0,true,none
CR-008744,B07DF9S6XN,1.0,true,none
CR-008745,B0C2JF5179,5.0,true,none
CR-008746,B0C2JF5179,1.0,true,none
CR-008747,B0C2JF5179,5.0,true,none
CR-008748,B084GKPZ4V,4.0,true,none
CR-008749,B0C2JF5179,5.0,true,none
CR-008750,B095NX6YHK,5.0,true,none
CR-008751,B0C2JF5179,5.0,true,none
CR-008752,B0C2JF5179,5.0,true,none
CR-008754,B096S4GDY1,5.0,true,none
CR-008755,B08P8PRG2M,5.0,true,none
CR-008756,B093JYV9RR,5.0,true,none
CR-008757,B0C2JF5179,5.0,true,none
CR-008758,B08W8KG1MB,2.0,true,none
CR-008759,B0C2JF5179,5.0,true,none
CR-008760,B0C2JF5179,4.0,true,none
CR-008761,B096L11T6T,5.0,true,none
CR-008762,B0776XKZ1Y,5.0,true,none
CR-008763,B0C2JF5179,1.0,true,none
CR-008764,B093JYV9RR,4.0,true,none
CR-008765,B07R81N4X9,2.0,true,none
CR-008766,B0C2JF5179,1.0,true,none
CR-008767,B07R81N4X9,5.0,true,none
CR-008768,B0C2JF5179,5.0,true,none
CR-008769,B099GYT47Z,5.0,false,none
CR-008770,B08QKRJJS1,5.0,true,none
CR-008771,B09H4YT4V8,4.0,true,none
CR-008772,B0C2JF5179,5.0,true,none
CR-008773,B08QKRJJS1,5.0,true,none
CR-008774,B0C2JF5179,5.0,true,none
CR-008775,B08W8KG1MB,5.0,true,none
CR-008776,B0C2JF5179,4.0,true,none
CR-008777,B07DF9S6XN,5.0,true,none
CR-008778,B07ZPLXB54,5.0,true,none
CR-008779,B07DF9S6XN,3.0,true,none
CR-008780,B0C2JF5179,5.0,true,none
CR-008781,B0C2JF5179,5.0,true,none
CR-008782,B096S4GDY1,5.0,true,none
CR-008783,B0C2JF5179,5.0,true,none
CR-008784,B0C2JF5179,5.0,true,none
CR-008785,B07VXKR2L4,5.0,true,none
CR-008786,B0C2JF5179,1.0,true,value_effectiveness
CR-008787,B0C2JF5179,3.0,true,none
CR-008788,B08QKRJJS1,5.0,true,none
CR-008789,B0928JNZYD,5.0,true,none
CR-008790,B0C2JF5179,5.0,true,none
CR-008791,B096L11T6T,1.0,true,none
CR-008792,B0C2JF5179,5.0,true,none
CR-008793,B07KXBX32V,5.0,true,none
CR-008794,B0C2JF5179,5.0,true,none
CR-008795,B07VXKR2L4,1.0,true,none
CR-008796,B0C2JF5179,1.0,true,none
CR-008797,B0C2JF5179,3.0,true,noise
CR-008798,B07DK5NSY1,5.0,true,none
CR-008799,B0915LHCS2,3.0,true,none
CR-008800,B0C2JF5179,5.0,true,none
CR-008801,B07VXKR2L4,5.0,true,none
CR-008802,B07R81N4X9,5.0,true,none
CR-008803,B0BZPPXM8D,5.0,true,none
CR-008804,B0C2JF5179,5.0,true,none
CR-008805,B0C2JF5179,5.0,true,none
CR-008806,B08CVR388H,1.0,true,value_effectiveness
CR-008807,B08GQZM6Q1,5.0,true,none
CR-008808,B0C2JF5179,4.0,true,none
CR-008809,B0928JNZYD,2.0,true,none
CR-008810,B0BZPPXM8D,2.0,true,none
CR-008811,B01GXFY0KQ,5.0,true,none
CR-008812,B003RYRKGS,5.0,false,none
CR-008813,B0C2JF5179,5.0,true,none
CR-008814,B0C2JF5179,4.0,true,none
CR-008815,B0C2JF5179,5.0,true,none
CR-008816,B0C2JF5179,5.0,true,none
CR-008817,B09BNY1K8Y,2.0,true,none
CR-008818,B099GYT47Z,1.0,false,none
CR-008819,B0C2JF5179,5.0,true,none
CR-008820,B07DK5NSY1,5.0,true,none
CR-008821,B0C2JF5179,5.0,true,none
CR-008822,B07DK5NSY1,5.0,true,none
CR-008823,B0C2JF5179,4.0,true,none
CR-008824,B0C2JF5179,5.0,true,noise
CR-008825,B0C2JF5179,5.0,true,none
CR-008826,B0C2JF5179,4.0,true,none
CR-008827,B07KXBX32V,4.0,true,none
CR-008828,B0BZPPXM8D,1.0,true,none
CR-008829,B0C2JF5179,5.0,true,none
CR-008830,B0C2JF5179,5.0,true,none
CR-008831,B0C2JF5179,5.0,true,none
CR-008832,B0C2JF5179,2.0,true,none
CR-008833,B0C2JF5179,5.0,true,none
CR-008834,B07ZPLXB54,1.0,true,none
CR-008835,B072KHQD1N,5.0,true,none
CR-008836,B07VXKR2L4,1.0,true,none
CR-008837,B08QKRJJS1,5.0,true,none
CR-008838,B0C2JF5179,3.0,true,none
CR-008839,B0BZPPXM8D,3.0,true,none
CR-008840,B0BZPPXM8D,5.0,true,none
CR-008841,B0C2JF5179,4.0,true,none
CR-008842,B071DXQ1RV,1.0,true,none
CR-008843,B07KXBX32V,2.0,true,none
CR-008844,B08X6Z3RJJ,5.0,true,none
CR-008845,B09H4YT4V8,3.0,true,none
CR-008846,B0C2JF5179,2.0,true,none
CR-008847,B0C2JF5179,5.0,true,noise
CR-008848,B0C2JF5179,5.0,true,none
CR-008849,B0C2JF5179,5.0,true,none
CR-008850,B07B8LYNCX,1.0,true,none
CR-008851,B0C2JF5179,5.0,true,none
CR-008852,B0BZPPXM8D,1.0,true,none
CR-008853,B0C2JF5179,5.0,true,none
CR-008854,B0C2JF5179,5.0,true,none
CR-008855,B0C2JF5179,4.0,true,none
CR-008856,B09F3Z9BH6,5.0,true,none
CR-008857,B0C2JF5179,5.0,true,none
CR-008858,B0C2JF5179,3.0,true,none
CR-008859,B0C2JF5179,5.0,true,none
CR-008860,B0C2JF5179,5.0,true,none
CR-008861,B08DG8PMPZ,1.0,true,noise
CR-008862,B07ZPLXB54,2.0,true,none
CR-008863,B0C2JF5179,1.0,false,none
CR-008864,B08SV1GSJB,5.0,true,none
CR-008865,B0BZPPXM8D,5.0,true,none
CR-008866,B0C2JF5179,5.0,true,none
CR-008867,B07R81N4X9,5.0,true,none
CR-008868,B0C2JF5179,5.0,true,none
CR-008869,B07ZPLXB54,5.0,true,none
CR-008870,B0BZPPXM8D,2.0,true,none
CR-008871,B0C2JF5179,5.0,true,none
CR-008872,B0C2JF5179,5.0,true,none
CR-008873,B0C2JF5179,4.0,true,none
CR-008874,B0C2JF5179,5.0,true,none
CR-008875,B0BZPPXM8D,2.0,true,none
CR-008876,B0C2JF5179,5.0,true,none
CR-008877,B0C2JF5179,5.0,true,none
CR-008878,B0C2JF5179,1.0,true,none
CR-008879,B0C2JF5179,5.0,true,none
CR-008880,B094HBWLYC,5.0,true,none
CR-008881,B0C2JF5179,4.0,true,none
CR-008882,B0C2JF5179,5.0,true,none
CR-008883,B0C2JF5179,5.0,true,none
CR-008884,B0C2JF5179,4.0,true,none
CR-008885,B0C2JF5179,3.0,true,none
CR-008886,B071HMNTPM,2.0,true,noise
CR-008887,B07DF9S6XN,5.0,true,none
CR-008888,B0C2JF5179,5.0,true,none
CR-008889,B0C2JF5179,5.0,true,none
CR-008890,B07R81N4X9,5.0,true,none
CR-008891,B08QKRJJS1,3.0,true,none
CR-008892,B07R81N4X9,5.0,true,none
CR-008893,B0C2JF5179,5.0,true,none
CR-008894,B0C2JF5179,5.0,true,none
CR-008895,B0C2JF5179,5.0,true,none
CR-008896,B0C2JF5179,5.0,true,none
CR-008897,B0C2JF5179,5.0,true,none
CR-008898,B0C2JF5179,5.0,true,none
CR-008899,B0C2JF5179,5.0,true,none
CR-008900,B09H4YT4V8,3.0,true,none
CR-008901,B096L11T6T,3.0,true,none
CR-008902,B0C2JF5179,4.0,true,filter_cost
CR-008903,B09F3Z9BH6,1.0,true,none
CR-008904,B0C2JF5179,1.0,true,none
CR-008905,B0C2JF5179,5.0,true,none
CR-008906,B08P8PRG2M,5.0,true,none
CR-008907,B0BBV2Z7VG,5.0,true,none
CR-008908,B0C2JF5179,5.0,true,none
CR-008909,B08QKRJJS1,2.0,true,none
CR-008910,B07ZPLXB54,3.0,true,none
CR-008911,B0915LHCS2,1.0,true,none
CR-008912,B08T6X46YL,5.0,true,none
CR-008913,B0C2JF5179,5.0,true,none
CR-008914,B0C2JF5179,4.0,true,none
CR-008915,B095NX6YHK,1.0,true,none
CR-008916,B0C2JF5179,5.0,true,noise
CR-008917,B07ZPLXB54,1.0,true,none
CR-008918,B0C2JF5179,5.0,true,none
CR-008919,B0C2JF5179,5.0,true,none
CR-008920,B0C2JF5179,3.0,true,none
CR-008921,B08VTFQ8Z2,3.0,true,none
CR-008922,B0C2JF5179,5.0,true,none
CR-008923,B08M5DLQ67,5.0,true,none
CR-008924,B0C2JF5179,5.0,true,none
CR-008925,B0C2JF5179,1.0,true,none
CR-008926,B0C2JF5179,5.0,true,none
CR-008927,B0C2JF5179,5.0,true,none
CR-008928,B08SV1GSJB,1.0,true,none
CR-008929,B07DK5NSY1,5.0,true,none
CR-008930,B0C2JF5179,5.0,true,none
CR-008931,B0C2JF5179,5.0,true,none
CR-008932,B08FD4MR1Z,4.0,true,none
CR-008933,B0C2JF5179,5.0,true,none
CR-008934,B0BZPPXM8D,1.0,true,none
CR-008935,B0C2JF5179,5.0,true,none
CR-008936,B0C2JF5179,5.0,true,none
CR-008937,B07ZPLXB54,3.0,true,none
CR-008938,B0C2JF5179,5.0,true,none
CR-008939,B08XKGR6KP,1.0,false,noise
CR-008940,B0C2JF5179,5.0,false,none
CR-008941,B01GXFY0KQ,5.0,true,none
CR-008942,B0C2JF5179,5.0,true,none
CR-008943,B0C2JF5179,5.0,true,none
CR-008944,B0928JNZYD,1.0,true,none
CR-008945,B0C2JF5179,5.0,true,none
CR-008946,B0BZPPXM8D,2.0,true,none
CR-008947,B0C2JF5179,5.0,true,none
CR-008948,B0C2JF5179,5.0,true,none
CR-008949,B0C2JF5179,5.0,true,none
CR-008950,B0C2JF5179,5.0,true,none
CR-008951,B0C2JF5179,5.0,true,none
CR-008952,B07R81N4X9,5.0,true,reliability
CR-008953,B0C2JF5179,5.0,true,none
CR-008954,B0C2JF5179,5.0,true,none
CR-008955,B0C2JF5179,5.0,true,none
CR-008956,B0C2JF5179,5.0,true,none
CR-008957,B0C2JF5179,5.0,true,none
CR-008958,B07DK5NSY1,4.0,true,none
CR-008959,B0C2JF5179,5.0,true,none
CR-008960,B096S4GDY1,5.0,true,none
CR-008961,B0C2JF5179,4.0,true,none
CR-008962,B0C2JF5179,1.0,false,none
CR-008963,B0C2JF5179,5.0,true,none
CR-008964,B0928JNZYD,1.0,false,none
CR-008965,B0C2JF5179,5.0,true,none
CR-008966,B07VXKR2L4,4.0,true,none
CR-008967,B0C2JF5179,5.0,true,none
CR-008968,B07ZPLXB54,5.0,true,none
CR-008969,B0C2JF5179,2.0,true,none
CR-008970,B07R81N4X9,4.0,true,none
CR-008971,B0C2JF5179,5.0,true,reliability
CR-008972,B099GYT47Z,1.0,true,reliability
CR-008973,B093JYV9RR,5.0,true,none
CR-008974,B08X6Z3RJJ,1.0,true,none
CR-008975,B0BZPPXM8D,5.0,true,none
CR-008976,B08545DJMS,5.0,true,none
CR-008977,B0C2JF5179,5.0,true,none
CR-008978,B07VXKR2L4,2.0,true,none
CR-008979,B0C2JF5179,5.0,true,none
CR-008980,B0C2JF5179,5.0,true,none
CR-008981,B0C2JF5179,5.0,true,none
CR-008982,B088LYH3X4,2.0,true,none
CR-008983,B0C2JF5179,5.0,true,none
CR-008984,B0C2JF5179,5.0,true,none
CR-008985,B0C2JF5179,5.0,true,none
CR-008986,B0BZPPXM8D,5.0,true,none
CR-008987,B096S4GDY1,5.0,true,noise
CR-008988,B084GKPZ4V,5.0,true,none
CR-008989,B0057IKJPQ,5.0,true,none
CR-008990,B08QKRJJS1,4.0,true,none
CR-008991,B0C2JF5179,5.0,true,none
CR-008992,B0C2JF5179,3.0,true,none
CR-008993,B0C2JF5179,5.0,true,none
CR-008994,B07C1HTHY6,5.0,true,none
CR-008995,B084GKPZ4V,5.0,true,none
CR-008996,B0776XKZ1Y,5.0,true,none
CR-008997,B07B8LYNCX,5.0,true,none
CR-008998,B09F3Z9BH6,1.0,false,none
CR-008999,B095NX6YHK,3.0,true,none
CR-009000,B0C2JF5179,5.0,true,none
CR-009001,B0C2JF5179,5.0,true,none
CR-009002,B07B8LYNCX,3.0,true,none
CR-009003,B09DF9DD7X,5.0,true,none
CR-009004,B07DF9S6XN,5.0,true,none
CR-009005,B08545DJMS,5.0,true,none
CR-009006,B07VXKR2L4,5.0,true,none
CR-009007,B0C2JF5179,5.0,true,none
CR-009008,B0C2JF5179,5.0,true,none
CR-009009,B0BBV2Z7VG,5.0,true,none
CR-009010,B096S4GDY1,1.0,true,none
CR-009011,B0C2JF5179,5.0,true,none
CR-009012,B0C2JF5179,4.0,true,none
CR-009013,B007Y5B814,5.0,true,none
CR-009014,B0C2JF5179,5.0,true,none
CR-009015,B0C2JF5179,5.0,true,none
CR-009016,B0C2JF5179,5.0,true,none
CR-009017,B0C2JF5179,5.0,true,value_effectiveness
CR-009018,B07R81N4X9,1.0,true,none
CR-009019,B0C2JF5179,5.0,true,none
CR-009020,B07VXKR2L4,1.0,true,none
CR-009021,B0C2JF5179,1.0,true,none
CR-009022,B07VXKR2L4,1.0,true,none
CR-009023,B0C2JF5179,5.0,true,none
CR-009024,B0C2JF5179,5.0,true,none
CR-009025,B08QKRJJS1,5.0,true,none
CR-009026,B096L11T6T,1.0,false,none
CR-009027,B0C2JF5179,4.0,true,none
CR-009028,B092HL5T99,5.0,true,none
CR-009029,B08XKGR6KP,5.0,true,none
CR-009030,B0C2JF5179,5.0,true,none
CR-009031,B0C2JF5179,5.0,true,none
CR-009032,B09F3Z9BH6,1.0,true,none
CR-009033,B08QKRJJS1,5.0,true,none
CR-009034,B0C2JF5179,3.0,true,none
CR-009035,B0C2JF5179,5.0,true,none
CR-009036,B096S4GDY1,1.0,true,value_effectiveness
CR-009037,B0BZPPXM8D,1.0,true,reliability
CR-009038,B08RY5SWR5,5.0,true,none
CR-009039,B0C2JF5179,5.0,true,none
CR-009040,B07KXBX32V,1.0,true,none
CR-009041,B0C2JF5179,4.0,true,none
CR-009042,B0C2JF5179,1.0,true,none
CR-009043,B09F3Z9BH6,1.0,true,none
CR-009044,B0BZPPXM8D,5.0,true,none
CR-009045,B0C2JF5179,5.0,true,none
CR-009046,B0C2JF5179,5.0,true,none
CR-009047,B01GXFY0KQ,5.0,true,none
CR-009048,B0C2JF5179,5.0,true,none
CR-009049,B0C2JF5179,5.0,true,none
CR-009050,B0C2JF5179,5.0,true,none
CR-009051,B08QKRJJS1,5.0,true,none
CR-009052,B0BBV2Z7VG,1.0,false,none
CR-009053,B094HBWLYC,5.0,true,none
CR-009054,B0C2JF5179,5.0,true,none
CR-009055,B0C2JF5179,4.0,true,none
CR-009056,B009CAUR6G,1.0,true,none
CR-009057,B093JYV9RR,1.0,true,none
CR-009058,B0C2JF5179,4.0,true,ozone_odor_safety
CR-009059,B0C2JF5179,5.0,true,none
CR-009060,B08XKGR6KP,5.0,true,none
CR-009061,B0C2JF5179,1.0,true,none
CR-009062,B096L11T6T,5.0,true,none
CR-009063,B08P8PRG2M,5.0,true,none
CR-009064,B0C2JF5179,1.0,true,none
CR-009065,B0C2JF5179,5.0,true,none
CR-009066,B09DF9DD7X,5.0,true,none
CR-009067,B0C2JF5179,3.0,true,ozone_odor_safety
CR-009068,B08P8PRG2M,5.0,true,none
CR-009069,B092HL5T99,1.0,false,none
CR-009070,B07R81N4X9,4.0,true,none
CR-009071,B0BBV2Z7VG,5.0,true,none
CR-009072,B09H4YT4V8,3.0,true,none
CR-009073,B09174JB7V,5.0,true,none
CR-009074,B0C2JF5179,5.0,true,none
CR-009075,B096L11T6T,5.0,true,none
CR-009076,B0915LHCS2,5.0,true,none
CR-009077,B0C2JF5179,5.0,true,none
CR-009078,B08545DJMS,5.0,true,none
CR-009079,B09DF9DD7X,4.0,true,noise
CR-009080,B0C2JF5179,5.0,true,none
CR-009081,B08QKRJJS1,5.0,true,none
CR-009082,B0C2JF5179,5.0,true,none
CR-009083,B0C2JF5179,5.0,true,none
CR-009084,B08545DJMS,1.0,true,none
CR-009085,B09F3Z9BH6,3.0,true,none
CR-009086,B08M5DLQ67,1.0,true,none
CR-009087,B0C2JF5179,5.0,true,none
CR-009088,B09GFHWXNV,5.0,true,none
CR-009089,B0C2JF5179,5.0,true,none
CR-009090,B07VXKR2L4,5.0,true,none
CR-009091,B093JYV9RR,5.0,true,none
CR-009092,B093JYV9RR,5.0,true,none
CR-009093,B08545DJMS,5.0,true,none
CR-009094,B09SPP6LPQ,1.0,false,none
CR-009095,B096L11T6T,4.0,true,none
CR-009096,B08F2QHBFB,5.0,true,none
CR-009097,B09F3Z9BH6,1.0,true,none
CR-009098,B09SPP6LPQ,5.0,true,none
CR-009099,B0C2JF5179,4.0,true,none
CR-009100,B0C2JF5179,4.0,true,none
CR-009101,B0C2JF5179,5.0,true,none
CR-009102,B09SPP6LPQ,5.0,true,none
CR-009103,B0C2JF5179,2.0,true,none
CR-009104,B0C2JF5179,1.0,true,none
CR-009105,B0C2JF5179,5.0,true,none
CR-009106,B0C2JF5179,5.0,true,none
CR-009107,B0C2JF5179,4.0,true,none
CR-009108,B093JYV9RR,3.0,true,none
CR-009109,B0C2JF5179,1.0,true,none
CR-009110,B0C2JF5179,4.0,true,none
CR-009111,B08545DJMS,4.0,true,none
CR-009112,B08FD4MR1Z,5.0,true,none
CR-009113,B08545DJMS,1.0,true,none
CR-009114,B07VXKR2L4,1.0,true,reliability
CR-009115,B01GXFY0KQ,5.0,true,none
CR-009116,B0C2JF5179,4.0,true,none
CR-009117,B07R81N4X9,5.0,true,none
CR-009118,B0C2JF5179,5.0,true,none
CR-009119,B07R81N4X9,5.0,true,none
CR-009120,B0C2JF5179,5.0,true,none
CR-009121,B072KHQD1N,5.0,true,none
CR-009122,B0C2JF5179,4.0,true,none
CR-009123,B0C2JF5179,1.0,true,none
CR-009124,B09F3Z9BH6,1.0,true,none
CR-009125,B08SV1GSJB,4.0,true,ozone_odor_safety
CR-009126,B0C2JF5179,5.0,true,none
CR-009127,B0C2JF5179,5.0,true,none
CR-009128,B09SPP6LPQ,5.0,true,none
CR-009129,B08XKGR6KP,3.0,true,none
CR-009130,B094HBWLYC,3.0,true,none
CR-009131,B07ZPLXB54,5.0,true,none
CR-009132,B0BZPPXM8D,4.0,true,none
CR-009133,B000N1HZ2W,1.0,true,none
CR-009134,B094HBWLYC,1.0,true,reliability
CR-009135,B0BZPPXM8D,1.0,true,none
CR-009136,B0C2JF5179,1.0,true,value_effectiveness
CR-009137,B0C2JF5179,5.0,true,none
CR-009138,B0C2JF5179,5.0,true,none
CR-009139,B0C2JF5179,5.0,true,none
CR-009140,B0C2JF5179,5.0,true,none
CR-009141,B071HMNTPM,5.0,true,none
CR-009142,B0C2JF5179,5.0,true,none
CR-009143,B08SV1GSJB,1.0,true,none
CR-009144,B08X6Z3RJJ,5.0,true,none
CR-009145,B08QKRJJS1,4.0,true,none
CR-009146,B08QKRJJS1,4.0,true,none
CR-009147,B009CAUR6G,2.0,true,reliability
CR-009148,B08SV1GSJB,5.0,true,none
CR-009149,B08545DJMS,5.0,true,none
CR-009150,B094HBWLYC,1.0,true,none
CR-009151,B09DF9DD7X,5.0,true,none
CR-009152,B08XKGR6KP,2.0,true,none
CR-009153,B09SPP6LPQ,2.0,true,noise
CR-009154,B0C2JF5179,4.0,true,none
CR-009155,B0C2JF5179,5.0,true,none
CR-009156,B09H4YT4V8,3.0,true,none
CR-009157,B0C2JF5179,5.0,true,none
CR-009158,B08QKRJJS1,5.0,true,none
CR-009159,B0BZPPXM8D,2.0,true,none
CR-009160,B09DF9DD7X,4.0,true,none
CR-009161,B07R81N4X9,5.0,true,none
CR-009162,B09DF9DD7X,5.0,true,none
CR-009163,B09F3Z9BH6,1.0,true,none
CR-009164,B0B6BKDVLL,5.0,true,noise
CR-009165,B0C2JF5179,5.0,true,none
CR-009166,B08XKGR6KP,1.0,true,reliability
CR-009167,B0C2JF5179,5.0,true,none
CR-009168,B0C2JF5179,2.0,true,none
CR-009169,B0C2JF5179,5.0,true,none
CR-009170,B0C2JF5179,5.0,true,none
CR-009171,B0C2JF5179,5.0,true,none
CR-009172,B0915LHCS2,4.0,true,none
CR-009173,B08QKRJJS1,5.0,true,none
CR-009174,B0C2JF5179,5.0,true,none
CR-009175,B08SV1GSJB,3.0,true,none
CR-009176,B09F3Z9BH6,5.0,true,none
CR-009177,B08T6X46YL,1.0,true,none
CR-009178,B0B2DX3SNN,5.0,true,none
CR-009179,B09F3Z9BH6,2.0,true,none
CR-009180,B093JYV9RR,1.0,true,none
CR-009181,B096L11T6T,5.0,false,none
CR-009182,B08XKGR6KP,4.0,true,none
CR-009183,B08F2QHBFB,5.0,true,none
CR-009184,B09K7CD8XS,5.0,true,none
CR-009185,B07VXKR2L4,5.0,true,none
CR-009186,B096L11T6T,5.0,true,none
CR-009187,B08545DJMS,1.0,true,none
CR-009188,B0C2JF5179,1.0,true,reliability
CR-009189,B07DK5NSY1,1.0,true,value_effectiveness
CR-009190,B0BZPPXM8D,5.0,false,none
CR-009191,B08XKGR6KP,1.0,true,none
CR-009192,B094HBWLYC,1.0,true,customer_service
CR-009193,B0C2JF5179,5.0,true,none
CR-009194,B07KXBX32V,5.0,true,none
CR-009195,B094HBWLYC,5.0,true,none
CR-009196,B094D1V4KL,1.0,true,reliability
CR-009197,B09174JB7V,5.0,true,none
CR-009198,B09BNY1K8Y,5.0,true,none
CR-009199,B08T6X46YL,5.0,true,none
CR-009200,B08QKRJJS1,5.0,true,none
CR-009201,B0C2JF5179,3.0,true,none
CR-009202,B09174JB7V,3.0,true,none
CR-009203,B0BBV2Z7VG,5.0,true,none
CR-009204,B0C2JF5179,5.0,true,none
CR-009205,B0BZPPXM8D,2.0,true,none
CR-009206,B0C2JF5179,5.0,true,none
CR-009207,B08FD4MR1Z,5.0,true,none
CR-009208,B0C2JF5179,5.0,true,none
CR-009209,B09DF9DD7X,5.0,true,none
CR-009210,B0C2JF5179,5.0,true,none
CR-009211,B08XKGR6KP,3.0,true,none
CR-009212,B0C2JF5179,5.0,true,none
CR-009213,B071HMNTPM,3.0,true,noise
CR-009214,B0928JNZYD,4.0,true,none
CR-009215,B09S6P81TB,5.0,true,none
CR-009216,B0C2JF5179,5.0,true,none
CR-009217,B0B6BKDVLL,5.0,true,none
CR-009218,B0B6BKDVLL,4.0,true,noise
CR-009219,B0BZPPXM8D,1.0,true,reliability
CR-009220,B09H4YT4V8,4.0,true,none
CR-009221,B0C2JF5179,5.0,true,none
CR-009222,B0BZPPXM8D,5.0,true,none
CR-009223,B07R5WX77Y,5.0,true,none
CR-009224,B08SV1GSJB,1.0,true,none
CR-009225,B09K7CD8XS,1.0,true,noise
CR-009226,B09PVBZ2RL,5.0,true,none
CR-009227,B01GXFY0KQ,5.0,true,none
CR-009228,B08FD4MR1Z,4.0,true,none
CR-009229,B0C2JF5179,5.0,true,reliability
CR-009230,B092HL5T99,4.0,true,none
CR-009231,B0C2JF5179,5.0,true,none
CR-009232,B093JYV9RR,5.0,true,none
CR-009234,B0C2JF5179,2.0,true,none
CR-009235,B0C2JF5179,3.0,true,none
CR-009236,B09PVBZ2RL,5.0,true,none
CR-009237,B0C2JF5179,2.0,true,none
CR-009238,B0776XKZ1Y,5.0,true,none
CR-009239,B096S4GDY1,3.0,true,none
CR-009240,B09PVBZ2RL,5.0,true,none
CR-009241,B09H4YT4V8,2.0,true,none
CR-009242,B0C2JF5179,1.0,false,none
CR-009243,B0C2JF5179,5.0,true,none
CR-009244,B09H4YT4V8,5.0,true,none
CR-009245,B09PVBZ2RL,1.0,true,none
CR-009246,B0C2JF5179,5.0,true,none
CR-009247,B096N8ZYCV,5.0,true,none
CR-009248,B0C2JF5179,2.0,true,none
CR-009249,B08XKGR6KP,2.0,true,none
CR-009250,B09F3Z9BH6,3.0,true,none
CR-009251,B09PVBZ2RL,5.0,true,none
CR-009252,B094HBWLYC,5.0,true,none
CR-009253,B0BBV2Z7VG,2.0,true,none
CR-009254,B08XKGR6KP,2.0,true,none
CR-009255,B08QKRJJS1,1.0,true,none
CR-009256,B07R81N4X9,5.0,true,none
CR-009257,B0C2JF5179,5.0,true,none
CR-009258,B07DF9S6XN,1.0,true,none
CR-009259,B07R81N4X9,5.0,true,none
CR-009260,B09S6P81TB,1.0,true,none
CR-009261,B07VXKR2L4,2.0,true,noise
CR-009262,B0C2JF5179,5.0,true,none
CR-009263,B07VXKR2L4,1.0,true,none
CR-009264,B07VXKR2L4,1.0,false,none
CR-009265,B08F2QHBFB,5.0,true,none
CR-009266,B09H4YT4V8,1.0,true,none
CR-009267,B094HBWLYC,5.0,true,none
CR-009268,B0C2JF5179,5.0,true,none
CR-009269,B071DXQ1RV,3.0,true,noise
CR-009270,B0C2JF5179,1.0,true,noise
CR-009271,B096N8ZYCV,5.0,true,none
CR-009272,B09S6P81TB,5.0,true,none
CR-009273,B08QKRJJS1,5.0,true,none
CR-009274,B084GKPZ4V,3.0,true,none
CR-009275,B0C2JF5179,5.0,true,none
CR-009276,B07B8LYNCX,5.0,true,none
CR-009277,B07C1HTHY6,5.0,true,none
CR-009278,B08QKRJJS1,5.0,true,none
CR-009279,B0C2JF5179,5.0,true,none
CR-009280,B086SN7JT9,1.0,true,none
CR-009281,B0C2JF5179,5.0,false,none
CR-009282,B0C2JF5179,5.0,true,none
CR-009283,B0C2JF5179,5.0,true,none
CR-009284,B08QKRJJS1,5.0,true,none
CR-009285,B09K7CD8XS,5.0,true,none
CR-009286,B0BZPPXM8D,5.0,true,none
CR-009287,B08545DJMS,1.0,true,none
CR-009288,B0C2JF5179,5.0,true,none
CR-009289,B093JYV9RR,5.0,true,none
CR-009290,B084GKPZ4V,4.0,true,none
CR-009291,B0C2JF5179,5.0,true,none
CR-009292,B07R81N4X9,5.0,true,none
CR-009293,B0C2JF5179,5.0,true,none
CR-009294,B08XKGR6KP,5.0,true,none
CR-009295,B09DF9DD7X,5.0,true,none
CR-009296,B0BBV2Z7VG,5.0,true,none
CR-009297,B096L11T6T,3.0,true,none
CR-009298,B084GKPZ4V,5.0,true,none
CR-009299,B084GKPZ4V,1.0,true,none
CR-009300,B09TR25X7R,4.0,true,none
CR-009301,B0C2JF5179,5.0,true,none
CR-009302,B08KKWBJBS,1.0,true,none
CR-009303,B07ZPLXB54,1.0,true,reliability
CR-009304,B0C2JF5179,5.0,true,none
CR-009305,B07V51FWN8,1.0,true,filter_cost
CR-009306,B071HMNTPM,5.0,true,none
CR-009307,B08QKRJJS1,5.0,true,none
CR-009308,B09DF9DD7X,2.0,true,reliability
CR-009309,B09PVBZ2RL,3.0,true,none
CR-009310,B0C2JF5179,5.0,true,none
CR-009311,B07DF9S6XN,5.0,true,none
CR-009312,B09PVBZ2RL,2.0,true,none
CR-009313,B08QKRJJS1,5.0,true,none
CR-009314,B099GYT47Z,3.0,true,none
CR-009315,B0C2JF5179,5.0,true,none
CR-009316,B086SN7JT9,5.0,true,none
CR-009317,B09TR25X7R,4.0,true,none
CR-009318,B09174JB7V,1.0,true,none
CR-009319,B07ZPLXB54,1.0,true,filter_cost
CR-009320,B08545DJMS,1.0,true,none
CR-009321,B094HBWLYC,5.0,true,none
CR-009322,B07C1HTHY6,5.0,true,none
CR-009323,B0C2JF5179,4.0,true,none
CR-009324,B099GYT47Z,3.0,true,none
CR-009325,B082Y2PK2G,1.0,true,none
CR-009326,B096L11T6T,5.0,true,none
CR-009327,B093JYV9RR,2.0,true,none
CR-009328,B08QKRJJS1,5.0,true,none
CR-009329,B0C2JF5179,4.0,true,none
CR-009330,B08QKRJJS1,5.0,true,none
CR-009331,B0C2JF5179,5.0,true,none
CR-009332,B09Y1LCDPR,5.0,true,none
CR-009333,B0C2JF5179,3.0,true,none
CR-009334,B08QKRJJS1,5.0,true,none
CR-009335,B093JYV9RR,5.0,true,none
CR-009336,B0C2JF5179,5.0,true,none
CR-009337,B07ZPLXB54,2.0,true,none
CR-009338,B0C2JF5179,2.0,true,none
CR-009339,B093JYV9RR,5.0,true,none
CR-009340,B093JYV9RR,5.0,true,none
CR-009341,B07R81N4X9,5.0,true,none
CR-009342,B09PVBZ2RL,5.0,true,none
CR-009343,B0C2JF5179,5.0,true,none
CR-009344,B08545DJMS,4.0,true,none
CR-009345,B0C2JF5179,5.0,true,none
CR-009346,B08QKRJJS1,5.0,true,none
CR-009347,B0C2JF5179,5.0,true,none
CR-009348,B0C2JF5179,4.0,true,none
CR-009349,B0C2JF5179,5.0,true,none
CR-009350,B0C2JF5179,3.0,true,none
CR-009351,B08G84Y3QQ,3.0,true,none
CR-009352,B09Y1LCDPR,5.0,true,none
CR-009353,B0C2JF5179,5.0,true,none
CR-009354,B00X67EJI8,5.0,true,none
CR-009355,B0C2JF5179,1.0,true,none
CR-009356,B09DF9DD7X,1.0,true,none
CR-009357,B0928JNZYD,5.0,true,none
CR-009358,B000HECMEG,5.0,true,none
CR-009359,B09Y1LCDPR,5.0,true,none
CR-009360,B09Y1LCDPR,5.0,true,none
CR-009361,B09DF9DD7X,4.0,true,noise
CR-009362,B0C2JF5179,4.0,true,none
CR-009363,B093JYV9RR,3.0,true,none
CR-009364,B071HMNTPM,5.0,true,none
CR-009365,B08SV1GSJB,1.0,false,none
CR-009366,B07VXKR2L4,5.0,true,none
CR-009367,B09DF9DD7X,5.0,true,none
CR-009368,B09DF9DD7X,5.0,true,none
CR-009369,B07DF9S6XN,5.0,true,none
CR-009370,B0C2JF5179,3.0,true,ozone_odor_safety
CR-009371,B093JYV9RR,3.0,true,none
CR-009372,B09XN6HKX7,5.0,true,none
CR-009373,B096L11T6T,1.0,true,value_effectiveness
CR-009374,B08SV1GSJB,1.0,true,reliability
CR-009375,B0C2JF5179,1.0,true,value_effectiveness
CR-009376,B08QKRJJS1,5.0,true,none
CR-009377,B071DXQ1RV,3.0,true,none
CR-009378,B09XN6HKX7,4.0,true,none
CR-009379,B0C2JF5179,1.0,true,none
CR-009380,B096L11T6T,2.0,true,none
CR-009381,B08XKGR6KP,3.0,true,none
CR-009382,B084GKPZ4V,5.0,true,none
CR-009383,B071HMNTPM,3.0,true,none
CR-009384,B071HMNTPM,5.0,true,none
CR-009385,B09BNY1K8Y,1.0,true,none
CR-009386,B0C2JF5179,5.0,true,none
CR-009387,B01GXFY0KQ,5.0,true,none
CR-009388,B07R81N4X9,5.0,true,none
CR-009389,B093JYV9RR,5.0,true,none
CR-009390,B0C2JF5179,5.0,true,none
CR-009391,B0BBV2Z7VG,1.0,false,none
CR-009392,B09DF9DD7X,5.0,true,none
CR-009393,B0C2JF5179,5.0,true,none
CR-009394,B071HMNTPM,5.0,true,none
CR-009395,B08VTFQ8Z2,5.0,true,none
CR-009396,B0C2JF5179,2.0,true,none
CR-009397,B09PVBZ2RL,5.0,true,none
CR-009398,B0C2JF5179,5.0,true,none
CR-009399,B071HMNTPM,5.0,true,noise
CR-009400,B07R81N4X9,5.0,true,none
CR-009401,B09BNY1K8Y,2.0,true,none
CR-009402,B071HMNTPM,5.0,true,none
CR-009403,B08RY5SWR5,5.0,true,none
CR-009404,B0C2JF5179,5.0,true,none
CR-009405,B09BNY1K8Y,5.0,true,none
CR-009406,B08F2QHBFB,5.0,true,none
CR-009407,B0C2JF5179,5.0,true,none
CR-009408,B09S6P81TB,5.0,true,none
CR-009409,B09XN6HKX7,5.0,true,none
CR-009410,B07R81N4X9,5.0,true,none
CR-009411,B071HMNTPM,2.0,true,noise
CR-009412,B071HMNTPM,2.0,true,none
CR-009413,B071HMNTPM,2.0,true,noise
CR-009414,B096L11T6T,1.0,true,none
CR-009415,B0B6BKDVLL,5.0,true,none
CR-009416,B0B1JLBSWM,5.0,true,none
CR-009417,B0B6BKDVLL,5.0,true,none
CR-009418,B071HMNTPM,2.0,true,none
CR-009419,B071HMNTPM,5.0,true,none
CR-009420,B0C2JF5179,5.0,true,none
CR-009421,B071DXQ1RV,3.0,true,reliability
CR-009422,B0C2JF5179,5.0,true,none
CR-009423,B0C2JF5179,5.0,true,none
CR-009424,B093JYV9RR,5.0,true,none
CR-009425,B071DXQ1RV,1.0,false,none
CR-009426,B09VD8FMH6,5.0,true,none
CR-009427,B08545DJMS,2.0,true,none
CR-009428,B0C2JF5179,5.0,true,none
CR-009429,B0B6BKDVLL,5.0,true,none
CR-009430,B094HBWLYC,5.0,true,none
CR-009431,B093JYV9RR,4.0,true,none
CR-009432,B0BZPPXM8D,1.0,true,none
CR-009433,B0B1JLBSWM,5.0,true,none
CR-009434,B096L11T6T,1.0,false,none
CR-009435,B009CAUR6G,5.0,true,none
CR-009436,B099GYT47Z,5.0,true,noise
CR-009437,B0C2JF5179,5.0,true,none
CR-009438,B07KXBX32V,5.0,true,none
CR-009439,B09F3Z9BH6,1.0,true,none
CR-009440,B0C2JF5179,5.0,true,none
CR-009441,B09F3Z9BH6,1.0,false,none
CR-009442,B09PVBZ2RL,5.0,false,none
CR-009443,B08QKRJJS1,5.0,true,none
CR-009444,B07DK5NSY1,5.0,true,none
CR-009445,B0C2JF5179,1.0,true,none
CR-009446,B08T6X46YL,5.0,true,none
CR-009447,B08QKRJJS1,3.0,true,none
CR-009448,B08XKGR6KP,5.0,true,none
CR-009449,B093JYV9RR,5.0,true,none
CR-009450,B08XKGR6KP,5.0,true,none
CR-009451,B09PVBZ2RL,5.0,true,none
CR-009452,B09XN6HKX7,1.0,true,none
CR-009453,B07PWDTF8B,5.0,true,none
CR-009454,B07DF9S6XN,1.0,true,none
CR-009455,B09K7CD8XS,3.0,true,none
CR-009456,B09WX6DRW6,5.0,true,none
CR-009457,B0C2JF5179,5.0,true,none
CR-009458,B071HMNTPM,1.0,true,none
CR-009459,B08X6Z3RJJ,5.0,true,none
CR-009460,B0915LHCS2,5.0,true,none
CR-009461,B0C2JF5179,4.0,true,none
CR-009462,B0C2JF5179,4.0,true,none
CR-009463,B07R81N4X9,5.0,true,none
CR-009464,B0C2JF5179,5.0,true,none
CR-009465,B0B9SPRQFH,5.0,true,none
CR-009466,B0C2JF5179,5.0,true,none
CR-009467,B08QKRJJS1,5.0,true,none
CR-009468,B09PVBZ2RL,5.0,true,none
CR-009469,B003RYPPO2,5.0,true,none
CR-009470,B0BZT2NV6K,5.0,true,none
CR-009471,B09PVBZ2RL,5.0,true,none
CR-009472,B09WX6DRW6,4.0,true,none
CR-009473,B0C2JF5179,4.0,true,none
CR-009474,B093JYV9RR,5.0,true,noise
CR-009475,B0C2JF5179,5.0,true,none
CR-009476,B08SV1GSJB,4.0,true,none
CR-009477,B09TR25X7R,4.0,true,none
CR-009478,B0B49241Y2,5.0,true,none
CR-009479,B09PVBZ2RL,5.0,true,none
CR-009480,B0C2JF5179,5.0,true,none
CR-009481,B071HMNTPM,3.0,true,none
CR-009482,B071HMNTPM,5.0,true,none
CR-009483,B0C2JF5179,1.0,true,none
CR-009484,B0C2JF5179,5.0,true,none
CR-009485,B09XN6HKX7,5.0,true,none
CR-009486,B07R81N4X9,5.0,true,none
CR-009487,B09KCJJ4NQ,5.0,true,none
CR-009488,B0BZT2NV6K,5.0,true,none
CR-009489,B071HMNTPM,2.0,true,none
CR-009490,B0B6BKDVLL,5.0,true,none
CR-009491,B07VXKR2L4,1.0,false,none
CR-009492,B09XN6HKX7,5.0,true,none
CR-009493,B0C2JF5179,1.0,true,none
CR-009494,B08SV1GSJB,5.0,true,none
CR-009495,B0C2JF5179,5.0,true,none
CR-009496,B093JYV9RR,3.0,true,none
CR-009497,B0B6BKDVLL,5.0,true,none
CR-009498,B09DF9DD7X,5.0,true,none
CR-009499,B071HMNTPM,5.0,true,none
CR-009500,B099GYT47Z,1.0,false,none
CR-009501,B0C2JF5179,5.0,true,noise
CR-009502,B0B1JLBSWM,3.0,true,none
CR-009503,B09H4YT4V8,3.0,true,none
CR-009504,B096L11T6T,5.0,false,none
CR-009505,B0C2JF5179,1.0,true,none
CR-009506,B0BZT2NV6K,5.0,true,none
CR-009507,B091HLF49Q,4.0,true,none
CR-009508,B0C2JF5179,5.0,true,none
CR-009509,B07V51FWN8,1.0,true,none
CR-009510,B071HMNTPM,5.0,true,none
CR-009511,B09PVBZ2RL,5.0,true,none
CR-009512,B0B9SPRQFH,5.0,true,none
CR-009513,B09PVBZ2RL,5.0,true,none
CR-009514,B071HMNTPM,2.0,true,noise
CR-009515,B08QKRJJS1,5.0,true,none
CR-009516,B08XKGR6KP,5.0,true,none
CR-009517,B09DF9DD7X,5.0,true,none
CR-009518,B0BZT2NV6K,5.0,true,none
CR-009519,B0C2JF5179,5.0,true,none
CR-009520,B0B9SPRQFH,5.0,true,none
CR-009521,B07B8LYNCX,1.0,true,ozone_odor_safety
CR-009522,B09PVBZ2RL,4.0,true,none
CR-009523,B0BZT2NV6K,5.0,true,none
CR-009524,B0C2JF5179,5.0,true,none
CR-009526,B08XKGR6KP,3.0,true,none
CR-009527,B0BZT2NV6K,5.0,true,none
CR-009528,B09DF9DD7X,1.0,true,none
CR-009529,B0C2JF5179,3.0,true,none
CR-009530,B096L11T6T,5.0,true,none
CR-009531,B0B6BKDVLL,5.0,true,none
CR-009532,B07DK5NSY1,5.0,true,none
CR-009533,B0C2JF5179,5.0,true,none
CR-009534,B071HMNTPM,5.0,true,none
CR-009535,B071HMNTPM,2.0,true,none
CR-009536,B071DXQ1RV,3.0,true,none
CR-009537,B0C2JF5179,5.0,true,none
CR-009538,B09PVBZ2RL,2.0,true,none
CR-009539,B0B49241Y2,4.0,true,noise
CR-009540,B09XN6HKX7,5.0,true,none
CR-009541,B09DF9DD7X,1.0,false,none
CR-009542,B08FD4MR1Z,5.0,true,none
CR-009543,B0B49241Y2,4.0,true,none
CR-009544,B01GXFY0KQ,5.0,true,none
CR-009545,B09XN6HKX7,5.0,true,none
CR-009546,B000HECMEG,5.0,true,none
CR-009547,B0C2JF5179,5.0,true,none
CR-009548,B0B9SPRQFH,5.0,true,none
CR-009549,B08VTFQ8Z2,3.0,true,noise
CR-009550,B0B9SPRQFH,5.0,true,none
CR-009551,B0BZT2NV6K,5.0,true,none
CR-009552,B0BZPPXM8D,1.0,true,none
CR-009553,B0C2JF5179,5.0,true,none
CR-009554,B08QKRJJS1,5.0,true,none
CR-009555,B08QKRJJS1,1.0,false,none
CR-009556,B09XN6HKX7,5.0,true,none
CR-009557,B08QKRJJS1,5.0,true,none
CR-009558,B0BZT2NV6K,4.0,true,none
CR-009559,B071HMNTPM,5.0,true,reliability
CR-009560,B071HMNTPM,5.0,true,none
CR-009561,B096L11T6T,5.0,true,none
CR-009562,B071HMNTPM,5.0,true,none
CR-009563,B0C2JF5179,5.0,true,none
CR-009564,B09K7CD8XS,5.0,true,none
CR-009565,B084GKPZ4V,5.0,true,none
CR-009566,B071HMNTPM,5.0,true,none
CR-009567,B09XN6HKX7,3.0,true,none
CR-009568,B0C2JF5179,2.0,true,none
CR-009569,B084GKPZ4V,1.0,true,none
CR-009570,B0B49241Y2,5.0,true,none
CR-009571,B0C2JF5179,3.0,true,none
CR-009572,B0C2JF5179,2.0,true,none
CR-009573,B09BNY1K8Y,1.0,true,none
CR-009574,B0C2JF5179,5.0,true,none
CR-009575,B0C2JF5179,5.0,true,none
CR-009576,B0C7PKQTQM,5.0,true,none
CR-009577,B0C2JF5179,5.0,true,none
CR-009578,B0BZT2NV6K,3.0,true,none
CR-009579,B0776XKZ1Y,3.0,true,none
CR-009580,B08QKRJJS1,5.0,true,none
CR-009581,B071HMNTPM,4.0,true,noise
CR-009582,B08QKRJJS1,5.0,true,none
CR-009583,B071HMNTPM,2.0,true,none
CR-009584,B071HMNTPM,5.0,true,none
CR-009585,B071HMNTPM,4.0,true,none
CR-009586,B09S6P81TB,5.0,true,none
CR-009587,B07VXKR2L4,5.0,true,none
CR-009588,B0C7PKQTQM,5.0,true,none
CR-009589,B0C6TWG795,5.0,true,noise
CR-009590,B093JYV9RR,5.0,true,none
CR-009591,B07VXKR2L4,5.0,false,ozone_odor_safety
CR-009592,B0BZPPXM8D,5.0,true,none
CR-009593,B08CVR388H,5.0,true,none
CR-009594,B0C2JF5179,4.0,true,none
CR-009595,B0C2JF5179,1.0,true,none
CR-009596,B0BZT2NV6K,5.0,true,none
CR-009597,B07R81N4X9,5.0,true,none
CR-009598,B07QPNSQJ5,4.0,true,none
CR-009599,B093JYV9RR,5.0,true,none
CR-009600,B0C7PKQTQM,5.0,true,none
CR-009601,B0C7PKQTQM,5.0,true,none
CR-009602,B071HMNTPM,3.0,true,none
CR-009603,B0B6BKDVLL,2.0,true,none
CR-009604,B0C2JF5179,1.0,true,none
CR-009605,B08XKGR6KP,4.0,true,noise
CR-009606,B0B6BKDVLL,5.0,true,none
CR-009607,B09BNY1K8Y,1.0,true,none
CR-009608,B0C6TWG795,3.0,true,none
CR-009609,B071HMNTPM,1.0,true,value_effectiveness
CR-009610,B0C2JF5179,5.0,true,none
CR-009611,B093JYV9RR,1.0,true,reliability
CR-009612,B09H4YT4V8,5.0,true,none
CR-009613,B0B9SPRQFH,5.0,true,none
CR-009614,B0BZT2NV6K,5.0,true,none
CR-009615,B0C2JF5179,5.0,true,none
CR-009616,B0088EKCYY,5.0,true,none
CR-009617,B0C7PKQTQM,5.0,true,none
CR-009618,B08QKRJJS1,5.0,true,none
CR-009619,B08XKGR6KP,5.0,true,none
CR-009620,B0B9SPRQFH,4.0,true,none
CR-009621,B0B6BKDVLL,5.0,true,none
CR-009622,B0776XKZ1Y,5.0,true,none
CR-009623,B093JYV9RR,1.0,true,none
CR-009624,B0C2JF5179,5.0,true,none
CR-009625,B0B49241Y2,5.0,true,noise
CR-009626,B099GYT47Z,1.0,true,none
CR-009627,B07R81N4X9,5.0,true,none
CR-009628,B0C6TWG795,5.0,true,none
CR-009629,B0B9SPRQFH,5.0,true,none
CR-009630,B09VD8FMH6,4.0,true,none
CR-009631,B0B9SPRQFH,5.0,true,none
CR-009632,B0C6TWG795,5.0,true,none
CR-009633,B08QKRJJS1,5.0,true,none
CR-009634,B09PVBZ2RL,2.0,true,none
CR-009635,B0C6TWG795,5.0,true,none
CR-009636,B0C6TWG795,5.0,true,none
CR-009637,B09DF9DD7X,5.0,false,noise
CR-009638,B009CAUR6G,5.0,true,none
CR-009639,B096L11T6T,1.0,true,value_effectiveness
CR-009640,B071HMNTPM,5.0,true,none
CR-009641,B0B6BKDVLL,4.0,true,noise
CR-009642,B0B9SPRQFH,5.0,true,none
CR-009643,B0C7PKQTQM,4.0,true,none
CR-009644,B0C2JF5179,5.0,true,none
CR-009645,B0B9SPRQFH,5.0,true,none
CR-009646,B0BZT2NV6K,5.0,true,none
CR-009647,B07B8LYNCX,5.0,true,none
CR-009648,B0C6TWG795,5.0,true,noise
CR-009649,B0C6TWG795,4.0,true,noise
CR-009650,B0C7PKQTQM,5.0,true,none
CR-009651,B084JMFDRC,5.0,true,none
CR-009652,B07R81N4X9,5.0,true,none
CR-009653,B071HMNTPM,3.0,true,none
CR-009654,B09SPP6LPQ,5.0,true,none
CR-009655,B0C2JF5179,1.0,true,customer_service
CR-009656,B0B5JKYS4Z,5.0,true,none
CR-009657,B09BNY1K8Y,5.0,true,none
CR-009658,B09PVBZ2RL,4.0,true,none
CR-009659,B0B5JKYS4Z,3.0,true,none
CR-009660,B09PVBZ2RL,5.0,true,none
CR-009661,B09PVBZ2RL,1.0,true,reliability
CR-009662,B071HMNTPM,5.0,true,noise
CR-009663,B071HMNTPM,5.0,true,none
CR-009664,B0BZT2NV6K,5.0,true,none
CR-009665,B099GYT47Z,5.0,true,none
CR-009666,B09BNY1K8Y,5.0,true,none
CR-009667,B084JMFDRC,5.0,true,none
CR-009668,B0B4WYPZP6,4.0,true,none
CR-009669,B096L11T6T,4.0,true,none
CR-009670,B084JMFDRC,5.0,true,none
CR-009671,B0B9SPRQFH,5.0,true,none
CR-009672,B0C2JF5179,1.0,true,none
CR-009673,B071HMNTPM,2.0,true,none
CR-009674,B071HMNTPM,5.0,true,none
CR-009675,B09BNY1K8Y,5.0,true,none
CR-009676,B09VD8FMH6,5.0,true,none
CR-009677,B0C6TWG795,5.0,true,none
CR-009678,B0C2JF5179,1.0,true,none
CR-009679,B09XN6HKX7,2.0,true,reliability
CR-009680,B0C2JF5179,4.0,true,none
CR-009681,B0B4WYPZP6,4.0,true,none
CR-009682,B071HMNTPM,2.0,true,none
CR-009683,B0C7PKQTQM,5.0,true,none
CR-009684,B0B5ZBG3L3,5.0,true,none
CR-009685,B0C2JF5179,1.0,true,none
CR-009686,B09K7CD8XS,1.0,true,none
CR-009687,B09WX6DRW6,3.0,true,noise
CR-009688,B07VXKR2L4,1.0,true,customer_service
CR-009689,B0BZT2NV6K,1.0,true,none
CR-009690,B09K7CD8XS,2.0,true,none
CR-009691,B0B9SPRQFH,4.0,true,none
CR-009692,B071HMNTPM,1.0,true,none
CR-009693,B09VD8FMH6,3.0,true,none
CR-009694,B0C7PKQTQM,3.0,true,none
CR-009695,B0BZT2NV6K,5.0,true,none
CR-009696,B0B5ZBG3L3,5.0,true,none
CR-009697,B071HMNTPM,1.0,true,none
CR-009698,B084JMFDRC,4.0,true,none
CR-009699,B08XKGR6KP,5.0,true,none
CR-009700,B0BZPPXM8D,5.0,true,none
CR-009701,B0C84GVDLH,5.0,true,none
CR-009702,B0C2JF5179,4.0,true,none
CR-009703,B0C2JF5179,5.0,true,none
CR-009704,B0C2JF5179,5.0,true,none
CR-009705,B09Y1LCDPR,5.0,true,none
CR-009706,B09Y1LCDPR,5.0,true,none
CR-009707,B09DF9DD7X,3.0,true,noise
CR-009708,B0C2JF5179,1.0,true,none
CR-009709,B0B5ZBG3L3,5.0,true,none
CR-009710,B09VD8FMH6,3.0,true,none
CR-009711,B0C2JF5179,5.0,true,none
CR-009712,B09VD8FMH6,5.0,true,none
CR-009713,B0B9SPRQFH,3.0,true,none
CR-009714,B0C2JF5179,2.0,true,none
CR-009715,B096N8ZYCV,5.0,true,none
CR-009716,B0C2JF5179,5.0,true,none
CR-009717,B071HMNTPM,5.0,true,none
CR-009718,B0BZT2NV6K,4.0,true,none
CR-009719,B0BZT2NV6K,5.0,true,none
CR-009720,B09F3Z9BH6,1.0,true,none
CR-009721,B0776XKZ1Y,1.0,true,none
CR-009722,B09Y1LCDPR,5.0,true,noise
CR-009723,B0BZT2NV6K,1.0,true,reliability
CR-009724,B08SV1GSJB,2.0,true,none
CR-009725,B08VTFQ8Z2,5.0,true,none
CR-009726,B099GYT47Z,1.0,true,none
CR-009727,B088LYH3X4,5.0,true,none
CR-009728,B0BBV2Z7VG,1.0,true,none
CR-009729,B0C6TWG795,5.0,true,none
CR-009730,B0C2JF5179,5.0,false,none
CR-009731,B0B6BKDVLL,4.0,true,none
CR-009732,B0C2JF5179,5.0,true,none
CR-009733,B0C7PKQTQM,5.0,true,none
CR-009734,B0C2JF5179,1.0,true,none
CR-009735,B0BZT2NV6K,5.0,true,none
CR-009736,B0C2JF5179,1.0,true,reliability
CR-009737,B0BZT2NV6K,5.0,true,none
CR-009738,B0C6TWG795,4.0,true,none
CR-009739,B08QKRJJS1,4.0,true,none
CR-009740,B0B4WYPZP6,5.0,true,none
CR-009741,B09VD8FMH6,5.0,true,none
CR-009742,B0C6TWG795,4.0,true,none
CR-009743,B0C6TWG795,5.0,true,none
CR-009744,B0C6TWG795,5.0,true,none
CR-009745,B0B9SPRQFH,1.0,true,none
CR-009746,B0C7PKQTQM,5.0,true,none
CR-009747,B0C2JF5179,5.0,true,none
CR-009748,B0C7PKQTQM,5.0,true,none
CR-009749,B0C2JF5179,4.0,true,none
CR-009750,B0C2JF5179,5.0,true,none
CR-009751,B0C6TWG795,5.0,true,none
CR-009752,B071HMNTPM,3.0,true,none
CR-009753,B07VXKR2L4,1.0,true,none
CR-009754,B0B4WYPZP6,5.0,true,none
CR-009755,B0C6TWG795,3.0,true,none
CR-009756,B071HMNTPM,5.0,true,none
CR-009757,B09VD8FMH6,2.0,true,noise
CR-009758,B093JYV9RR,5.0,true,none
CR-009759,B0B6BKDVLL,5.0,true,none
CR-009760,B093JYV9RR,4.0,true,none
CR-009761,B0BZT2NV6K,5.0,true,none
CR-009762,B0B4WYPZP6,4.0,true,none
CR-009763,B0B4WYPZP6,2.0,true,none
CR-009764,B0B4WYPZP6,3.0,true,none
CR-009765,B0C6TWG795,5.0,true,none
CR-009766,B0C2JF5179,5.0,true,none
CR-009767,B0C2JF5179,5.0,true,none
CR-009768,B0C2JF5179,1.0,true,customer_service
CR-009769,B09VD8FMH6,1.0,true,none
CR-009770,B09K7CD8XS,5.0,true,none
CR-009771,B0C6TWG795,5.0,true,none
CR-009772,B0C2JF5179,5.0,true,none
CR-009773,B0B9SPRQFH,5.0,true,none
CR-009774,B0BZT2NV6K,5.0,true,none
CR-009775,B0BZT2NV6K,5.0,true,none
CR-009776,B096L11T6T,3.0,true,none
CR-009777,B0C2JF5179,1.0,true,none
CR-009778,B071HMNTPM,5.0,true,none
CR-009779,B0B6BKDVLL,4.0,true,none
CR-009780,B08SV1GSJB,1.0,true,none
CR-009781,B0C2JF5179,5.0,true,none
CR-009782,B0BZT2NV6K,4.0,true,none
CR-009783,B07R81N4X9,1.0,true,none
CR-009784,B071HMNTPM,1.0,true,none
CR-009785,B09Y1LCDPR,5.0,true,none
CR-009786,B071HMNTPM,5.0,true,none
CR-009787,B0C84GVDLH,5.0,true,none
CR-009788,B0B4WYPZP6,5.0,true,none
CR-009789,B08XKGR6KP,2.0,true,none
CR-009790,B09K7CD8XS,5.0,true,none
CR-009791,B0C2JF5179,5.0,true,none
CR-009792,B088LYH3X4,1.0,true,value_effectiveness
CR-009793,B0C7PKQTQM,5.0,true,none
CR-009794,B0C2JF5179,2.0,true,none
CR-009795,B07DK5NSY1,5.0,true,none
CR-009796,B0C6TWG795,5.0,true,none
CR-009797,B07R81N4X9,5.0,true,none
CR-009798,B088LYH3X4,2.0,true,none
CR-009799,B0C6TWG795,5.0,true,none
CR-009800,B0C6TWG795,4.0,true,none
CR-009801,B0C6TWG795,4.0,true,none
CR-009802,B0C2JF5179,5.0,true,none
CR-009803,B0C6TWG795,3.0,true,none
CR-009804,B09BNY1K8Y,1.0,true,none
CR-009805,B09K7CD8XS,5.0,true,none
CR-009806,B0B2P3W1PJ,5.0,true,none
CR-009807,B093JYV9RR,1.0,true,none
CR-009808,B0C6TWG795,5.0,true,none
CR-009809,B0B9SPRQFH,5.0,true,none
CR-009810,B0C2JF5179,5.0,true,none
CR-009811,B0C6TWG795,5.0,true,none
CR-009812,B0C6TWG795,5.0,true,none
CR-009813,B0C6TWG795,5.0,true,noise
CR-009814,B0C2JF5179,5.0,true,none
CR-009815,B0BZT2NV6K,5.0,true,none
CR-009816,B0BZT2NV6K,1.0,false,none
CR-009817,B0C2JF5179,1.0,true,none
CR-009818,B0BZT2NV6K,4.0,true,none
CR-009819,B0C6TWG795,5.0,true,none
CR-009820,B0B4WYPZP6,5.0,true,none
CR-009821,B0C6TWG795,5.0,true,none
CR-009822,B0BZT2NV6K,5.0,true,none
CR-009823,B0C6TWG795,4.0,true,none
CR-009824,B0C2JF5179,5.0,true,none
CR-009825,B0BBV2Z7VG,5.0,true,none
CR-009826,B0B2P3W1PJ,5.0,true,none
CR-009827,B0B9SPRQFH,5.0,false,none
CR-009828,B08DP4F8HX,5.0,true,none
CR-009829,B0BZT2NV6K,5.0,true,none
CR-009830,B0B4WYPZP6,4.0,true,none
CR-009831,B08SV1GSJB,5.0,true,none
CR-009832,B0BZT2NV6K,4.0,true,none
CR-009833,B07DK5NSY1,3.0,true,noise
CR-009834,B0C6TWG795,5.0,true,none
CR-009835,B084GKPZ4V,1.0,true,none
CR-009836,B0C6TWG795,5.0,true,none
CR-009837,B0C2JF5179,5.0,true,none
CR-009838,B0B4WYPZP6,5.0,true,none
CR-009839,B0C6TWG795,5.0,true,none
CR-009840,B0BZT2NV6K,3.0,true,none
CR-009841,B09K7CD8XS,5.0,true,none
CR-009842,B0C2JF5179,1.0,true,noise
CR-009843,B09K7CD8XS,1.0,true,none
CR-009844,B0C6TWG795,5.0,true,none
CR-009845,B0B7VN1NBH,5.0,true,noise
CR-009846,B0BZT2NV6K,5.0,true,none
CR-009847,B0B2P3W1PJ,5.0,true,none
CR-009848,B0B2P3W1PJ,5.0,true,none
CR-009849,B0B4WYPZP6,5.0,true,none
CR-009850,B08VTFQ8Z2,5.0,true,none
CR-009851,B0C2JF5179,5.0,true,none
CR-009852,B0B2P3W1PJ,4.0,true,none
CR-009853,B0C2JF5179,5.0,true,none
CR-009854,B0B2P3W1PJ,5.0,true,noise
CR-009855,B093JYV9RR,5.0,true,none
CR-009856,B084GKPZ4V,5.0,true,none
CR-009857,B0BZT2NV6K,5.0,true,none
CR-009858,B0B2P3W1PJ,4.0,true,noise
CR-009859,B0C2JF5179,5.0,true,none
CR-009860,B0B2P3W1PJ,5.0,true,none
CR-009861,B0B2P3W1PJ,4.0,true,none
CR-009862,B093JYV9RR,5.0,true,none
CR-009863,B0BZT2NV6K,5.0,true,none
CR-009864,B08P8PRG2M,5.0,true,none
CR-009865,B08VTFQ8Z2,5.0,true,none
CR-009866,B0B2P3W1PJ,3.0,true,noise
CR-009867,B0BZPPXM8D,3.0,true,none
CR-009868,B0B2P3W1PJ,4.0,true,none
CR-009869,B0B2P3W1PJ,5.0,true,none
CR-009870,B071HMNTPM,4.0,true,none
CR-009871,B0C2JF5179,5.0,true,none
CR-009872,B08FD4MR1Z,1.0,true,none
CR-009873,B0B2P3W1PJ,5.0,true,noise
CR-009874,B0B2P3W1PJ,3.0,true,noise
CR-009875,B07R81N4X9,5.0,true,none
CR-009876,B0C2JF5179,5.0,true,none
CR-009877,B0B2P3W1PJ,4.0,true,noise
CR-009878,B08FD4MR1Z,3.0,true,none
CR-009879,B0B7VN1NBH,4.0,true,noise
CR-009880,B0B4WYPZP6,5.0,true,none
CR-009881,B08VTFQ8Z2,5.0,true,none
CR-009882,B0B7VN1NBH,5.0,false,none
CR-009883,B0B2P3W1PJ,3.0,true,none
CR-009884,B07R81N4X9,5.0,true,none
CR-009885,B0B7VN1NBH,5.0,true,none
CR-009886,B0C6TWG795,5.0,true,none
CR-009887,B0B7VN1NBH,4.0,true,none
CR-009888,B0B7VN1NBH,5.0,true,none
CR-009889,B07R81N4X9,5.0,true,none
CR-009890,B071HMNTPM,1.0,true,noise
CR-009891,B088LYH3X4,5.0,true,none
CR-009892,B0C2JF5179,5.0,true,none
CR-009893,B0B2P3W1PJ,4.0,true,noise
CR-009894,B0B7VN1NBH,4.0,true,noise
CR-009895,B0B7VN1NBH,5.0,true,noise
CR-009896,B0C2JF5179,5.0,true,none
CR-009897,B0C2JF5179,5.0,true,none
CR-009898,B0B7VN1NBH,5.0,true,none
CR-009899,B0B7VN1NBH,5.0,true,none
CR-009900,B0C6TWG795,4.0,true,none
CR-009901,B0B7VN1NBH,5.0,true,none
CR-009902,B0B5ZBG3L3,5.0,true,none
CR-009903,B0B4WYPZP6,5.0,true,none
CR-009904,B09DF9DD7X,5.0,true,none
CR-009905,B0C6TWG795,5.0,true,none
CR-009906,B0B2P3W1PJ,3.0,true,noise
CR-009907,B07VXKR2L4,3.0,true,none
CR-009908,B0B2P3W1PJ,5.0,true,none
CR-009909,B0B5JKYS4Z,5.0,true,none
CR-009910,B0B7VN1NBH,4.0,true,none
CR-009911,B0B7VN1NBH,5.0,true,none
CR-009912,B003RYRKGS,5.0,true,none
CR-009913,B07ZPLXB54,1.0,true,none
CR-009914,B0B6BKDVLL,1.0,true,none
CR-009915,B0B5ZBG3L3,5.0,true,none
CR-009916,B0BZT2NV6K,5.0,false,noise
CR-009917,B0BZT2NV6K,5.0,true,none
CR-009918,B08QKRJJS1,3.0,true,none
CR-009919,B096L11T6T,5.0,true,none
CR-009920,B08XKGR6KP,4.0,true,none
CR-009921,B07KXBX32V,5.0,true,none
CR-009922,B096S4GDY1,5.0,true,none
CR-009923,B0C2JF5179,2.0,true,reliability
CR-009924,B0B5ZBG3L3,5.0,true,none
CR-009925,B07DK5NSY1,3.0,true,none
CR-009926,B0B6BKDVLL,5.0,true,none
CR-009927,B093JYV9RR,5.0,true,none
CR-009928,B0B5ZBG3L3,2.0,true,none
CR-009930,B08FD4MR1Z,5.0,false,value_effectiveness
CR-009931,B0B5JLFP5J,1.0,true,none
CR-009932,B09WZWYVVX,1.0,true,none
CR-009933,B096N8ZYCV,5.0,true,none
CR-009934,B09PVBZ2RL,5.0,true,none
CR-009935,B09H4YT4V8,5.0,true,none
CR-009936,B09WZWYVVX,4.0,true,none
CR-009937,B096L11T6T,5.0,true,none
CR-009938,B0BZT2NV6K,5.0,true,none
CR-009939,B0B7VN1NBH,5.0,true,none
CR-009940,B0C2JF5179,5.0,true,none
CR-009941,B0B7VN1NBH,5.0,true,none
CR-009942,B07DK5NSY1,5.0,true,none
CR-009943,B0C2JF5179,5.0,true,none
CR-009944,B07DK5NSY1,5.0,true,none
CR-009945,B0B2P3W1PJ,2.0,true,noise
CR-009946,B0B7VN1NBH,5.0,true,none
CR-009947,B07R81N4X9,5.0,true,none
CR-009948,B0C2JF5179,5.0,true,none
CR-009949,B09BNY1K8Y,2.0,true,none
CR-009950,B07VXKR2L4,1.0,true,none
CR-009951,B0B6BKDVLL,3.0,true,none
CR-009952,B0BZT2NV6K,5.0,true,none
CR-009953,B0C6TWG795,5.0,true,none
CR-009954,B07VXKR2L4,2.0,true,none
CR-009955,B0BZT2NV6K,1.0,true,none
CR-009956,B0BZT2NV6K,3.0,true,none
CR-009957,B072KHQD1N,5.0,false,none
CR-009958,B0B9SPRQFH,5.0,true,none
CR-009959,B0B7VN1NBH,5.0,true,none
CR-009960,B0BZT2NV6K,5.0,true,none
CR-009961,B0B4WYPZP6,4.0,true,none
CR-009962,B0C2JF5179,1.0,false,none
CR-009963,B0C2JF5179,5.0,true,reliability
CR-009964,B0C2JF5179,5.0,true,none
CR-009965,B0BZT2NV6K,5.0,true,none
CR-009966,B0BZT2NV6K,5.0,true,none
CR-009967,B0BZT2NV6K,5.0,true,none
CR-009968,B0C7PKQTQM,1.0,true,none
CR-009969,B0B7VN1NBH,4.0,true,none
CR-009970,B09K7CD8XS,5.0,true,reliability
CR-009971,B0C7PKQTQM,5.0,true,none
CR-009972,B08W8KG1MB,3.0,true,none
CR-009973,B095HLLWJ6,4.0,true,none
CR-009974,B0C2JF5179,5.0,true,none
CR-009975,B0B9SPRQFH,5.0,true,none
CR-009976,B0BZT2NV6K,4.0,true,none
CR-009977,B09Y1LCDPR,5.0,true,none
CR-009978,B0B4WYPZP6,1.0,true,none
CR-009979,B0BZT2NV6K,4.0,true,none
CR-009980,B0928JNZYD,1.0,true,reliability
CR-009981,B0C7PKQTQM,5.0,true,none
CR-009982,B07DK5NSY1,5.0,true,none
CR-009983,B08VTFQ8Z2,5.0,true,none
CR-009984,B093JYV9RR,5.0,true,none
CR-009985,B07VXKR2L4,1.0,true,none
CR-009986,B07DK5NSY1,5.0,true,none
CR-009987,B0BZT2NV6K,5.0,true,none
CR-009988,B0BZT2NV6K,5.0,true,none
CR-009989,B0C2JF5179,5.0,true,none
CR-009990,B0C2JF5179,5.0,true,none
CR-009991,B0C2JF5179,5.0,true,none
CR-009992,B0BZT2NV6K,5.0,true,none
CR-009993,B0BZT2NV6K,5.0,true,none
CR-009994,B0C2JF5179,5.0,true,none
CR-009995,B0C2JF5179,5.0,true,none
CR-009996,B0C2JF5179,5.0,true,none
CR-009997,B08DG8PMPZ,5.0,true,none
CR-009998,B0C6TWG795,5.0,true,none
CR-009999,B0BBV2Z7VG,5.0,true,none
CR-010000,B0C7PKQTQM,5.0,true,none
CR-010001,B0776XKZ1Y,3.0,true,none
CR-010002,B0C6TWG795,4.0,true,none
CR-010003,B0BZT2NV6K,5.0,true,none
CR-010004,B08FD4MR1Z,1.0,true,customer_service
CR-010005,B0C2JF5179,2.0,true,none
CR-010006,B0C7PKQTQM,5.0,true,none
CR-010007,B0C6TWG795,5.0,true,none
CR-010008,B0BZT2NV6K,5.0,true,none
CR-010009,B0C2JF5179,5.0,true,none
CR-010010,B08QKRJJS1,5.0,false,noise
CR-010011,B099GYT47Z,5.0,true,none
CR-010012,B0B4WYPZP6,4.0,true,none
CR-010013,B0C2JF5179,5.0,true,none
CR-010014,B0C2JF5179,2.0,true,noise
CR-010015,B0B5JKYS4Z,2.0,true,none
CR-010016,B09BNY1K8Y,1.0,true,none
CR-010017,B0BZT2NV6K,5.0,true,none
CR-010018,B093JYV9RR,5.0,true,none
CR-010019,B09XN6HKX7,4.0,true,none
CR-010020,B071HMNTPM,3.0,true,none
CR-010021,B0B4WYPZP6,5.0,true,none
CR-010022,B0BZT2NV6K,2.0,true,none
CR-010023,B0C7PKQTQM,5.0,true,none
CR-010024,B093JYV9RR,5.0,true,none
CR-010025,B0C2JF5179,4.0,true,none
CR-010026,B0C2JF5179,5.0,true,none
CR-010027,B0BZT2NV6K,5.0,true,noise
CR-010028,B0B9SPRQFH,3.0,true,none
CR-010029,B0C2JF5179,5.0,true,none
CR-010030,B071HMNTPM,5.0,false,none
CR-010031,B0BZT2NV6K,5.0,true,noise
CR-010032,B0BZT2NV6K,5.0,true,none
CR-010033,B0B9SPRQFH,5.0,true,none
CR-010034,B0BZT2NV6K,5.0,true,none
CR-010035,B09K7CD8XS,5.0,true,none
CR-010036,B07KXBX32V,1.0,true,none
CR-010037,B0C2JF5179,5.0,true,none
CR-010038,B096N8ZYCV,3.0,true,none
CR-010039,B07DK5NSY1,3.0,true,noise
CR-010040,B0B9SPRQFH,5.0,true,none
CR-010041,B09PVBZ2RL,1.0,true,reliability
CR-010042,B0BZT2NV6K,5.0,true,none
CR-010043,B0BZT2NV6K,5.0,true,none
CR-010044,B07R81N4X9,5.0,true,none
CR-010045,B071HMNTPM,1.0,true,noise
CR-010046,B003RYPPO2,1.0,true,reliability
CR-010047,B07DF9S6XN,1.0,true,none
CR-010048,B09BNY1K8Y,3.0,true,none
CR-010049,B0BZT2NV6K,1.0,true,none
CR-010050,B093JYV9RR,5.0,true,none
CR-010051,B093JYV9RR,4.0,true,none
CR-010052,B0C2JF5179,4.0,true,none
CR-010053,B0B9SPRQFH,5.0,true,none
CR-010054,B0BZT2NV6K,5.0,true,none
CR-010055,B08T6X46YL,5.0,true,none
CR-010056,B07R81N4X9,5.0,true,none
CR-010057,B0C2JF5179,5.0,true,none
CR-010058,B07R81N4X9,5.0,true,none
CR-010059,B0C2JF5179,5.0,true,none
CR-010060,B0B9SPRQFH,5.0,true,none
CR-010061,B09F3Z9BH6,1.0,true,none
CR-010062,B08QKRJJS1,5.0,true,none
CR-010063,B0BZT2NV6K,1.0,true,none
CR-010064,B0C2JF5179,2.0,true,none
CR-010065,B093JYV9RR,5.0,true,none
CR-010066,B08545DJMS,2.0,true,none
CR-010067,B0BZT2NV6K,5.0,true,none
CR-010068,B08FD4MR1Z,1.0,true,filter_cost
CR-010069,B07DF9S6XN,5.0,true,none
CR-010070,B0BZT2NV6K,5.0,true,none
CR-010071,B08XKGR6KP,1.0,true,none
CR-010072,B09PVBZ2RL,5.0,true,none
CR-010073,B0C2JF5179,5.0,true,none
CR-010074,B0C2JF5179,3.0,true,reliability
CR-010075,B07KXBX32V,5.0,true,none
CR-010076,B0C84GVDLH,5.0,true,none
CR-010077,B0C2JF5179,1.0,true,none
CR-010078,B07VXKR2L4,3.0,true,none
CR-010079,B0C2JF5179,2.0,true,none
CR-010080,B093JYV9RR,5.0,true,none
CR-010081,B093JYV9RR,5.0,true,none
CR-010082,B0BZT2NV6K,5.0,true,noise
CR-010083,B07VXKR2L4,5.0,true,none
CR-010084,B0C2JF5179,5.0,true,none
CR-010085,B0C2JF5179,1.0,true,none
CR-010086,B07VXKR2L4,5.0,true,none
CR-010087,B0C2JF5179,5.0,true,none
CR-010088,B07R81N4X9,5.0,true,none
CR-010089,B0B7VN1NBH,4.0,true,none
CR-010090,B0C2JF5179,5.0,true,none
CR-010091,B093JYV9RR,1.0,false,none
CR-010092,B08FD4MR1Z,5.0,true,none
CR-010093,B093JYV9RR,1.0,true,none
CR-010094,B0BZT2NV6K,3.0,true,none
CR-010095,B07VXKR2L4,3.0,true,none
CR-010096,B07DK5NSY1,1.0,true,none
CR-010097,B07R81N4X9,5.0,true,none
CR-010098,B0C2JF5179,5.0,true,none
CR-010099,B08VTFQ8Z2,5.0,true,none
CR-010100,B0B49241Y2,1.0,true,none
CR-010101,B09Y1LCDPR,4.0,true,none
CR-010102,B0C2JF5179,5.0,true,none
CR-010103,B0B7VN1NBH,5.0,true,none
CR-010104,B093JYV9RR,5.0,true,none
CR-010105,B09Y1LCDPR,3.0,true,none
CR-010106,B0BZT2NV6K,5.0,true,none
CR-010107,B093JYV9RR,5.0,true,none
CR-010108,B09Y1LCDPR,5.0,true,none
CR-010109,B09H4YT4V8,4.0,true,none
CR-010110,B09Y1LCDPR,2.0,true,noise
CR-010111,B0C2JF5179,5.0,true,none
CR-010112,B0BZT2NV6K,4.0,true,none
CR-010113,B093JYV9RR,5.0,true,value_effectiveness
CR-010114,B07VXKR2L4,1.0,true,none
CR-010115,B07R81N4X9,5.0,true,none
CR-010116,B0C2JF5179,5.0,true,none
CR-010117,B0C2JF5179,5.0,true,none
CR-010118,B07DK5NSY1,5.0,true,none
CR-010119,B0C2JF5179,5.0,true,none
CR-010120,B0C2JF5179,5.0,true,none
CR-010121,B0B5JKYS4Z,5.0,true,none
CR-010122,B07VXKR2L4,5.0,true,none
CR-010123,B0C84GVDLH,5.0,true,none
CR-010124,B0BZPPXM8D,5.0,true,none
CR-010125,B071HMNTPM,1.0,true,none
CR-010126,B09H4YT4V8,4.0,true,none
CR-010127,B0BZT2NV6K,5.0,true,reliability
CR-010128,B0BZT2NV6K,5.0,true,none
CR-010129,B0BZT2NV6K,5.0,true,none
CR-010130,B0B9SPRQFH,5.0,true,none
CR-010131,B07VXKR2L4,5.0,true,none
CR-010132,B08QKRJJS1,5.0,true,none
CR-010133,B07R81N4X9,5.0,true,none
CR-010134,B0BZT2NV6K,5.0,true,none
CR-010135,B0B9SPRQFH,5.0,true,none
CR-010136,B0BZT2NV6K,4.0,true,noise
CR-010137,B07ZPLXB54,3.0,true,none
CR-010138,B0C2JF5179,5.0,true,none
CR-010139,B09S6P81TB,5.0,true,none
CR-010140,B0B4WYPZP6,1.0,true,none
CR-010141,B096L11T6T,5.0,true,none
CR-010142,B0C2JF5179,5.0,true,none
CR-010143,B0C2JF5179,5.0,true,none
CR-010144,B0BZDM7HQL,5.0,true,none
CR-010145,B0C2JF5179,1.0,false,none
CR-010146,B09K7CD8XS,3.0,true,customer_service
CR-010147,B0C2JF5179,5.0,true,none
CR-010148,B07VXKR2L4,5.0,true,none
CR-010149,B0C2JF5179,3.0,true,none
CR-010150,B093JYV9RR,5.0,true,none
CR-010151,B07DF9S6XN,5.0,true,none
CR-010152,B0B4WYPZP6,2.0,true,none
CR-010153,B0C2JF5179,1.0,true,none
CR-010154,B007Y5B814,1.0,true,none
CR-010155,B0B9SPRQFH,1.0,true,none
CR-010156,B0C2JF5179,5.0,true,none
CR-010157,B09VD8FMH6,3.0,true,none
CR-010158,B0C2JF5179,5.0,true,none
CR-010159,B0C2JF5179,1.0,false,none
CR-010160,B0C2JF5179,5.0,true,none
CR-010161,B0BBV2Z7VG,5.0,true,none
CR-010162,B0C2JF5179,4.0,true,none
CR-010163,B0C7PKQTQM,5.0,true,none
CR-010164,B0BZT2NV6K,5.0,true,none
CR-010165,B0C2JF5179,5.0,true,none
CR-010166,B08QKRJJS1,4.0,true,none
CR-010167,B0C2JF5179,5.0,true,none
CR-010168,B01GXFY0KQ,5.0,false,reliability
CR-010169,B0BZT2NV6K,5.0,true,none
CR-010170,B0B9SPRQFH,3.0,true,none
CR-010171,B093JYV9RR,5.0,true,noise
CR-010172,B0C2JF5179,5.0,true,none
CR-010173,B08P8PRG2M,4.0,true,none
CR-010174,B09174JB7V,4.0,true,none
CR-010175,B0BBV2Z7VG,5.0,true,none
CR-010176,B0C2JF5179,5.0,true,none
CR-010177,B0BZT2NV6K,4.0,true,none
CR-010178,B07KXBX32V,2.0,true,none
CR-010179,B0B2P3W1PJ,3.0,true,none
CR-010180,B07VXKR2L4,2.0,true,none
CR-010181,B08QKRJJS1,5.0,true,none
CR-010182,B07VXKR2L4,5.0,false,reliability
CR-010183,B096N8ZYCV,1.0,true,none
CR-010184,B0C2JF5179,2.0,true,none
CR-010185,B0C2JF5179,5.0,false,noise
CR-010186,B08FD4MR1Z,2.0,true,none
CR-010187,B0C6TWG795,5.0,true,none
CR-010188,B0C2JF5179,1.0,true,none
CR-010189,B009CAUR6G,5.0,true,none
CR-010190,B09BNY1K8Y,1.0,true,reliability
CR-010191,B08QKRJJS1,5.0,true,none
CR-010192,B0B2P3W1PJ,5.0,true,none
CR-010193,B0C2JF5179,2.0,true,none
CR-010194,B0B9SPRQFH,5.0,true,none
CR-010195,B0C6TWG795,5.0,true,none
CR-010196,B000HECMEG,5.0,true,none
CR-010197,B09PVBZ2RL,5.0,true,reliability
CR-010198,B09BNY1K8Y,2.0,true,none
CR-010199,B07ZPLXB54,5.0,true,none
CR-010200,B0BSFTQN89,4.0,true,none
CR-010201,B0BSFTQN89,1.0,true,none
CR-010202,B09K7CD8XS,5.0,true,none
CR-010203,B0B9SPRQFH,5.0,true,none
CR-010204,B0C2JF5179,5.0,true,none
CR-010205,B09K7CD8XS,5.0,true,none
CR-010206,B0BSFTQN89,3.0,true,none
CR-010207,B08XKGR6KP,2.0,true,none
CR-010208,B09BNY1K8Y,3.0,true,none
CR-010209,B0C2JF5179,5.0,true,none
CR-010210,B0B9SPRQFH,5.0,true,none
CR-010211,B093JYV9RR,5.0,true,none
CR-010212,B0BZT2NV6K,1.0,true,reliability
CR-010213,B0C2JF5179,5.0,true,none
CR-010214,B07R81N4X9,5.0,true,none
CR-010215,B0BZT2NV6K,5.0,true,none
CR-010216,B0BZT2NV6K,5.0,true,none
CR-010217,B0C2JF5179,5.0,true,none
CR-010218,B093JYV9RR,4.0,true,none
CR-010219,B0BSFTQN89,5.0,true,none
CR-010220,B0BZT2NV6K,1.0,true,value_effectiveness
CR-010221,B0BSFTQN89,5.0,true,none
CR-010222,B0BSFTQN89,2.0,true,none
CR-010223,B08SV1GSJB,4.0,true,none
CR-010224,B0C2JF5179,4.0,true,none
CR-010225,B0B7VN1NBH,5.0,true,none
CR-010226,B0BSFTQN89,2.0,true,none
CR-010227,B0C2JF5179,5.0,true,none
CR-010228,B093JYV9RR,5.0,true,none
CR-010229,B09VD8FMH6,3.0,true,none
CR-010230,B09K7CD8XS,4.0,true,none
CR-010231,B0C2JF5179,1.0,true,reliability
CR-010232,B0BSFTQN89,4.0,true,none
CR-010233,B07DK5NSY1,4.0,true,none
CR-010234,B0BZT2NV6K,4.0,true,none
CR-010235,B07VXKR2L4,3.0,true,none
CR-010236,B0BSFTQN89,4.0,true,none
CR-010237,B09PVBZ2RL,5.0,true,none
CR-010238,B09XN6HKX7,2.0,true,none
CR-010239,B071DXQ1RV,3.0,true,none
CR-010240,B09XN6HKX7,4.0,true,none
CR-010241,B0BSFTQN89,3.0,true,none
CR-010242,B009CAUR6G,5.0,true,none
CR-010243,B09VD8FMH6,5.0,true,none
CR-010244,B0BSFTQN89,4.0,true,none
CR-010245,B09XN6HKX7,2.0,true,none
CR-010246,B0BZT2NV6K,2.0,true,none
CR-010247,B09VD8FMH6,3.0,true,none
CR-010248,B0BZT2NV6K,5.0,true,none
CR-010249,B0BSFTQN89,3.0,true,ozone_odor_safety
CR-010250,B0BZT2NV6K,5.0,true,noise
CR-010251,B0C2JF5179,2.0,true,none
CR-010252,B00X67EJI8,5.0,true,none
CR-010253,B09H4YT4V8,3.0,true,none
CR-010254,B0BZT2NV6K,1.0,true,reliability
CR-010255,B0C2JF5179,5.0,true,none
CR-010256,B0C6TWG795,5.0,true,none
CR-010257,B0BSFTQN89,5.0,true,none
CR-010258,B0BSFTQN89,1.0,true,none
CR-010259,B071HMNTPM,5.0,true,none
CR-010260,B08SV1GSJB,5.0,true,none
CR-010261,B0BZT2NV6K,5.0,true,none
CR-010262,B084GKPZ4V,5.0,true,none
CR-010263,B07VXKR2L4,5.0,true,none
CR-010264,B09VD8FMH6,4.0,true,none
CR-010265,B0C2JF5179,5.0,true,none
CR-010266,B0C2JF5179,3.0,true,none
CR-010267,B093JYV9RR,5.0,true,none
CR-010268,B0BZT2NV6K,5.0,true,none
CR-010269,B08FD4MR1Z,1.0,true,none
CR-010270,B08QKRJJS1,5.0,false,none
CR-010271,B0BBV2Z7VG,5.0,true,none
CR-010272,B07ZPLXB54,5.0,true,none
CR-010273,B08XKGR6KP,5.0,true,none
CR-010274,B0B4WYPZP6,2.0,true,reliability
CR-010275,B0C2JF5179,1.0,true,none
CR-010276,B0BZT2NV6K,5.0,true,none
CR-010277,B0C2JF5179,1.0,true,none
CR-010278,B0BSFTQN89,5.0,true,none
CR-010279,B09K7CD8XS,1.0,true,none
CR-010280,B0C2JF5179,5.0,true,none
CR-010281,B0BZT2NV6K,5.0,true,none
CR-010282,B0BSFTQN89,5.0,true,none
CR-010283,B084GKPZ4V,5.0,true,none
CR-010284,B07VXKR2L4,5.0,true,none
CR-010285,B08RY5SWR5,1.0,true,none
CR-010286,B0BZT2NV6K,5.0,true,none
CR-010287,B07DK5NSY1,5.0,true,none
CR-010288,B0BZT2NV6K,1.0,true,none
CR-010289,B09Y1LCDPR,5.0,true,none
CR-010290,B0BZT2NV6K,5.0,true,none
CR-010291,B0C2JF5179,5.0,true,none
CR-010292,B0BZT2NV6K,2.0,true,none
CR-010293,B09Y1LCDPR,1.0,true,none
CR-010294,B0C2JF5179,5.0,true,none
CR-010295,B0C2JF5179,5.0,true,none
CR-010296,B00X67EJI8,3.0,true,reliability
CR-010297,B09GFHWXNV,1.0,true,none
CR-010298,B08QKRJJS1,1.0,true,none
CR-010299,B0C2JF5179,1.0,true,none
CR-010300,B0BZT2NV6K,5.0,true,none
CR-010301,B08SV1GSJB,2.0,true,none
CR-010302,B0C2JF5179,4.0,true,customer_service
CR-010303,B0C2JF5179,5.0,true,none
CR-010304,B09WZWYVVX,1.0,true,none
CR-010305,B0C2JF5179,1.0,false,none
CR-010306,B0BZT2NV6K,5.0,true,none
CR-010307,B07R81N4X9,3.0,true,none
CR-010308,B0C2JF5179,5.0,true,none
CR-010309,B0BZT2NV6K,5.0,true,none
CR-010310,B0C7PKQTQM,5.0,true,none
CR-010311,B0C2JF5179,4.0,true,none
CR-010312,B09K7CD8XS,1.0,true,none
CR-010313,B071HMNTPM,4.0,true,none
CR-010314,B0BZT2NV6K,1.0,true,none
CR-010315,B0BZT2NV6K,1.0,true,none
CR-010316,B0C2JF5179,1.0,true,none
CR-010317,B0C2JF5179,5.0,true,none
CR-010318,B08FD4MR1Z,1.0,true,none
CR-010319,B0BSFTQN89,3.0,true,none
CR-010320,B09F3Z9BH6,1.0,true,none
CR-010321,B0BZPPXM8D,5.0,true,none
CR-010322,B0C2JF5179,1.0,true,none
CR-010323,B08RY5SWR5,5.0,true,none
CR-010324,B093JYV9RR,5.0,true,none
CR-010325,B09K7CD8XS,1.0,true,value_effectiveness
CR-010326,B0C2JF5179,5.0,true,none
CR-010327,B0C2JF5179,5.0,true,none
CR-010328,B08RY5SWR5,4.0,true,none
CR-010329,B08QKRJJS1,5.0,true,none
CR-010330,B0BZT2NV6K,4.0,true,none
CR-010331,B096L11T6T,2.0,true,none
CR-010332,B08QKRJJS1,5.0,true,none
CR-010333,B0B5ZBG3L3,3.0,true,none
CR-010334,B0C2JF5179,5.0,true,none
CR-010335,B07VXKR2L4,5.0,true,none
CR-010336,B07VXKR2L4,5.0,true,none
CR-010337,B0C2JF5179,5.0,true,none
CR-010338,B0C2JF5179,5.0,true,none
CR-010339,B0C2JF5179,5.0,true,none
CR-010340,B0915LHCS2,5.0,true,none
CR-010341,B08X6Z3RJJ,2.0,true,none
CR-010342,B0BZT2NV6K,5.0,true,none
CR-010343,B09WX6DRW6,5.0,true,none
CR-010344,B0BSFTQN89,5.0,true,none
CR-010345,B0C2JF5179,1.0,true,none
CR-010346,B08XKGR6KP,5.0,true,none
CR-010347,B08FD4MR1Z,1.0,true,none
CR-010348,B09WX6DRW6,3.0,true,none
CR-010349,B0BZT2NV6K,1.0,true,noise
CR-010350,B09WX6DRW6,4.0,true,noise
CR-010351,B09WX6DRW6,5.0,true,none
CR-010352,B0BZT2NV6K,3.0,true,none
CR-010353,B08T6X46YL,1.0,true,reliability
CR-010354,B08545DJMS,5.0,true,none
CR-010355,B07VXKR2L4,1.0,true,none
CR-010356,B0BSFTQN89,2.0,true,none
CR-010357,B0C2JF5179,5.0,true,none
CR-010358,B0C2JF5179,3.0,true,none
CR-010359,B0C2JF5179,5.0,true,none
CR-010360,B096L11T6T,1.0,true,none
CR-010361,B08QKRJJS1,3.0,true,none
CR-010362,B0C2JF5179,5.0,false,noise
CR-010363,B0C6TWG795,5.0,true,none
CR-010364,B0BZT2NV6K,1.0,true,none
CR-010365,B09WX6DRW6,4.0,true,none
CR-010366,B093JYV9RR,5.0,true,none
CR-010367,B09BNY1K8Y,3.0,true,none
CR-010368,B099GYT47Z,5.0,false,none
CR-010369,B09XH7NR7B,4.0,true,none
CR-010370,B07R81N4X9,1.0,true,none
CR-010371,B0BSFTQN89,2.0,true,none
CR-010372,B09K7CD8XS,5.0,true,none
CR-010373,B09174JB7V,1.0,true,none
CR-010374,B09PVBZ2RL,5.0,true,none
CR-010375,B0C2JF5179,1.0,true,none
CR-010376,B0BZT2NV6K,4.0,true,none
CR-010377,B099GYT47Z,5.0,true,noise
CR-010378,B093JYV9RR,5.0,true,none
CR-010379,B0BZT2NV6K,5.0,true,none
CR-010380,B09GFHWXNV,5.0,true,none
CR-010381,B096N8ZYCV,1.0,true,none
CR-010382,B09WX6DRW6,5.0,true,none
CR-010383,B0B9SPRQFH,1.0,true,none
CR-010384,B07VXKR2L4,5.0,true,none
CR-010385,B0C2JF5179,5.0,true,none
CR-010386,B0BZT2NV6K,1.0,true,none
CR-010387,B0B799QLQ5,5.0,true,none
CR-010388,B09H4YT4V8,3.0,true,none
CR-010389,B0C2JF5179,1.0,true,none
CR-010390,B0C2JF5179,4.0,true,none
CR-010391,B096N8ZYCV,5.0,true,none
CR-010392,B0C2JF5179,5.0,true,none
CR-010393,B0C2JF5179,5.0,true,none
CR-010394,B07VXKR2L4,1.0,true,none
CR-010395,B09H4YT4V8,1.0,true,none
CR-010396,B0BZT2NV6K,5.0,true,none
CR-010397,B0C2JF5179,1.0,true,none
CR-010398,B077ZL57GG,1.0,true,noise
CR-010399,B071HMNTPM,5.0,true,none
CR-010400,B08QKRJJS1,5.0,true,none
CR-010401,B0BZT2NV6K,3.0,true,none
CR-010402,B0C2JF5179,5.0,true,none
CR-010403,B0BZT2NV6K,1.0,true,none
CR-010404,B09H4YT4V8,1.0,true,none
CR-010405,B096N8ZYCV,1.0,true,none
CR-010406,B0BZDM7HQL,2.0,true,none
CR-010407,B0C2JF5179,5.0,true,none
CR-010408,B08W8KG1MB,4.0,true,none
CR-010409,B0C84GVDLH,5.0,false,ozone_odor_safety
CR-010410,B09Y1LCDPR,1.0,true,none
CR-010411,B08QKRJJS1,1.0,true,none
CR-010412,B071HMNTPM,5.0,true,none
CR-010413,B000HECMEG,5.0,true,none
CR-010414,B08XKGR6KP,3.0,true,none
CR-010415,B07VXKR2L4,1.0,true,reliability
CR-010416,B071HMNTPM,3.0,true,none
CR-010417,B09WX6DRW6,5.0,true,none
CR-010418,B07ZPLXB54,1.0,true,value_effectiveness
CR-010419,B0C2JF5179,1.0,true,none
CR-010420,B0BSFTQN89,3.0,true,noise
CR-010421,B09DF9DD7X,2.0,true,none
CR-010422,B071HMNTPM,5.0,true,none
CR-010423,B0BZT2NV6K,1.0,true,none
CR-010424,B0BZT2NV6K,4.0,true,none
CR-010425,B0C2JF5179,5.0,true,none
CR-010426,B09WX6DRW6,5.0,true,none
CR-010427,B07VXKR2L4,1.0,true,none
CR-010428,B09H4YT4V8,1.0,true,none
CR-010429,B08FD4MR1Z,1.0,true,none
CR-010430,B0C6TWG795,5.0,true,none
CR-010431,B0BZDM7HQL,5.0,true,none
CR-010432,B096L11T6T,1.0,true,none
CR-010433,B071HMNTPM,5.0,true,none
CR-010434,B0C2JF5179,5.0,true,none
CR-010435,B071HMNTPM,1.0,true,none
CR-010436,B08QKRJJS1,3.0,true,value_effectiveness
CR-010437,B0C2JF5179,5.0,true,none
CR-010438,B09WX6DRW6,5.0,true,none
CR-010439,B09XH7NR7B,3.0,true,none
CR-010440,B071HMNTPM,5.0,true,none
CR-010441,B0C2JF5179,5.0,true,none
CR-010442,B0C2JF5179,1.0,true,none
CR-010443,B0C6TWG795,5.0,true,none
CR-010444,B0BZT2NV6K,5.0,true,none
CR-010445,B08VTFQ8Z2,2.0,true,noise
CR-010446,B07VXKR2L4,5.0,true,none
CR-010447,B0C28HX2NL,5.0,true,none
CR-010448,B07R81N4X9,5.0,true,none
CR-010449,B09WX6DRW6,5.0,true,none
CR-010450,B071HMNTPM,1.0,true,noise
CR-010451,B0C2JF5179,5.0,true,none
CR-010452,B0BW61K54K,5.0,true,none
CR-010453,B0C2JF5179,1.0,true,none
CR-010454,B0BZDM7HQL,5.0,true,none
CR-010455,B0BZT2NV6K,1.0,true,none
CR-010456,B0BZT2NV6K,5.0,true,noise
CR-010457,B08FD4MR1Z,1.0,true,none
CR-010458,B0C2JF5179,5.0,true,none
CR-010459,B000VG7ZQ0,1.0,true,none
CR-010460,B0BZT2NV6K,1.0,true,none
CR-010461,B0BZT2NV6K,5.0,true,none
CR-010462,B0BZT2NV6K,5.0,true,none
CR-010463,B096N8ZYCV,4.0,true,none
CR-010464,B0BZT2NV6K,1.0,true,none
CR-010465,B09K7CD8XS,1.0,true,none
CR-010466,B0C2JF5179,5.0,true,none
CR-010467,B0BZT2NV6K,5.0,true,none
CR-010468,B0BZDM7HQL,1.0,true,none
CR-010469,B071HMNTPM,1.0,true,noise
CR-010470,B0BZT2NV6K,5.0,true,none
CR-010471,B07R81N4X9,5.0,true,none
CR-010472,B0BZDM7HQL,5.0,true,none
CR-010473,B0C2JF5179,5.0,true,none
CR-010474,B09K7CD8XS,5.0,true,none
CR-010475,B0BZT2NV6K,4.0,true,none
CR-010476,B0BZDM7HQL,4.0,true,none
CR-010477,B0C2JF5179,5.0,true,none
CR-010478,B0C2JF5179,5.0,true,none
CR-010479,B0C84GVDLH,5.0,true,noise
CR-010480,B071HMNTPM,4.0,true,noise
CR-010481,B0C73KH2HD,1.0,true,none
CR-010482,B071HMNTPM,2.0,true,reliability
CR-010483,B0C73KH2HD,1.0,true,none
CR-010484,B0C73KH2HD,1.0,true,none
CR-010485,B0C73KH2HD,1.0,false,none
CR-010486,B071HMNTPM,1.0,true,none
CR-010487,B0C73KH2HD,1.0,true,none
CR-010488,B0BZT2NV6K,5.0,true,none
CR-010489,B0BZT2NV6K,5.0,true,none
CR-010490,B09H4YT4V8,2.0,true,none
CR-010491,B0BZT2NV6K,5.0,true,none
CR-010492,B07R81N4X9,5.0,true,none
CR-010493,B09K7CD8XS,1.0,true,reliability
CR-010494,B07R81N4X9,5.0,true,none
CR-010495,B071HMNTPM,3.0,true,none
CR-010496,B0C6TWG795,4.0,true,none
CR-010497,B0C7PKQTQM,5.0,true,none
CR-010498,B071HMNTPM,2.0,true,none
CR-010499,B0BZDM7HQL,5.0,true,none
CR-010500,B0C2JF5179,1.0,true,none
CR-010501,B071HMNTPM,2.0,true,none
CR-010502,B0BZT2NV6K,1.0,true,none
CR-010503,B0BZT2NV6K,1.0,true,none
CR-010504,B0BZT2NV6K,2.0,true,none
CR-010505,B0C6TWG795,5.0,true,none
CR-010506,B071HMNTPM,1.0,true,none
CR-010507,B0776XKZ1Y,2.0,true,none
CR-010508,B0BZT2NV6K,5.0,true,none
CR-010509,B07R81N4X9,5.0,true,none
CR-010510,B0BZT2NV6K,4.0,true,none
CR-010511,B0C6TWG795,5.0,true,none
CR-010512,B071HMNTPM,3.0,true,none
CR-010513,B07DK5NSY1,2.0,true,none
CR-010514,B0C2JF5179,5.0,true,none
CR-010515,B0BZT2NV6K,5.0,true,none
CR-010516,B08P8PRG2M,1.0,true,customer_service
CR-010517,B071HMNTPM,5.0,true,none
CR-010518,B071HMNTPM,5.0,true,none
CR-010519,B0C28HX2NL,5.0,true,none
CR-010520,B07DF9S6XN,4.0,true,noise
CR-010521,B071HMNTPM,4.0,true,none
CR-010522,B0C6TWG795,1.0,true,none
CR-010523,B0C6TWG795,3.0,true,filter_cost
CR-010524,B071HMNTPM,5.0,true,none
CR-010525,B0C6TWG795,5.0,true,none
CR-010526,B0C7PKQTQM,2.0,true,none
CR-010527,B09KCJJ4NQ,5.0,true,none
CR-010528,B0BZT2NV6K,4.0,true,none
CR-010529,B0C7PKQTQM,2.0,true,none
CR-010530,B0BZDM7HQL,5.0,true,none
CR-010531,B071HMNTPM,1.0,true,none
CR-010532,B0C6TWG795,5.0,true,none
CR-010533,B071HMNTPM,5.0,true,none
CR-010534,B0BZDM7HQL,3.0,true,none
CR-010535,B07KXBX32V,5.0,true,noise
CR-010536,B08SV1GSJB,1.0,true,none
CR-010537,B0C6TWG795,3.0,true,none
CR-010538,B071HMNTPM,5.0,true,none
CR-010539,B0C7PKQTQM,5.0,true,none
CR-010540,B07KXBX32V,4.0,true,none
CR-010541,B0C6TWG795,1.0,true,none
CR-010542,B0BZT2NV6K,5.0,true,none
CR-010543,B071HMNTPM,2.0,true,none
CR-010544,B096L11T6T,3.0,true,none
CR-010545,B09XN6HKX7,1.0,true,reliability
CR-010546,B0BZT2NV6K,5.0,true,none
CR-010547,B0BZT2NV6K,5.0,true,none
