review_id,product_sku,rating,rating_trusted,primary_theme,all_themes
CR-000001,VS-AP-4000i,4,true,none,
CR-000002,VS-AC-1000i,1,true,app_software,app_software|noise
CR-000003,VS-AP-8000i,3,true,none,
CR-000004,CP-DY-TP09,5,true,none,
CR-000005,CP-XM-4PRO,5,true,none,
CR-000006,CP-XM-4PRO,3,true,none,
CR-000007,VS-AC-1000i,1,true,reliability,noise|reliability
CR-000008,VS-AP-8000i,4,true,none,
CR-000009,VS-AP-2000,4,true,none,
CR-000010,VS-AC-1000i,3,true,filter_cost,filter_cost
CR-000011,VS-AP-8000i,3,true,none,
CR-000012,CP-LV-C400S,5,true,none,
CR-000013,VS-AP-2000,5,true,none,
CR-000014,VS-AP-3000i,5,true,none,
CR-000015,VS-AP-3000i,1,true,noise,noise
CR-000016,CP-BB-DM5440,5,true,none,
CR-000017,VS-AC-1000i,1,true,noise,noise
CR-000018,CP-LV-C400S,5,true,none,
CR-000019,VS-AP-4000i,1,true,connectivity,connectivity|filter_cost
CR-000020,VS-AP-2000,5,true,none,
CR-000021,CP-DY-TP09,5,true,none,
CR-000022,CP-DY-TP09,5,true,none,
CR-000023,VS-AP-3000i,3,true,filter_cost,filter_cost
CR-000024,CP-BB-DM5440,5,true,none,
CR-000025,CP-DY-TP09,5,true,none,
CR-000026,VS-AP-2000,5,true,none,
CR-000027,CP-DY-TP09,2,true,app_software,app_software|connectivity
CR-000028,VS-AP-2000,4,true,none,
CR-000029,CP-XM-4PRO,5,true,none,
CR-000030,VS-AP-2000,3,true,connectivity,connectivity
CR-000031,VS-AP-2000,2,true,app_software,app_software
CR-000032,VS-AP-4000i,2,true,reliability,reliability
CR-000033,CP-XM-4PRO,5,true,none,
CR-000034,VS-AC-1000i,4,true,none,
CR-000035,VS-AP-2000,4,true,none,
CR-000036,VS-AP-3000i,5,true,none,
CR-000037,VS-AC-1000i,4,true,none,
CR-000038,VS-AP-8000i,5,true,none,
CR-000039,VS-AP-8000i,3,true,app_software,app_software
CR-000040,VS-AP-3000i,5,true,none,
CR-000041,VS-AP-3000i,5,true,none,
CR-000042,CP-LV-C400S,5,true,none,
CR-000043,CP-LV-C400S,5,true,none,
CR-000044,VS-AC-1000i,5,true,none,
CR-000045,CP-XM-4PRO,5,true,none,
CR-000046,CP-DY-TP09,4,true,none,
CR-000047,CP-BB-DM5440,1,true,filter_cost,filter_cost|sensor_trust
CR-000048,VS-AP-4000i,5,true,none,
CR-000049,CP-BB-DM5440,5,true,none,
CR-000050,VS-AP-2000,5,true,none,
CR-000051,VS-AP-2000,5,true,none,
CR-000052,VS-AP-2000,4,true,none,
CR-000053,CP-DY-TP09,1,true,sensor_trust,sensor_trust
CR-000054,CP-LV-C400S,1,true,connectivity,connectivity
CR-000055,CP-BB-DM5440,5,true,none,
CR-000056,CP-LV-C400S,5,true,none,
CR-000057,VS-AC-1000i,5,true,none,
CR-000058,CP-BB-DM5440,3,true,none,
CR-000059,VS-AP-8000i,5,true,none,
CR-000060,CP-DY-TP09,5,true,none,
CR-000061,CP-DY-TP09,4,true,none,
CR-000062,VS-AP-3000i,4,true,none,
CR-000063,CP-BB-DM5440,1,true,app_software,app_software|reliability
CR-000064,VS-AP-3000i,5,true,none,
CR-000065,CP-XM-4PRO,5,true,none,
CR-000066,CP-BB-DM5440,4,true,none,
CR-000067,VS-AP-2000,4,true,none,
CR-000068,CP-XM-4PRO,5,true,none,
CR-000069,CP-DY-TP09,2,true,sensor_trust,filter_cost|sensor_trust
CR-000070,CP-DY-TP09,4,true,none,
CR-000071,VS-AP-8000i,5,true,none,
CR-000072,VS-AP-8000i,5,true,none,
CR-000073,VS-AC-1000i,4,true,none,
CR-000074,VS-AP-4000i,5,true,none,
CR-000075,VS-AC-1000i,5,true,none,
CR-000076,VS-AP-2000,4,true,none,
CR-000077,VS-AC-1000i,4,true,none,
CR-000078,VS-AC-1000i,4,true,none,
CR-000079,CP-XM-4PRO,5,true,none,
CR-000080,VS-AP-8000i,5,true,none,
CR-000081,VS-AP-2000,5,true,none,
CR-000082,VS-AP-8000i,2,true,app_software,app_software|sensor_trust
CR-000083,VS-AP-4000i,4,true,none,
CR-000084,CP-BB-DM5440,3,true,none,
CR-000085,VS-AP-3000i,4,true,none,
CR-000086,CP-DY-TP09,5,true,none,
CR-000087,VS-AP-2000,1,true,connectivity,app_software|connectivity
CR-000088,VS-AP-2000,4,true,none,
CR-000089,VS-AC-1000i,5,true,none,
CR-000090,VS-AP-4000i,5,true,none,
CR-000091,CP-XM-4PRO,4,true,none,
CR-000092,CP-LV-C400S,5,true,none,
CR-000093,VS-AP-4000i,3,true,none,
CR-000094,CP-DY-TP09,5,true,none,
CR-000095,CP-LV-C400S,5,true,none,
CR-000096,CP-LV-C400S,4,true,none,
CR-000097,VS-AP-8000i,5,true,none,
CR-000098,VS-AP-2000,5,true,none,
CR-000099,CP-DY-TP09,2,true,sensor_trust,sensor_trust
CR-000100,VS-AP-2000,1,true,filter_cost,app_software|filter_cost
CR-000101,CP-DY-TP09,5,true,none,
CR-000102,CP-DY-TP09,4,true,none,
CR-000103,VS-AP-3000i,1,true,connectivity,connectivity
CR-000104,VS-AP-2000,5,true,none,
CR-000105,VS-AP-8000i,1,true,reliability,reliability
CR-000106,VS-AP-4000i,4,true,none,
CR-000107,VS-AC-1000i,5,true,none,
CR-000108,VS-AP-2000,5,true,none,
CR-000109,VS-AP-2000,5,true,none,
CR-000110,CP-DY-TP09,4,true,none,
CR-000111,VS-AP-8000i,2,true,none,
CR-000112,CP-DY-TP09,4,true,none,
CR-000113,VS-AP-3000i,5,true,none,
CR-000114,VS-AP-3000i,4,true,none,
CR-000115,CP-DY-TP09,4,true,none,
CR-000116,CP-XM-4PRO,5,true,none,
CR-000117,VS-AC-1000i,4,true,none,
CR-000118,CP-XM-4PRO,5,true,none,
CR-000119,CP-LV-C400S,2,true,noise,noise
CR-000120,CP-BB-DM5440,5,true,none,
CR-000121,VS-AP-8000i,1,true,connectivity,connectivity
CR-000122,CP-XM-4PRO,4,true,none,
CR-000123,VS-AP-4000i,5,true,none,
CR-000124,VS-AP-8000i,5,true,none,
CR-000125,CP-DY-TP09,5,true,none,
CR-000126,CP-XM-4PRO,4,true,none,
CR-000127,CP-LV-C400S,5,false,app_software,app_software|connectivity
CR-000128,VS-AP-3000i,5,true,none,
CR-000129,VS-AC-1000i,5,true,none,
CR-000130,CP-LV-C400S,5,true,none,
CR-000131,CP-BB-DM5440,5,true,none,
CR-000132,CP-LV-C400S,4,true,none,
CR-000133,VS-AP-8000i,1,true,connectivity,connectivity
CR-000134,CP-BB-DM5440,5,false,app_software,app_software|filter_cost
CR-000135,VS-AC-1000i,5,true,none,
CR-000136,VS-AP-4000i,3,true,none,
CR-000137,CP-DY-TP09,5,true,none,
CR-000138,CP-DY-TP09,5,true,none,
CR-000139,VS-AP-4000i,2,true,reliability,reliability
CR-000140,VS-AP-3000i,5,true,none,
CR-000141,CP-DY-TP09,5,true,none,
CR-000142,CP-LV-C400S,4,true,none,
CR-000143,CP-LV-C400S,5,true,none,
CR-000144,VS-AP-3000i,5,true,none,
CR-000145,CP-DY-TP09,3,true,app_software,app_software
CR-000146,CP-DY-TP09,3,true,app_software,app_software
CR-000147,VS-AC-1000i,5,true,none,
CR-000148,VS-AP-3000i,3,true,none,
CR-000149,CP-LV-C400S,2,true,noise,noise|reliability
CR-000150,CP-DY-TP09,4,true,none,
CR-000151,CP-DY-TP09,5,true,none,
CR-000152,CP-BB-DM5440,4,true,none,
CR-000153,CP-BB-DM5440,4,true,none,
CR-000154,CP-BB-DM5440,5,true,none,
CR-000155,CP-LV-C400S,5,true,none,
CR-000156,CP-BB-DM5440,3,true,none,
CR-000157,CP-XM-4PRO,5,true,none,
CR-000158,CP-LV-C400S,5,true,none,
CR-000159,CP-DY-TP09,3,true,filter_cost,filter_cost
CR-000160,CP-DY-TP09,5,true,none,
CR-000161,CP-BB-DM5440,3,true,sensor_trust,sensor_trust
CR-000162,CP-XM-4PRO,5,true,none,
CR-000163,CP-LV-C400S,5,true,none,
CR-000164,CP-DY-TP09,5,true,none,
CR-000165,VS-AP-4000i,5,true,none,
CR-000166,CP-DY-TP09,5,true,none,
CR-000167,VS-AP-3000i,5,true,none,
CR-000168,VS-AP-2000,5,true,none,
CR-000169,VS-AP-4000i,1,true,reliability,noise|reliability
CR-000170,VS-AP-4000i,5,true,none,
CR-000171,CP-DY-TP09,4,true,none,
CR-000172,VS-AP-4000i,1,true,noise,noise
CR-000173,CP-LV-C400S,5,true,none,
CR-000174,CP-DY-TP09,5,true,none,
CR-000175,VS-AP-4000i,5,true,none,
CR-000176,VS-AP-2000,3,true,connectivity,connectivity
CR-000177,VS-AP-8000i,5,true,none,
CR-000178,VS-AP-8000i,3,true,noise,noise
CR-000179,VS-AC-1000i,4,true,none,
CR-000180,VS-AP-4000i,5,true,none,
CR-000181,VS-AC-1000i,4,true,none,
CR-000182,CP-LV-C400S,4,true,none,
CR-000183,VS-AP-2000,5,true,none,
CR-000184,VS-AP-4000i,4,true,none,
CR-000185,VS-AC-1000i,5,true,none,
CR-000186,VS-AP-3000i,5,true,none,
CR-000187,VS-AP-3000i,5,true,none,
CR-000188,CP-LV-C400S,5,true,none,
CR-000189,VS-AP-2000,2,true,filter_cost,filter_cost
CR-000190,VS-AP-2000,4,true,none,
CR-000191,CP-BB-DM5440,5,true,none,
CR-000192,VS-AP-4000i,3,true,none,
CR-000193,CP-DY-TP09,4,true,none,
CR-000194,CP-LV-C400S,4,true,none,
CR-000195,CP-BB-DM5440,5,true,none,
CR-000196,CP-BB-DM5440,5,true,none,
CR-000197,VS-AP-2000,5,true,none,
CR-000198,CP-LV-C400S,5,true,none,
CR-000199,VS-AP-4000i,5,true,none,
CR-000200,CP-XM-4PRO,5,true,none,
CR-000201,VS-AP-3000i,1,true,app_software,app_software
CR-000202,CP-LV-C400S,5,false,noise,noise|sensor_trust
CR-000203,VS-AP-2000,1,true,app_software,app_software
CR-000204,VS-AP-4000i,2,true,app_software,app_software|reliability
CR-000205,VS-AP-2000,2,true,noise,noise
CR-000206,VS-AP-2000,5,true,none,
CR-000207,CP-LV-C400S,4,true,none,
CR-000208,CP-BB-DM5440,5,true,none,
CR-000209,VS-AP-3000i,5,false,sensor_trust,reliability|sensor_trust
CR-000210,VS-AP-2000,5,true,none,
CR-000211,VS-AP-8000i,5,true,none,
CR-000212,VS-AP-3000i,5,false,reliability,noise|reliability
CR-000213,VS-AP-4000i,1,true,connectivity,connectivity
CR-000214,VS-AP-3000i,5,true,none,
CR-000215,CP-BB-DM5440,5,true,none,
CR-000216,CP-XM-4PRO,2,true,filter_cost,filter_cost
CR-000217,VS-AP-4000i,5,true,none,
CR-000218,CP-DY-TP09,5,true,none,
CR-000219,CP-DY-TP09,4,true,none,
CR-000220,CP-DY-TP09,3,true,connectivity,connectivity
CR-000221,VS-AP-4000i,5,true,none,
CR-000222,VS-AP-4000i,5,false,app_software,app_software
CR-000223,VS-AC-1000i,5,true,none,
CR-000224,VS-AC-1000i,5,true,none,
CR-000225,VS-AP-3000i,5,true,none,
CR-000226,CP-XM-4PRO,5,true,none,
CR-000227,CP-DY-TP09,5,true,none,
CR-000228,VS-AP-3000i,5,true,none,
CR-000229,VS-AP-8000i,5,true,none,
CR-000230,CP-LV-C400S,5,true,none,
CR-000231,VS-AP-4000i,1,true,connectivity,connectivity|filter_cost
CR-000232,CP-LV-C400S,5,true,none,
CR-000233,CP-DY-TP09,3,true,connectivity,connectivity
CR-000234,VS-AC-1000i,4,true,none,
CR-000235,VS-AP-8000i,5,true,none,
CR-000236,VS-AP-4000i,5,true,none,
CR-000237,CP-BB-DM5440,5,true,none,
CR-000238,CP-BB-DM5440,5,true,none,
CR-000239,VS-AP-8000i,1,false,none,
CR-000240,VS-AP-2000,5,true,none,
CR-000241,VS-AP-2000,4,true,none,
CR-000242,CP-BB-DM5440,4,true,none,
CR-000243,CP-XM-4PRO,2,true,noise,connectivity|noise
CR-000244,VS-AP-2000,2,true,noise,app_software|noise
CR-000245,CP-LV-C400S,5,true,none,
CR-000246,VS-AP-8000i,5,true,none,
CR-000247,VS-AP-4000i,2,true,app_software,app_software
CR-000248,CP-BB-DM5440,2,true,app_software,app_software|connectivity
CR-000249,VS-AP-2000,4,true,none,
CR-000250,CP-LV-C400S,5,true,none,
CR-000251,VS-AC-1000i,4,true,none,
CR-000252,VS-AC-1000i,4,true,none,
CR-000253,CP-LV-C400S,5,true,none,
CR-000254,VS-AP-8000i,4,true,none,
CR-000255,VS-AP-8000i,4,true,none,
CR-000256,VS-AP-2000,5,true,none,
CR-000257,VS-AP-8000i,5,true,none,
CR-000258,VS-AP-2000,1,true,connectivity,connectivity|reliability
CR-000259,VS-AP-3000i,2,true,connectivity,connectivity
CR-000260,VS-AP-8000i,3,true,none,
CR-000261,VS-AP-8000i,1,true,connectivity,app_software|connectivity
CR-000262,VS-AC-1000i,4,true,none,
CR-000263,VS-AP-2000,3,true,app_software,app_software
CR-000264,VS-AC-1000i,1,true,app_software,app_software
CR-000265,VS-AP-8000i,5,true,none,
CR-000266,CP-LV-C400S,4,true,none,
CR-000267,CP-LV-C400S,5,true,none,
CR-000268,CP-XM-4PRO,4,true,none,
CR-000269,CP-LV-C400S,4,true,none,
CR-000270,VS-AC-1000i,5,true,none,
CR-000271,VS-AC-1000i,3,true,none,
CR-000272,CP-BB-DM5440,4,true,none,
CR-000273,VS-AP-8000i,5,true,none,
CR-000274,CP-BB-DM5440,4,true,none,
CR-000275,CP-XM-4PRO,4,true,none,
CR-000276,CP-BB-DM5440,3,true,none,
CR-000277,CP-LV-C400S,4,true,none,
CR-000278,CP-BB-DM5440,3,true,none,
CR-000279,VS-AC-1000i,5,true,none,
CR-000280,VS-AP-2000,5,true,none,
CR-000281,CP-BB-DM5440,1,true,noise,noise
CR-000282,VS-AP-8000i,1,true,reliability,app_software|reliability
CR-000283,VS-AC-1000i,1,true,filter_cost,filter_cost|reliability
CR-000284,CP-LV-C400S,5,true,none,
CR-000285,VS-AP-4000i,5,true,none,
CR-000286,CP-XM-4PRO,5,true,none,
CR-000287,VS-AP-8000i,5,true,none,
CR-000288,CP-XM-4PRO,4,true,none,
CR-000289,VS-AP-4000i,1,true,sensor_trust,sensor_trust
CR-000290,VS-AP-3000i,5,true,none,
CR-000291,CP-BB-DM5440,2,true,reliability,reliability
CR-000292,CP-LV-C400S,4,true,none,
CR-000293,CP-DY-TP09,5,true,none,
CR-000294,VS-AP-3000i,3,true,none,
CR-000295,VS-AC-1000i,4,true,none,
CR-000296,VS-AP-8000i,5,true,none,
CR-000297,VS-AP-8000i,2,true,app_software,app_software|filter_cost
CR-000298,CP-XM-4PRO,5,true,none,
CR-000299,CP-XM-4PRO,4,true,none,
CR-000300,VS-AP-2000,2,true,noise,noise
CR-000301,VS-AP-8000i,5,true,none,
CR-000302,CP-XM-4PRO,5,true,none,
CR-000303,VS-AP-8000i,2,true,connectivity,connectivity
CR-000304,VS-AP-4000i,5,true,none,
CR-000305,VS-AP-3000i,5,true,none,
CR-000306,VS-AP-4000i,1,true,noise,noise|reliability
CR-000307,CP-DY-TP09,4,true,none,
CR-000308,VS-AC-1000i,5,true,none,
CR-000309,VS-AP-4000i,5,true,none,
CR-000310,CP-XM-4PRO,5,true,none,
CR-000311,CP-LV-C400S,4,true,none,
CR-000312,CP-DY-TP09,5,true,none,
CR-000313,CP-DY-TP09,4,true,none,
CR-000314,CP-LV-C400S,2,true,app_software,app_software
CR-000315,VS-AP-4000i,1,true,connectivity,connectivity
CR-000316,VS-AP-2000,5,true,none,
CR-000317,CP-BB-DM5440,5,false,connectivity,connectivity
CR-000318,CP-LV-C400S,5,true,none,
CR-000319,CP-BB-DM5440,1,true,reliability,reliability
CR-000320,VS-AC-1000i,5,true,none,
CR-000321,VS-AP-8000i,2,true,app_software,app_software|noise
CR-000322,CP-XM-4PRO,5,true,none,
CR-000323,VS-AP-8000i,4,true,none,
CR-000324,CP-XM-4PRO,5,true,none,
CR-000325,CP-BB-DM5440,5,true,none,
CR-000326,VS-AC-1000i,3,true,none,
CR-000327,CP-DY-TP09,5,true,none,
CR-000328,VS-AP-4000i,5,true,none,
CR-000329,VS-AP-4000i,5,true,none,
CR-000330,VS-AP-4000i,1,true,noise,app_software|noise
CR-000331,CP-DY-TP09,1,true,app_software,app_software|connectivity
CR-000332,CP-DY-TP09,5,true,none,
CR-000333,VS-AC-1000i,4,true,none,
CR-000334,VS-AC-1000i,5,true,none,
CR-000335,VS-AP-3000i,5,true,none,
CR-000336,CP-DY-TP09,5,true,none,
CR-000337,CP-XM-4PRO,5,true,none,
CR-000338,VS-AP-4000i,3,true,none,
CR-000339,VS-AP-8000i,5,true,none,
CR-000340,CP-DY-TP09,5,true,none,
CR-000341,CP-XM-4PRO,4,true,none,
CR-000342,VS-AP-8000i,5,true,none,
CR-000343,CP-XM-4PRO,5,true,none,
CR-000344,VS-AC-1000i,5,true,none,
CR-000345,CP-XM-4PRO,4,true,none,
CR-000346,CP-LV-C400S,5,true,none,
CR-000347,VS-AP-2000,5,true,none,
CR-000348,VS-AP-3000i,5,true,none,
CR-000349,CP-BB-DM5440,4,true,none,
CR-000350,VS-AP-8000i,1,true,noise,noise|reliability
CR-000351,CP-LV-C400S,5,true,none,
CR-000352,VS-AP-3000i,1,true,app_software,app_software|sensor_trust
CR-000353,VS-AP-4000i,4,true,none,
CR-000354,CP-LV-C400S,5,true,none,
CR-000355,VS-AP-4000i,5,true,none,
CR-000356,CP-XM-4PRO,5,true,none,
CR-000357,VS-AP-8000i,5,true,none,
CR-000358,VS-AP-4000i,4,true,none,
CR-000359,CP-DY-TP09,4,true,none,
CR-000360,VS-AC-1000i,4,true,none,
CR-000361,VS-AP-8000i,1,true,app_software,app_software
CR-000362,CP-DY-TP09,1,true,connectivity,app_software|connectivity
CR-000363,VS-AP-2000,5,true,none,
CR-000364,VS-AP-8000i,5,true,none,
CR-000365,CP-LV-C400S,5,true,none,
CR-000366,VS-AP-4000i,5,true,none,
CR-000367,VS-AP-3000i,5,true,none,
CR-000368,VS-AC-1000i,4,true,none,
CR-000369,CP-BB-DM5440,3,true,filter_cost,filter_cost
CR-000370,VS-AP-4000i,5,true,none,
CR-000371,VS-AP-2000,5,true,none,
CR-000372,CP-DY-TP09,5,false,app_software,app_software|connectivity
CR-000373,VS-AP-3000i,5,true,none,
CR-000374,VS-AP-8000i,5,true,none,
CR-000375,VS-AP-4000i,1,true,connectivity,connectivity
CR-000376,VS-AC-1000i,5,true,none,
CR-000377,CP-XM-4PRO,4,true,none,
CR-000378,CP-XM-4PRO,3,true,noise,noise
CR-000379,VS-AP-3000i,5,true,none,
CR-000380,VS-AP-3000i,4,true,none,
CR-000381,CP-XM-4PRO,4,true,none,
CR-000382,CP-LV-C400S,5,true,none,
CR-000383,CP-BB-DM5440,5,true,none,
CR-000384,CP-BB-DM5440,5,true,none,
CR-000385,CP-DY-TP09,3,true,app_software,app_software
CR-000386,CP-XM-4PRO,1,true,app_software,app_software|noise
CR-000387,CP-XM-4PRO,4,true,none,
CR-000388,VS-AP-4000i,5,true,none,
CR-000389,VS-AP-3000i,5,true,none,
CR-000390,CP-LV-C400S,5,true,none,
CR-000391,VS-AP-4000i,5,true,none,
CR-000392,VS-AP-4000i,2,true,noise,filter_cost|noise
CR-000393,CP-DY-TP09,4,true,none,
CR-000394,VS-AP-8000i,5,true,none,
CR-000395,CP-LV-C400S,5,true,none,
CR-000396,VS-AP-4000i,4,true,none,
CR-000397,VS-AC-1000i,5,true,none,
CR-000398,CP-LV-C400S,4,true,none,
CR-000399,VS-AC-1000i,5,true,none,
CR-000400,CP-BB-DM5440,5,true,none,
CR-000401,CP-XM-4PRO,5,true,none,
CR-000402,CP-LV-C400S,5,false,connectivity,connectivity
CR-000403,VS-AP-8000i,2,true,filter_cost,app_software|filter_cost
CR-000404,VS-AP-8000i,2,true,app_software,app_software|sensor_trust
CR-000405,CP-XM-4PRO,1,true,app_software,app_software|connectivity
CR-000406,VS-AP-3000i,1,true,app_software,app_software
CR-000407,CP-DY-TP09,5,true,none,
CR-000408,CP-LV-C400S,3,true,app_software,app_software
CR-000409,VS-AP-8000i,5,true,none,
CR-000410,VS-AP-8000i,5,true,none,
CR-000411,VS-AP-8000i,5,true,none,
CR-000412,VS-AP-3000i,2,true,sensor_trust,sensor_trust
CR-000413,VS-AP-4000i,5,true,none,
CR-000414,VS-AP-3000i,5,true,none,
CR-000415,CP-BB-DM5440,4,true,none,
CR-000416,CP-XM-4PRO,5,true,none,
CR-000417,VS-AP-8000i,5,true,none,
CR-000418,VS-AP-2000,5,true,none,
CR-000419,CP-LV-C400S,1,true,connectivity,connectivity
CR-000420,VS-AP-3000i,4,true,none,
CR-000421,VS-AP-8000i,5,true,none,
CR-000422,CP-DY-TP09,5,true,none,
CR-000423,VS-AC-1000i,4,true,none,
CR-000424,CP-LV-C400S,4,true,none,
CR-000425,CP-LV-C400S,5,true,none,
CR-000426,CP-BB-DM5440,5,true,none,
CR-000427,VS-AP-4000i,4,true,none,
CR-000428,CP-LV-C400S,5,true,none,
CR-000429,CP-LV-C400S,3,true,app_software,app_software
CR-000430,VS-AP-3000i,5,true,none,
CR-000431,CP-BB-DM5440,5,true,none,
CR-000432,CP-BB-DM5440,5,true,none,
CR-000433,VS-AP-3000i,4,true,none,
CR-000434,VS-AP-8000i,4,true,none,
CR-000435,CP-XM-4PRO,2,true,connectivity,app_software|connectivity
CR-000436,VS-AP-2000,1,true,noise,noise
CR-000437,CP-BB-DM5440,2,true,noise,noise
CR-000438,VS-AP-3000i,4,true,none,
CR-000439,VS-AP-2000,5,true,none,
CR-000440,VS-AP-8000i,4,true,none,
CR-000441,CP-DY-TP09,1,true,noise,noise
CR-000442,CP-XM-4PRO,4,true,none,
CR-000443,VS-AP-4000i,3,true,noise,noise
CR-000444,CP-LV-C400S,1,true,app_software,app_software|reliability
CR-000445,VS-AP-4000i,4,true,none,
CR-000446,CP-BB-DM5440,5,true,none,
CR-000447,VS-AP-2000,1,true,noise,connectivity|noise
CR-000448,VS-AP-2000,5,true,none,
CR-000449,CP-LV-C400S,3,true,sensor_trust,sensor_trust
CR-000450,CP-LV-C400S,5,true,none,
CR-000451,CP-XM-4PRO,4,true,none,
CR-000452,VS-AP-2000,1,true,sensor_trust,sensor_trust
CR-000453,CP-BB-DM5440,5,true,none,
CR-000454,VS-AP-2000,2,true,filter_cost,filter_cost
CR-000455,CP-LV-C400S,5,true,none,
CR-000456,CP-LV-C400S,5,true,none,
CR-000457,VS-AC-1000i,5,true,none,
CR-000458,VS-AP-3000i,3,true,noise,noise
CR-000459,VS-AP-2000,1,true,connectivity,connectivity
CR-000460,CP-BB-DM5440,5,true,none,
CR-000461,CP-LV-C400S,5,true,none,
CR-000462,VS-AP-2000,1,true,noise,noise
CR-000463,VS-AC-1000i,5,true,none,
CR-000464,CP-BB-DM5440,5,true,none,
CR-000465,VS-AP-3000i,5,true,none,
CR-000466,CP-XM-4PRO,4,true,none,
CR-000467,VS-AC-1000i,1,true,connectivity,app_software|connectivity
CR-000468,CP-BB-DM5440,3,true,noise,noise
CR-000469,CP-DY-TP09,3,true,none,
CR-000470,CP-XM-4PRO,1,true,app_software,app_software|connectivity
CR-000471,CP-DY-TP09,1,true,connectivity,connectivity|reliability
CR-000472,VS-AP-8000i,5,true,none,
CR-000473,CP-XM-4PRO,4,true,none,
CR-000474,VS-AP-2000,5,true,none,
CR-000475,CP-LV-C400S,1,true,filter_cost,filter_cost
CR-000476,VS-AP-3000i,5,true,none,
CR-000477,CP-XM-4PRO,5,true,none,
CR-000478,VS-AP-3000i,5,true,none,
CR-000479,VS-AP-2000,5,true,none,
CR-000480,CP-BB-DM5440,4,true,none,
CR-000481,CP-LV-C400S,4,true,none,
CR-000482,VS-AC-1000i,3,true,connectivity,connectivity
CR-000483,VS-AP-2000,3,true,connectivity,connectivity
CR-000484,VS-AP-8000i,1,true,noise,noise
CR-000485,VS-AP-2000,5,true,none,
CR-000486,CP-DY-TP09,1,true,connectivity,connectivity
CR-000487,CP-DY-TP09,4,true,none,
CR-000488,VS-AC-1000i,4,true,none,
CR-000489,VS-AC-1000i,1,true,noise,noise
CR-000490,CP-XM-4PRO,4,true,none,
CR-000491,CP-BB-DM5440,1,true,connectivity,connectivity
CR-000492,VS-AP-4000i,3,true,none,
CR-000493,VS-AP-8000i,5,true,none,
CR-000494,VS-AP-2000,4,true,none,
CR-000495,CP-DY-TP09,4,true,none,
CR-000496,VS-AP-4000i,1,true,filter_cost,filter_cost
CR-000497,VS-AP-2000,5,true,none,
CR-000498,CP-DY-TP09,4,true,none,
CR-000499,VS-AP-4000i,5,true,none,
CR-000500,CP-LV-C400S,5,true,none,
CR-000501,CP-DY-TP09,5,true,none,
CR-000502,CP-XM-4PRO,1,true,sensor_trust,filter_cost|sensor_trust
CR-000503,VS-AP-8000i,5,true,none,
CR-000504,VS-AP-4000i,4,true,none,
CR-000505,VS-AP-4000i,5,true,none,
CR-000506,CP-LV-C400S,5,true,none,
CR-000507,VS-AP-4000i,3,true,app_software,app_software
CR-000508,VS-AP-3000i,2,true,connectivity,app_software|connectivity
CR-000509,VS-AC-1000i,5,true,none,
CR-000510,VS-AP-2000,5,true,none,
CR-000511,CP-XM-4PRO,5,true,none,
CR-000512,VS-AP-8000i,4,true,none,
CR-000513,CP-XM-4PRO,5,true,none,
CR-000514,CP-XM-4PRO,4,true,none,
CR-000515,VS-AP-3000i,5,true,none,
CR-000516,CP-LV-C400S,5,true,none,
CR-000517,VS-AP-3000i,5,true,none,
CR-000518,VS-AP-8000i,5,true,none,
CR-000519,CP-DY-TP09,5,true,none,
CR-000520,VS-AP-8000i,3,true,none,
CR-000521,VS-AC-1000i,4,true,none,
CR-000522,CP-XM-4PRO,5,true,none,
CR-000523,CP-DY-TP09,5,true,none,
CR-000524,CP-LV-C400S,3,true,noise,noise
CR-000525,CP-BB-DM5440,5,true,none,
CR-000526,CP-XM-4PRO,5,true,none,
CR-000527,CP-LV-C400S,5,true,none,
CR-000528,CP-LV-C400S,2,true,app_software,app_software
CR-000529,VS-AP-3000i,5,true,none,
CR-000530,CP-XM-4PRO,2,true,app_software,app_software|connectivity
CR-000531,CP-BB-DM5440,5,true,none,
CR-000532,VS-AC-1000i,5,true,none,
CR-000533,VS-AP-2000,4,true,none,
CR-000534,VS-AP-8000i,2,true,filter_cost,filter_cost|noise
CR-000535,VS-AP-3000i,3,true,reliability,reliability
CR-000536,VS-AP-2000,1,true,none,
CR-000537,CP-DY-TP09,3,true,none,
CR-000538,VS-AP-3000i,4,true,none,
CR-000539,CP-BB-DM5440,2,true,noise,connectivity|noise
CR-000540,VS-AP-2000,4,true,none,
CR-000541,VS-AP-4000i,1,true,app_software,app_software
CR-000542,CP-LV-C400S,5,true,none,
CR-000543,VS-AP-8000i,4,true,none,
CR-000544,VS-AP-8000i,5,true,none,
CR-000545,VS-AP-8000i,5,true,none,
CR-000546,CP-LV-C400S,3,true,none,
CR-000547,VS-AP-3000i,2,true,app_software,app_software
CR-000548,CP-DY-TP09,5,true,none,
CR-000549,CP-LV-C400S,5,false,connectivity,connectivity
CR-000550,VS-AC-1000i,5,false,connectivity,connectivity
CR-000551,VS-AP-4000i,4,true,none,
CR-000552,VS-AP-3000i,5,true,none,
CR-000553,VS-AP-2000,5,true,none,
CR-000554,VS-AC-1000i,5,true,none,
CR-000555,VS-AC-1000i,5,true,none,
CR-000556,VS-AP-2000,3,true,connectivity,connectivity
CR-000557,CP-DY-TP09,1,true,connectivity,connectivity
CR-000558,CP-XM-4PRO,5,true,none,
CR-000559,VS-AP-4000i,5,true,none,
CR-000560,VS-AP-2000,5,true,none,
CR-000561,CP-BB-DM5440,3,true,none,
CR-000562,VS-AP-8000i,3,true,filter_cost,filter_cost
CR-000563,CP-LV-C400S,5,true,none,
CR-000564,CP-XM-4PRO,5,true,none,
CR-000565,CP-LV-C400S,5,true,none,
CR-000566,VS-AP-4000i,3,true,app_software,app_software
CR-000567,VS-AP-2000,5,true,none,
CR-000568,VS-AP-3000i,4,true,none,
CR-000569,VS-AP-3000i,2,true,app_software,app_software|sensor_trust
CR-000570,CP-XM-4PRO,4,true,none,
CR-000571,CP-DY-TP09,4,true,none,
CR-000572,CP-DY-TP09,1,true,app_software,app_software|filter_cost
CR-000573,VS-AP-8000i,1,true,filter_cost,filter_cost
CR-000574,VS-AP-3000i,4,true,none,
CR-000575,VS-AP-2000,5,true,none,
CR-000576,CP-BB-DM5440,1,true,app_software,app_software|noise
CR-000577,CP-LV-C400S,5,true,none,
CR-000578,VS-AP-2000,5,true,none,
CR-000579,VS-AC-1000i,3,true,none,
CR-000580,CP-XM-4PRO,5,true,none,
CR-000581,VS-AP-8000i,5,true,none,
CR-000582,VS-AC-1000i,5,true,none,
CR-000583,VS-AC-1000i,3,true,connectivity,connectivity
CR-000584,VS-AP-3000i,5,true,none,
CR-000585,VS-AC-1000i,3,true,none,
CR-000586,CP-BB-DM5440,5,true,none,
CR-000587,CP-DY-TP09,4,true,none,
CR-000588,VS-AC-1000i,5,true,none,
CR-000589,CP-XM-4PRO,5,true,none,
CR-000590,CP-XM-4PRO,5,true,none,
CR-000591,VS-AC-1000i,5,true,none,
CR-000592,CP-BB-DM5440,3,true,none,
CR-000593,VS-AP-4000i,1,true,connectivity,connectivity
CR-000594,VS-AP-3000i,5,true,none,
CR-000595,CP-LV-C400S,4,true,none,
CR-000596,VS-AP-3000i,1,true,app_software,app_software
CR-000597,CP-DY-TP09,5,false,sensor_trust,noise|sensor_trust
CR-000598,VS-AC-1000i,5,true,none,
CR-000599,CP-DY-TP09,5,false,reliability,filter_cost|reliability
CR-000600,VS-AP-4000i,1,true,connectivity,connectivity
CR-000601,CP-DY-TP09,1,true,noise,noise
CR-000602,CP-BB-DM5440,5,true,none,
CR-000603,VS-AP-4000i,3,true,app_software,app_software
CR-000604,CP-DY-TP09,3,true,noise,noise
CR-000605,VS-AP-4000i,5,true,none,
CR-000606,CP-XM-4PRO,5,true,none,
CR-000607,CP-LV-C400S,1,true,none,
CR-000608,VS-AP-8000i,2,true,connectivity,connectivity|reliability
CR-000609,CP-XM-4PRO,5,true,none,
CR-000610,CP-XM-4PRO,3,true,none,
CR-000611,VS-AP-4000i,4,true,none,
CR-000612,VS-AP-8000i,5,true,none,
CR-000613,VS-AP-3000i,5,true,none,
CR-000614,VS-AP-8000i,4,true,none,
CR-000615,VS-AP-4000i,5,true,none,
CR-000616,VS-AP-4000i,5,true,none,
CR-000617,CP-LV-C400S,5,true,none,
CR-000618,VS-AP-2000,4,true,none,
CR-000619,VS-AP-2000,5,true,none,
CR-000620,VS-AP-4000i,5,true,none,
CR-000621,VS-AP-8000i,5,true,none,
CR-000622,VS-AP-2000,4,true,none,
CR-000623,VS-AP-8000i,2,true,noise,noise
CR-000624,CP-BB-DM5440,5,true,none,
CR-000625,CP-DY-TP09,4,true,none,
CR-000626,VS-AC-1000i,4,true,none,
CR-000627,CP-LV-C400S,4,true,none,
CR-000628,CP-DY-TP09,4,true,none,
CR-000629,CP-LV-C400S,5,true,none,
CR-000630,CP-XM-4PRO,1,true,app_software,app_software
CR-000631,VS-AP-3000i,2,true,filter_cost,app_software|filter_cost
CR-000632,VS-AP-4000i,5,true,none,
CR-000633,VS-AC-1000i,3,true,none,
CR-000634,CP-BB-DM5440,4,true,none,
CR-000635,VS-AP-4000i,1,true,connectivity,connectivity
CR-000636,CP-BB-DM5440,4,true,none,
CR-000637,VS-AP-4000i,5,true,none,
CR-000638,CP-LV-C400S,5,true,none,
CR-000639,CP-DY-TP09,2,true,noise,noise
CR-000640,VS-AP-3000i,5,true,none,
CR-000641,VS-AP-4000i,5,true,none,
CR-000642,CP-LV-C400S,5,true,none,
CR-000643,CP-BB-DM5440,5,true,none,
CR-000644,VS-AP-2000,4,true,none,
CR-000645,CP-LV-C400S,4,true,none,
CR-000646,CP-BB-DM5440,5,true,none,
CR-000647,VS-AP-3000i,5,true,none,
CR-000648,VS-AP-4000i,4,true,none,
CR-000649,VS-AP-4000i,4,true,none,
CR-000650,VS-AP-4000i,1,true,filter_cost,filter_cost
CR-000651,VS-AP-4000i,5,false,noise,connectivity|noise
CR-000652,CP-XM-4PRO,5,true,none,
CR-000653,CP-DY-TP09,3,true,connectivity,connectivity
CR-000654,CP-LV-C400S,4,true,none,
CR-000655,VS-AP-4000i,4,true,none,
CR-000656,VS-AP-3000i,5,true,none,
CR-000657,VS-AP-2000,5,true,none,
CR-000658,VS-AP-2000,5,true,none,
CR-000659,VS-AP-8000i,5,true,none,
CR-000660,VS-AP-3000i,5,true,none,
CR-000661,VS-AC-1000i,5,true,none,
CR-000662,CP-LV-C400S,5,true,none,
CR-000663,CP-LV-C400S,5,true,none,
CR-000664,VS-AP-2000,5,true,none,
CR-000665,CP-XM-4PRO,1,true,reliability,reliability
CR-000666,CP-LV-C400S,5,true,none,
CR-000667,VS-AC-1000i,4,true,none,
CR-000668,CP-LV-C400S,3,true,app_software,app_software
CR-000669,CP-DY-TP09,5,true,none,
CR-000670,VS-AC-1000i,5,true,none,
CR-000671,VS-AP-4000i,4,true,none,
CR-000672,VS-AP-4000i,5,true,none,
CR-000673,VS-AC-1000i,5,true,none,
CR-000674,CP-XM-4PRO,1,true,none,
CR-000675,CP-LV-C400S,4,true,none,
CR-000676,CP-DY-TP09,1,true,connectivity,connectivity
CR-000677,VS-AP-2000,5,true,none,
CR-000678,CP-LV-C400S,3,true,none,
CR-000679,CP-LV-C400S,1,true,reliability,app_software|reliability
CR-000680,CP-DY-TP09,1,true,filter_cost,app_software|filter_cost
CR-000681,CP-LV-C400S,5,true,none,
CR-000682,VS-AP-2000,5,true,none,
CR-000683,VS-AP-8000i,3,true,app_software,app_software
CR-000684,CP-LV-C400S,5,true,none,
CR-000685,VS-AP-8000i,3,true,filter_cost,filter_cost
CR-000686,VS-AC-1000i,5,true,none,
CR-000687,VS-AC-1000i,1,true,app_software,app_software
CR-000688,VS-AP-4000i,5,true,none,
CR-000689,VS-AP-2000,4,true,none,
CR-000690,CP-LV-C400S,1,true,connectivity,connectivity
CR-000691,VS-AC-1000i,4,true,none,
CR-000692,CP-BB-DM5440,3,true,connectivity,connectivity
CR-000693,VS-AP-3000i,3,true,app_software,app_software
CR-000694,CP-LV-C400S,4,true,none,
CR-000695,CP-BB-DM5440,4,true,none,
CR-000696,VS-AP-4000i,4,true,none,
CR-000697,VS-AC-1000i,1,true,none,
CR-000698,VS-AP-2000,4,true,none,
CR-000699,VS-AP-4000i,4,true,none,
CR-000700,VS-AP-4000i,5,true,none,
CR-000701,VS-AP-3000i,5,true,none,
CR-000702,CP-LV-C400S,4,true,none,
CR-000703,CP-XM-4PRO,1,true,noise,noise
CR-000704,VS-AP-8000i,4,true,none,
CR-000705,VS-AP-2000,1,true,filter_cost,filter_cost
CR-000706,VS-AP-4000i,5,true,none,
CR-000707,CP-LV-C400S,1,true,filter_cost,connectivity|filter_cost
CR-000708,VS-AP-8000i,5,true,none,
CR-000709,CP-DY-TP09,4,true,none,
CR-000710,VS-AP-3000i,4,true,none,
CR-000711,CP-XM-4PRO,2,true,none,
CR-000712,CP-BB-DM5440,4,true,none,
CR-000713,CP-BB-DM5440,1,true,app_software,app_software
CR-000714,VS-AC-1000i,5,true,none,
CR-000715,VS-AP-3000i,3,true,app_software,app_software
CR-000716,VS-AP-2000,2,true,noise,noise
CR-000717,VS-AP-8000i,5,true,none,
CR-000718,VS-AP-4000i,5,true,none,
CR-000719,CP-BB-DM5440,1,true,app_software,app_software
CR-000720,VS-AP-3000i,3,true,reliability,reliability
CR-000721,CP-DY-TP09,1,true,connectivity,connectivity
CR-000722,CP-XM-4PRO,1,true,app_software,app_software|filter_cost
CR-000723,VS-AP-4000i,5,true,none,
CR-000724,VS-AP-4000i,4,true,none,
CR-000725,VS-AP-2000,5,true,none,
CR-000726,CP-DY-TP09,5,true,none,
CR-000727,VS-AP-4000i,4,true,none,
CR-000728,VS-AP-8000i,4,true,none,
CR-000729,VS-AP-3000i,4,true,none,
CR-000730,CP-XM-4PRO,5,true,none,
CR-000731,CP-DY-TP09,1,true,none,
CR-000732,VS-AP-4000i,5,true,none,
CR-000733,CP-BB-DM5440,4,true,none,
CR-000734,VS-AP-3000i,5,true,none,
CR-000735,VS-AC-1000i,4,true,none,
CR-000736,CP-XM-4PRO,5,true,none,
CR-000737,CP-BB-DM5440,1,true,connectivity,connectivity|reliability
CR-000738,VS-AC-1000i,1,true,app_software,app_software
CR-000739,VS-AP-4000i,4,true,none,
CR-000740,VS-AC-1000i,4,true,none,
CR-000741,CP-XM-4PRO,4,true,none,
CR-000742,VS-AP-8000i,5,true,none,
CR-000743,VS-AC-1000i,5,true,none,
CR-000744,CP-DY-TP09,4,true,none,
CR-000745,VS-AC-1000i,5,true,none,
CR-000746,VS-AP-3000i,5,true,none,
CR-000747,VS-AP-4000i,4,true,none,
CR-000748,VS-AP-3000i,4,true,none,
CR-000749,CP-LV-C400S,5,true,none,
CR-000750,CP-DY-TP09,1,true,filter_cost,filter_cost
CR-000751,CP-BB-DM5440,1,true,filter_cost,app_software|filter_cost
CR-000752,CP-XM-4PRO,3,true,none,
CR-000753,VS-AC-1000i,5,true,none,
CR-000754,CP-BB-DM5440,3,true,none,
CR-000755,VS-AC-1000i,5,true,none,
CR-000756,CP-DY-TP09,5,true,none,
CR-000757,VS-AP-4000i,2,true,none,
CR-000758,CP-LV-C400S,5,true,none,
CR-000759,VS-AP-3000i,1,true,noise,connectivity|noise
CR-000760,VS-AP-2000,5,true,none,
CR-000761,VS-AP-4000i,5,true,none,
CR-000762,VS-AP-4000i,5,true,none,
CR-000763,VS-AP-4000i,1,true,filter_cost,filter_cost
CR-000764,VS-AP-3000i,5,true,none,
CR-000765,CP-DY-TP09,4,true,none,
CR-000766,VS-AP-4000i,3,true,app_software,app_software
CR-000767,VS-AP-3000i,4,true,none,
CR-000768,CP-LV-C400S,1,true,filter_cost,filter_cost
CR-000769,CP-LV-C400S,4,true,none,
CR-000770,CP-BB-DM5440,5,true,none,
CR-000771,VS-AP-3000i,5,true,none,
CR-000772,CP-XM-4PRO,1,true,noise,noise
CR-000773,CP-DY-TP09,4,true,none,
CR-000774,VS-AP-4000i,3,true,none,
CR-000775,CP-BB-DM5440,4,true,none,
CR-000776,CP-LV-C400S,4,true,none,
CR-000777,CP-XM-4PRO,5,true,none,
CR-000778,CP-BB-DM5440,5,true,none,
CR-000779,VS-AP-4000i,5,true,none,
CR-000780,VS-AP-3000i,5,true,none,
CR-000781,CP-LV-C400S,5,true,none,
CR-000782,VS-AP-4000i,5,true,none,
CR-000783,CP-DY-TP09,4,true,none,
CR-000784,VS-AC-1000i,4,true,none,
CR-000785,VS-AC-1000i,5,true,none,
CR-000786,CP-DY-TP09,5,true,none,
CR-000787,CP-BB-DM5440,4,true,none,
CR-000788,CP-XM-4PRO,2,true,noise,noise
CR-000789,CP-LV-C400S,5,true,none,
CR-000790,VS-AC-1000i,5,true,none,
CR-000791,CP-DY-TP09,4,true,none,
CR-000792,CP-XM-4PRO,5,true,none,
CR-000793,CP-DY-TP09,5,true,none,
CR-000794,VS-AC-1000i,5,true,none,
CR-000795,CP-BB-DM5440,5,true,none,
CR-000796,VS-AP-2000,5,true,none,
CR-000797,CP-LV-C400S,2,true,app_software,app_software
CR-000798,CP-LV-C400S,1,false,none,
CR-000799,VS-AP-3000i,5,false,filter_cost,filter_cost|sensor_trust
CR-000800,CP-DY-TP09,1,true,none,
CR-000801,VS-AP-8000i,3,true,none,
CR-000802,VS-AP-8000i,4,true,none,
CR-000803,CP-XM-4PRO,4,true,none,
CR-000804,VS-AP-4000i,5,true,none,
CR-000805,VS-AP-4000i,5,true,none,
CR-000806,VS-AP-3000i,5,true,none,
CR-000807,VS-AP-3000i,4,true,none,
CR-000808,CP-BB-DM5440,3,true,filter_cost,filter_cost
CR-000809,CP-DY-TP09,1,true,noise,noise
CR-000810,VS-AP-2000,5,true,none,
CR-000811,CP-LV-C400S,3,true,none,
CR-000812,VS-AP-3000i,5,true,none,
CR-000813,VS-AC-1000i,1,true,connectivity,connectivity
CR-000814,CP-XM-4PRO,5,true,none,
CR-000815,CP-DY-TP09,4,true,none,
CR-000816,CP-XM-4PRO,4,true,none,
CR-000817,CP-LV-C400S,3,true,connectivity,connectivity
CR-000818,VS-AP-4000i,4,true,none,
CR-000819,VS-AP-2000,5,true,none,
CR-000820,CP-XM-4PRO,1,true,sensor_trust,reliability|sensor_trust
CR-000821,CP-DY-TP09,4,true,none,
CR-000822,VS-AP-3000i,5,true,none,
CR-000823,VS-AP-8000i,5,true,none,
CR-000824,CP-BB-DM5440,1,true,app_software,app_software|reliability
CR-000825,CP-BB-DM5440,1,true,reliability,reliability
CR-000826,VS-AP-3000i,5,true,none,
CR-000827,VS-AP-8000i,5,true,none,
CR-000828,CP-DY-TP09,4,true,none,
CR-000829,CP-XM-4PRO,4,true,none,
CR-000830,VS-AP-2000,5,true,none,
CR-000831,CP-DY-TP09,5,true,none,
CR-000832,CP-XM-4PRO,5,true,none,
CR-000833,VS-AP-4000i,5,true,none,
CR-000834,VS-AP-3000i,5,true,none,
CR-000835,VS-AP-4000i,4,true,none,
CR-000836,VS-AP-3000i,4,true,none,
CR-000837,CP-LV-C400S,3,true,none,
CR-000838,VS-AP-4000i,5,true,none,
CR-000839,VS-AP-3000i,5,true,none,
CR-000840,CP-BB-DM5440,5,true,none,
CR-000841,CP-DY-TP09,5,true,none,
CR-000842,VS-AP-2000,5,true,none,
CR-000843,VS-AC-1000i,5,true,none,
CR-000844,CP-XM-4PRO,5,true,none,
CR-000845,VS-AP-4000i,5,true,none,
CR-000846,CP-XM-4PRO,2,true,noise,filter_cost|noise
CR-000847,CP-XM-4PRO,5,true,none,
CR-000848,CP-DY-TP09,3,true,filter_cost,filter_cost
CR-000849,VS-AC-1000i,5,true,none,
CR-000850,VS-AP-4000i,5,true,none,
CR-000851,CP-DY-TP09,1,true,connectivity,connectivity|noise
CR-000852,VS-AP-8000i,5,true,none,
CR-000853,VS-AC-1000i,5,true,none,
CR-000854,VS-AC-1000i,3,true,none,
CR-000855,VS-AP-2000,5,true,none,
CR-000856,VS-AP-2000,5,true,none,
CR-000857,CP-XM-4PRO,2,true,none,
CR-000858,CP-DY-TP09,5,true,none,
CR-000859,CP-BB-DM5440,5,true,none,
CR-000860,VS-AP-2000,3,true,none,
CR-000861,CP-BB-DM5440,1,true,connectivity,connectivity|reliability
CR-000862,CP-XM-4PRO,2,true,sensor_trust,connectivity|sensor_trust
CR-000863,VS-AP-2000,4,true,none,
CR-000864,VS-AP-8000i,1,true,none,
CR-000865,VS-AP-2000,4,true,none,
CR-000866,VS-AC-1000i,5,true,none,
CR-000867,CP-DY-TP09,1,true,connectivity,connectivity
CR-000868,VS-AP-2000,5,true,none,
CR-000869,CP-XM-4PRO,5,true,none,
CR-000870,VS-AP-4000i,4,true,none,
CR-000871,CP-LV-C400S,3,true,none,
CR-000872,VS-AP-2000,1,true,sensor_trust,filter_cost|sensor_trust
CR-000873,VS-AP-8000i,5,true,none,
CR-000874,CP-XM-4PRO,1,true,connectivity,connectivity|noise
CR-000875,VS-AP-8000i,5,true,none,
CR-000876,CP-XM-4PRO,5,true,none,
CR-000877,VS-AP-4000i,5,true,none,
CR-000878,CP-BB-DM5440,1,true,noise,app_software|noise
CR-000879,VS-AP-3000i,5,true,none,
CR-000880,CP-LV-C400S,5,true,none,
CR-000881,VS-AP-8000i,1,true,none,
CR-000882,CP-BB-DM5440,5,true,none,
CR-000883,CP-XM-4PRO,5,true,none,
CR-000884,VS-AP-3000i,3,true,none,
CR-000885,VS-AP-3000i,5,true,none,
CR-000886,VS-AP-2000,4,true,none,
CR-000887,VS-AP-4000i,4,true,none,
CR-000888,CP-LV-C400S,1,true,app_software,app_software|reliability
CR-000889,CP-BB-DM5440,5,true,none,
CR-000890,VS-AP-2000,5,true,none,
CR-000891,VS-AP-4000i,1,true,sensor_trust,noise|sensor_trust
CR-000892,CP-DY-TP09,5,true,none,
CR-000893,VS-AP-8000i,4,true,none,
CR-000894,VS-AP-2000,2,true,app_software,app_software
CR-000895,VS-AP-8000i,5,true,none,
CR-000896,VS-AP-4000i,5,true,none,
CR-000897,CP-LV-C400S,4,true,none,
CR-000898,CP-DY-TP09,4,true,none,
CR-000899,VS-AC-1000i,2,true,app_software,app_software
CR-000900,CP-XM-4PRO,3,true,none,
CR-000901,CP-LV-C400S,5,true,none,
CR-000902,VS-AP-8000i,5,true,none,
CR-000903,VS-AP-8000i,1,true,filter_cost,filter_cost
CR-000904,VS-AC-1000i,5,true,none,
CR-000905,CP-LV-C400S,5,true,none,
CR-000906,VS-AP-2000,5,false,app_software,app_software
CR-000907,VS-AP-2000,4,true,none,
CR-000908,CP-BB-DM5440,4,true,none,
CR-000909,VS-AP-4000i,5,true,none,
CR-000910,CP-LV-C400S,5,true,none,
CR-000911,CP-BB-DM5440,5,true,none,
CR-000912,VS-AP-4000i,5,true,none,
CR-000913,VS-AP-8000i,5,true,none,
CR-000914,VS-AP-2000,4,true,none,
CR-000915,VS-AP-2000,5,true,none,
CR-000916,CP-LV-C400S,5,true,none,
CR-000917,CP-LV-C400S,5,true,none,
CR-000918,CP-BB-DM5440,3,true,noise,noise
CR-000919,CP-BB-DM5440,5,true,none,
CR-000920,VS-AP-8000i,4,true,none,
CR-000921,CP-BB-DM5440,5,true,none,
CR-000922,CP-BB-DM5440,4,true,none,
CR-000923,CP-LV-C400S,4,true,none,
CR-000924,VS-AP-8000i,5,true,none,
CR-000925,VS-AP-8000i,4,true,none,
CR-000926,VS-AP-3000i,4,true,none,
CR-000927,VS-AP-2000,5,true,none,
CR-000928,CP-LV-C400S,5,true,none,
CR-000929,CP-BB-DM5440,3,true,app_software,app_software
CR-000930,VS-AC-1000i,5,true,none,
CR-000931,CP-BB-DM5440,5,true,none,
CR-000932,CP-BB-DM5440,5,true,none,
CR-000933,CP-XM-4PRO,5,true,none,
CR-000934,VS-AP-3000i,4,true,none,
CR-000935,VS-AP-3000i,5,true,none,
CR-000936,VS-AP-8000i,3,true,filter_cost,filter_cost
CR-000937,VS-AP-8000i,3,true,connectivity,connectivity
CR-000938,VS-AC-1000i,5,true,none,
CR-000939,CP-LV-C400S,5,true,none,
CR-000940,VS-AP-3000i,5,true,none,
CR-000941,VS-AC-1000i,4,true,none,
CR-000942,CP-XM-4PRO,5,true,none,
CR-000943,CP-DY-TP09,5,true,none,
CR-000944,VS-AP-4000i,1,true,connectivity,connectivity
CR-000945,CP-XM-4PRO,1,true,reliability,connectivity|reliability
CR-000946,CP-XM-4PRO,5,true,none,
CR-000947,VS-AC-1000i,2,true,filter_cost,filter_cost
CR-000948,CP-BB-DM5440,5,true,none,
CR-000949,CP-DY-TP09,3,true,none,
CR-000950,CP-BB-DM5440,3,true,none,
CR-000951,VS-AP-8000i,5,true,none,
CR-000952,CP-DY-TP09,3,true,none,
CR-000953,VS-AP-8000i,3,true,none,
CR-000954,CP-LV-C400S,5,true,none,
CR-000955,CP-XM-4PRO,5,true,none,
CR-000956,CP-BB-DM5440,5,true,none,
CR-000957,CP-LV-C400S,5,true,none,
CR-000958,VS-AC-1000i,5,true,none,
CR-000959,VS-AP-2000,4,true,none,
CR-000960,CP-XM-4PRO,4,true,none,
CR-000961,CP-DY-TP09,1,true,sensor_trust,reliability|sensor_trust
CR-000962,VS-AC-1000i,2,true,filter_cost,filter_cost
CR-000963,VS-AP-4000i,5,true,none,
CR-000964,CP-BB-DM5440,5,false,connectivity,connectivity
CR-000965,CP-LV-C400S,4,true,none,
CR-000966,VS-AP-8000i,5,true,none,
CR-000967,CP-LV-C400S,5,true,none,
CR-000968,CP-LV-C400S,5,true,none,
CR-000969,VS-AP-3000i,5,true,none,
CR-000970,VS-AP-2000,5,true,none,
CR-000971,CP-XM-4PRO,5,true,none,
CR-000972,VS-AP-4000i,4,true,none,
CR-000973,VS-AP-8000i,5,true,none,
CR-000974,VS-AP-3000i,5,true,none,
CR-000975,VS-AP-8000i,2,true,app_software,app_software|noise
CR-000976,VS-AP-3000i,3,true,none,
CR-000977,VS-AP-8000i,3,true,filter_cost,filter_cost
CR-000978,CP-BB-DM5440,5,true,none,
CR-000979,CP-XM-4PRO,5,true,none,
CR-000980,VS-AP-4000i,5,true,none,
CR-000981,VS-AC-1000i,5,true,none,
CR-000982,CP-XM-4PRO,1,true,app_software,app_software
CR-000983,VS-AP-8000i,4,true,none,
CR-000984,VS-AP-4000i,5,true,none,
CR-000985,CP-LV-C400S,3,true,filter_cost,filter_cost
CR-000986,CP-XM-4PRO,5,true,none,
CR-000987,CP-DY-TP09,1,true,filter_cost,filter_cost
CR-000988,VS-AP-3000i,5,true,none,
CR-000989,CP-DY-TP09,5,true,none,
CR-000990,VS-AP-3000i,5,true,none,
CR-000991,CP-BB-DM5440,4,true,none,
CR-000992,VS-AP-3000i,4,true,none,
CR-000993,CP-LV-C400S,4,true,none,
CR-000994,CP-LV-C400S,3,true,none,
CR-000995,VS-AP-3000i,3,true,filter_cost,filter_cost
CR-000996,CP-LV-C400S,1,true,noise,noise|sensor_trust
CR-000997,VS-AP-8000i,2,true,connectivity,connectivity
CR-000998,VS-AC-1000i,5,true,none,
CR-000999,CP-LV-C400S,3,true,none,
CR-001000,CP-XM-4PRO,1,true,filter_cost,filter_cost
CR-001001,CP-BB-DM5440,5,true,none,
CR-001002,CP-BB-DM5440,5,true,none,
CR-001003,VS-AP-8000i,4,true,none,
CR-001004,CP-XM-4PRO,5,true,none,
CR-001005,VS-AP-2000,5,true,none,
CR-001006,VS-AP-8000i,5,true,none,
CR-001007,VS-AP-4000i,1,true,app_software,app_software
CR-001008,CP-XM-4PRO,5,true,none,
CR-001009,VS-AP-8000i,5,true,none,
CR-001010,VS-AP-2000,4,true,none,
CR-001011,VS-AP-8000i,5,true,none,
CR-001012,VS-AC-1000i,5,true,none,
CR-001013,VS-AC-1000i,3,true,none,
CR-001014,CP-BB-DM5440,5,true,none,
CR-001015,VS-AC-1000i,1,true,app_software,app_software
CR-001016,VS-AC-1000i,5,true,none,
CR-001017,VS-AP-2000,1,true,connectivity,connectivity
CR-001018,VS-AP-2000,5,true,none,
CR-001019,CP-XM-4PRO,4,true,none,
CR-001020,VS-AP-4000i,4,true,none,
CR-001021,VS-AC-1000i,4,true,none,
CR-001022,CP-XM-4PRO,1,true,reliability,reliability
CR-001023,VS-AP-3000i,5,true,none,
CR-001024,VS-AP-3000i,5,true,none,
CR-001025,CP-DY-TP09,5,true,none,
CR-001026,VS-AP-4000i,4,true,none,
CR-001027,VS-AC-1000i,4,true,none,
CR-001028,VS-AC-1000i,5,true,none,
CR-001029,VS-AP-2000,4,true,none,
CR-001030,VS-AC-1000i,1,true,none,
CR-001031,CP-XM-4PRO,5,true,none,
CR-001032,CP-DY-TP09,5,true,none,
CR-001033,VS-AP-3000i,5,true,none,
CR-001034,CP-LV-C400S,1,true,connectivity,connectivity
CR-001035,VS-AC-1000i,4,true,none,
CR-001036,VS-AP-2000,5,true,none,
CR-001037,CP-XM-4PRO,3,true,noise,noise
CR-001038,CP-LV-C400S,5,true,none,
CR-001039,VS-AP-2000,4,true,none,
CR-001040,CP-LV-C400S,4,true,none,
CR-001041,CP-XM-4PRO,4,true,none,
CR-001042,VS-AC-1000i,5,true,none,
CR-001043,CP-LV-C400S,5,true,none,
CR-001044,CP-DY-TP09,5,true,none,
CR-001045,VS-AC-1000i,5,true,none,
CR-001046,VS-AP-3000i,1,true,noise,noise
CR-001047,CP-XM-4PRO,5,true,none,
CR-001048,CP-LV-C400S,5,true,none,
CR-001049,CP-DY-TP09,4,true,none,
CR-001050,VS-AP-4000i,5,true,none,
CR-001051,VS-AP-4000i,4,true,none,
CR-001052,CP-LV-C400S,1,true,sensor_trust,sensor_trust
CR-001053,CP-DY-TP09,4,true,none,
CR-001054,CP-BB-DM5440,4,true,none,
CR-001055,VS-AP-4000i,3,true,noise,noise
CR-001056,CP-LV-C400S,3,true,reliability,reliability
CR-001057,VS-AP-3000i,4,true,none,
CR-001058,VS-AP-8000i,5,true,none,
CR-001059,VS-AC-1000i,1,true,filter_cost,filter_cost
CR-001060,VS-AP-8000i,5,true,none,
CR-001061,VS-AP-2000,5,true,none,
CR-001062,VS-AC-1000i,5,true,none,
CR-001063,CP-BB-DM5440,5,true,none,
CR-001064,CP-XM-4PRO,2,true,connectivity,connectivity
CR-001065,CP-LV-C400S,3,true,none,
CR-001066,VS-AP-3000i,4,true,none,
CR-001067,CP-DY-TP09,4,true,none,
CR-001068,VS-AP-4000i,3,true,none,
CR-001069,CP-BB-DM5440,4,true,none,
CR-001070,VS-AP-8000i,5,true,none,
CR-001071,VS-AP-4000i,5,true,none,
CR-001072,VS-AP-8000i,1,true,filter_cost,filter_cost|noise
CR-001073,VS-AP-3000i,5,true,none,
CR-001074,VS-AP-4000i,5,true,none,
CR-001075,VS-AP-4000i,5,true,none,
CR-001076,VS-AP-4000i,4,true,none,
CR-001077,VS-AC-1000i,5,true,none,
CR-001078,CP-LV-C400S,4,true,none,
CR-001079,CP-DY-TP09,4,true,none,
CR-001080,VS-AP-2000,2,true,app_software,app_software
CR-001081,CP-DY-TP09,4,true,none,
CR-001082,VS-AP-8000i,5,true,none,
CR-001083,VS-AP-3000i,4,true,none,
CR-001084,VS-AP-8000i,1,true,app_software,app_software
CR-001085,VS-AP-2000,5,true,none,
CR-001086,VS-AP-3000i,1,true,sensor_trust,sensor_trust
CR-001087,CP-XM-4PRO,5,true,none,
CR-001088,VS-AP-8000i,3,true,noise,noise
CR-001089,CP-XM-4PRO,5,true,none,
CR-001090,VS-AP-3000i,4,true,none,
CR-001091,CP-LV-C400S,3,true,noise,noise
CR-001092,CP-XM-4PRO,4,true,none,
CR-001093,VS-AP-2000,5,true,none,
CR-001094,CP-DY-TP09,4,true,none,
CR-001095,CP-LV-C400S,5,true,none,
CR-001096,VS-AC-1000i,5,true,none,
CR-001097,VS-AC-1000i,5,true,none,
CR-001098,CP-BB-DM5440,2,true,connectivity,connectivity
CR-001099,CP-XM-4PRO,5,true,none,
CR-001100,VS-AP-3000i,1,true,filter_cost,filter_cost
CR-001101,CP-LV-C400S,1,true,connectivity,connectivity
CR-001102,VS-AP-2000,5,true,none,
CR-001103,VS-AP-4000i,2,true,noise,app_software|noise
CR-001104,CP-XM-4PRO,1,true,connectivity,connectivity
CR-001105,VS-AP-4000i,4,true,none,
CR-001106,CP-LV-C400S,1,true,filter_cost,filter_cost
CR-001107,VS-AC-1000i,5,true,none,
CR-001108,CP-XM-4PRO,1,true,connectivity,connectivity
CR-001109,VS-AC-1000i,5,true,none,
CR-001110,VS-AP-2000,5,true,none,
CR-001111,CP-XM-4PRO,5,true,none,
CR-001112,VS-AC-1000i,2,true,reliability,noise|reliability
CR-001113,CP-BB-DM5440,3,true,none,
CR-001114,VS-AP-8000i,5,true,none,
CR-001115,CP-LV-C400S,5,true,none,
CR-001116,VS-AC-1000i,4,true,none,
CR-001117,CP-XM-4PRO,4,true,none,
CR-001118,VS-AP-4000i,1,true,filter_cost,filter_cost|sensor_trust
CR-001119,VS-AP-4000i,5,true,none,
CR-001120,VS-AP-3000i,5,true,none,
CR-001121,VS-AP-3000i,4,true,none,
CR-001122,CP-LV-C400S,5,true,none,
CR-001123,CP-DY-TP09,5,true,none,
CR-001124,CP-XM-4PRO,3,true,reliability,reliability
CR-001125,VS-AP-4000i,5,true,none,
CR-001126,VS-AP-8000i,4,true,none,
CR-001127,CP-XM-4PRO,3,true,noise,noise
CR-001128,CP-BB-DM5440,5,true,none,
CR-001129,CP-XM-4PRO,4,true,none,
CR-001130,VS-AP-4000i,4,true,none,
CR-001131,CP-BB-DM5440,5,true,none,
CR-001132,VS-AP-3000i,4,true,none,
CR-001133,CP-XM-4PRO,4,true,none,
CR-001134,VS-AP-2000,3,true,app_software,app_software
CR-001135,CP-BB-DM5440,5,true,none,
CR-001136,VS-AC-1000i,4,true,none,
CR-001137,VS-AP-8000i,1,true,noise,noise
CR-001138,VS-AP-4000i,5,true,none,
CR-001139,VS-AP-4000i,5,true,none,
CR-001140,CP-BB-DM5440,5,true,none,
CR-001141,VS-AP-4000i,1,true,connectivity,connectivity|noise
CR-001142,VS-AP-3000i,4,true,none,
CR-001143,CP-BB-DM5440,5,true,none,
CR-001144,VS-AP-8000i,5,true,none,
CR-001145,CP-XM-4PRO,4,true,none,
CR-001146,VS-AC-1000i,5,true,none,
CR-001147,CP-BB-DM5440,3,true,app_software,app_software
CR-001148,CP-LV-C400S,5,true,none,
CR-001149,VS-AC-1000i,5,true,none,
CR-001150,CP-LV-C400S,1,true,noise,connectivity|noise
CR-001151,CP-LV-C400S,1,true,filter_cost,filter_cost
CR-001152,CP-LV-C400S,5,true,none,
CR-001153,VS-AC-1000i,1,true,app_software,app_software
CR-001154,VS-AP-2000,5,true,none,
CR-001155,VS-AP-2000,5,true,none,
CR-001156,CP-BB-DM5440,4,true,none,
CR-001157,CP-XM-4PRO,5,true,none,
CR-001158,CP-LV-C400S,5,true,none,
CR-001159,CP-LV-C400S,5,true,none,
CR-001160,VS-AP-2000,5,true,none,
CR-001161,CP-BB-DM5440,4,true,none,
CR-001162,VS-AP-4000i,3,true,none,
CR-001163,CP-XM-4PRO,4,true,none,
CR-001164,VS-AP-3000i,4,true,none,
CR-001165,CP-DY-TP09,5,true,none,
CR-001166,VS-AP-3000i,5,true,none,
CR-001167,VS-AP-3000i,3,true,none,
CR-001168,VS-AP-8000i,4,true,none,
CR-001169,CP-XM-4PRO,5,true,none,
CR-001170,VS-AP-4000i,5,true,none,
CR-001171,CP-XM-4PRO,1,true,none,
CR-001172,CP-BB-DM5440,4,true,none,
CR-001173,VS-AP-2000,2,true,noise,connectivity|noise
CR-001174,VS-AP-8000i,4,true,none,
CR-001175,VS-AP-4000i,3,true,noise,noise
CR-001176,VS-AC-1000i,5,true,none,
CR-001177,CP-XM-4PRO,5,true,none,
CR-001178,CP-LV-C400S,5,true,none,
CR-001179,CP-XM-4PRO,5,true,none,
CR-001180,VS-AC-1000i,5,true,none,
CR-001181,VS-AP-8000i,5,true,none,
CR-001182,CP-LV-C400S,5,true,none,
CR-001183,VS-AP-3000i,4,true,none,
CR-001184,CP-DY-TP09,5,true,none,
CR-001185,CP-BB-DM5440,5,true,none,
CR-001186,CP-DY-TP09,5,true,none,
CR-001187,VS-AC-1000i,1,true,app_software,app_software|noise
CR-001188,VS-AP-3000i,5,true,none,
CR-001189,CP-BB-DM5440,5,true,none,
CR-001190,CP-DY-TP09,2,true,filter_cost,filter_cost
CR-001191,VS-AP-3000i,5,true,none,
CR-001192,VS-AP-4000i,5,true,none,
CR-001193,CP-LV-C400S,5,true,none,
CR-001194,VS-AP-2000,5,false,filter_cost,filter_cost
CR-001195,CP-LV-C400S,5,false,noise,app_software|noise
CR-001196,VS-AP-2000,5,true,none,
CR-001197,CP-LV-C400S,1,true,noise,filter_cost|noise
CR-001198,VS-AP-4000i,5,true,none,
CR-001199,CP-DY-TP09,4,true,none,
CR-001200,VS-AC-1000i,4,true,none,
CR-001201,CP-BB-DM5440,2,true,app_software,app_software|connectivity
CR-001202,VS-AP-3000i,1,true,connectivity,connectivity
CR-001203,VS-AC-1000i,5,true,none,
CR-001204,CP-LV-C400S,5,true,none,
CR-001205,CP-DY-TP09,5,true,none,
CR-001206,VS-AP-4000i,4,true,none,
CR-001207,VS-AP-2000,5,true,none,
CR-001208,CP-XM-4PRO,5,true,none,
CR-001209,CP-DY-TP09,5,true,none,
CR-001210,CP-XM-4PRO,4,true,none,
CR-001211,CP-DY-TP09,5,true,none,
CR-001212,VS-AP-4000i,3,true,app_software,app_software
CR-001213,VS-AC-1000i,5,true,none,
CR-001214,VS-AP-3000i,5,true,none,
CR-001215,VS-AP-4000i,5,true,none,
CR-001216,VS-AP-4000i,4,true,none,
CR-001217,VS-AP-2000,1,true,connectivity,connectivity
CR-001218,VS-AP-8000i,5,true,none,
CR-001219,CP-DY-TP09,5,true,none,
CR-001220,CP-LV-C400S,5,true,none,
CR-001221,VS-AP-3000i,4,true,none,
CR-001222,VS-AC-1000i,4,true,none,
CR-001223,VS-AP-2000,5,true,none,
CR-001224,VS-AP-3000i,1,true,app_software,app_software
CR-001225,VS-AP-8000i,5,true,none,
CR-001226,VS-AP-2000,3,true,none,
CR-001227,VS-AP-2000,4,true,none,
CR-001228,VS-AC-1000i,5,true,none,
CR-001229,CP-DY-TP09,5,true,none,
CR-001230,VS-AP-3000i,5,true,none,
CR-001231,VS-AP-3000i,5,true,none,
CR-001232,CP-BB-DM5440,4,true,none,
CR-001233,CP-DY-TP09,5,true,none,
CR-001234,VS-AP-8000i,5,true,none,
CR-001235,VS-AP-3000i,5,true,none,
CR-001236,VS-AP-2000,4,true,none,
CR-001237,CP-LV-C400S,5,true,none,
CR-001238,VS-AC-1000i,5,true,none,
CR-001239,VS-AP-2000,5,true,none,
CR-001240,CP-XM-4PRO,5,true,none,
CR-001241,CP-DY-TP09,5,true,none,
CR-001242,VS-AP-3000i,5,true,none,
CR-001243,CP-XM-4PRO,1,true,app_software,app_software|filter_cost
CR-001244,VS-AP-8000i,5,true,none,
CR-001245,VS-AP-3000i,5,true,none,
CR-001246,CP-LV-C400S,5,true,none,
CR-001247,CP-LV-C400S,1,true,app_software,app_software|noise
CR-001248,VS-AP-4000i,4,true,none,
CR-001249,CP-DY-TP09,4,true,none,
CR-001250,VS-AC-1000i,5,true,none,
CR-001251,VS-AP-4000i,5,true,none,
CR-001252,CP-DY-TP09,5,true,none,
CR-001253,CP-LV-C400S,1,true,sensor_trust,connectivity|sensor_trust
CR-001254,CP-XM-4PRO,1,true,noise,noise
CR-001255,CP-BB-DM5440,4,true,none,
CR-001256,CP-BB-DM5440,1,true,filter_cost,filter_cost|sensor_trust
CR-001257,VS-AC-1000i,5,true,none,
CR-001258,CP-LV-C400S,4,true,none,
CR-001259,VS-AP-3000i,5,true,none,
CR-001260,CP-DY-TP09,1,true,sensor_trust,sensor_trust
CR-001261,VS-AP-4000i,1,true,connectivity,connectivity
CR-001262,CP-LV-C400S,4,true,none,
CR-001263,CP-LV-C400S,5,true,none,
CR-001264,VS-AP-8000i,2,true,connectivity,connectivity|filter_cost
CR-001265,VS-AP-2000,5,true,none,
CR-001266,CP-DY-TP09,4,true,none,
CR-001267,VS-AP-3000i,3,true,filter_cost,filter_cost
CR-001268,VS-AP-3000i,1,true,none,
CR-001269,VS-AC-1000i,5,false,connectivity,app_software|connectivity
CR-001270,VS-AP-8000i,4,true,none,
CR-001271,CP-BB-DM5440,5,true,none,
CR-001272,CP-XM-4PRO,3,true,noise,noise
CR-001273,VS-AC-1000i,5,true,none,
CR-001274,CP-DY-TP09,5,true,none,
CR-001275,VS-AP-3000i,5,true,none,
CR-001276,VS-AP-2000,4,true,none,
CR-001277,VS-AP-2000,4,true,none,
CR-001278,VS-AP-8000i,4,true,none,
CR-001279,VS-AP-8000i,2,true,reliability,reliability
CR-001280,CP-DY-TP09,1,true,app_software,app_software|sensor_trust
CR-001281,CP-DY-TP09,4,true,none,
CR-001282,VS-AC-1000i,4,true,none,
CR-001283,VS-AP-8000i,5,true,none,
CR-001284,CP-LV-C400S,5,true,none,
CR-001285,CP-DY-TP09,4,true,none,
CR-001286,CP-XM-4PRO,5,true,none,
CR-001287,VS-AP-8000i,1,true,none,
CR-001288,CP-XM-4PRO,5,true,none,
CR-001289,VS-AP-8000i,5,true,none,
CR-001290,CP-XM-4PRO,5,true,none,
CR-001291,CP-DY-TP09,4,true,none,
CR-001292,CP-DY-TP09,5,true,none,
CR-001293,VS-AP-2000,5,true,none,
CR-001294,CP-LV-C400S,4,true,none,
CR-001295,CP-DY-TP09,1,true,sensor_trust,connectivity|sensor_trust
CR-001296,VS-AP-2000,4,true,none,
CR-001297,VS-AP-4000i,2,true,connectivity,app_software|connectivity
CR-001298,CP-LV-C400S,4,true,none,
CR-001299,CP-DY-TP09,5,true,none,
CR-001300,VS-AC-1000i,5,true,none,
CR-001301,CP-DY-TP09,4,true,none,
CR-001302,CP-LV-C400S,3,true,app_software,app_software
CR-001303,VS-AC-1000i,5,true,none,
CR-001304,VS-AP-2000,2,true,connectivity,connectivity|reliability
CR-001305,VS-AP-2000,5,true,none,
CR-001306,VS-AP-8000i,1,true,reliability,reliability
CR-001307,VS-AP-2000,4,true,none,
CR-001308,VS-AP-8000i,5,true,none,
CR-001309,VS-AP-8000i,4,true,none,
CR-001310,CP-LV-C400S,4,true,none,
CR-001311,CP-XM-4PRO,5,true,none,
CR-001312,CP-LV-C400S,3,true,app_software,app_software
CR-001313,VS-AP-8000i,5,true,none,
CR-001314,CP-LV-C400S,5,true,none,
CR-001315,VS-AC-1000i,5,true,none,
CR-001316,VS-AP-2000,1,true,app_software,app_software|connectivity
CR-001317,CP-DY-TP09,5,true,none,
CR-001318,VS-AP-8000i,4,true,none,
CR-001319,CP-XM-4PRO,4,true,none,
CR-001320,CP-BB-DM5440,5,true,none,
CR-001321,VS-AP-4000i,5,true,none,
CR-001322,CP-LV-C400S,4,true,none,
CR-001323,CP-LV-C400S,4,true,none,
CR-001324,CP-BB-DM5440,5,true,none,
CR-001325,CP-LV-C400S,5,true,none,
CR-001326,VS-AC-1000i,5,true,none,
CR-001327,VS-AP-8000i,4,true,none,
CR-001328,VS-AP-8000i,5,true,none,
CR-001329,VS-AP-4000i,4,true,none,
CR-001330,CP-DY-TP09,5,true,none,
CR-001331,CP-LV-C400S,1,true,none,
CR-001332,VS-AC-1000i,3,true,none,
CR-001333,VS-AP-8000i,5,true,none,
CR-001334,VS-AP-4000i,4,true,none,
CR-001335,VS-AP-3000i,3,true,none,
CR-001336,VS-AP-4000i,5,true,none,
CR-001337,CP-LV-C400S,3,true,none,
CR-001338,VS-AC-1000i,5,false,noise,noise
CR-001339,VS-AP-3000i,4,true,none,
CR-001340,VS-AP-8000i,5,true,none,
CR-001341,VS-AP-2000,2,true,filter_cost,filter_cost|reliability
CR-001342,CP-LV-C400S,1,true,reliability,reliability
CR-001343,CP-DY-TP09,5,true,none,
CR-001344,VS-AP-8000i,3,true,none,
CR-001345,CP-BB-DM5440,5,true,none,
CR-001346,VS-AP-3000i,5,true,none,
CR-001347,VS-AP-2000,4,true,none,
CR-001348,CP-LV-C400S,1,true,connectivity,connectivity
CR-001349,CP-XM-4PRO,5,true,none,
CR-001350,VS-AP-4000i,5,true,none,
CR-001351,VS-AC-1000i,1,true,sensor_trust,connectivity|sensor_trust
CR-001352,CP-XM-4PRO,5,true,none,
CR-001353,CP-LV-C400S,5,true,none,
CR-001354,VS-AC-1000i,5,true,none,
CR-001355,CP-BB-DM5440,2,true,connectivity,app_software|connectivity
CR-001356,CP-LV-C400S,5,true,none,
CR-001357,VS-AP-8000i,1,true,noise,app_software|noise
CR-001358,CP-DY-TP09,5,true,none,
CR-001359,VS-AP-3000i,1,true,noise,noise
CR-001360,VS-AP-4000i,3,true,none,
CR-001361,CP-LV-C400S,1,true,reliability,reliability
CR-001362,VS-AP-4000i,5,true,none,
CR-001363,CP-XM-4PRO,4,true,none,
CR-001364,VS-AP-4000i,5,true,none,
CR-001365,VS-AP-2000,1,true,reliability,reliability
CR-001366,CP-BB-DM5440,3,true,none,
CR-001367,VS-AP-2000,3,true,connectivity,connectivity
CR-001368,VS-AP-2000,5,true,none,
CR-001369,VS-AP-3000i,1,true,noise,connectivity|noise
CR-001370,CP-LV-C400S,4,true,none,
CR-001371,VS-AC-1000i,5,true,none,
CR-001372,CP-DY-TP09,1,true,filter_cost,filter_cost
CR-001373,CP-DY-TP09,5,true,none,
CR-001374,VS-AP-3000i,1,true,app_software,app_software|connectivity
CR-001375,VS-AP-8000i,5,true,none,
CR-001376,CP-DY-TP09,2,true,reliability,connectivity|reliability
CR-001377,VS-AP-4000i,5,true,none,
CR-001378,VS-AC-1000i,2,true,noise,connectivity|noise
CR-001379,CP-LV-C400S,4,true,none,
CR-001380,VS-AC-1000i,5,true,none,
CR-001381,CP-LV-C400S,2,true,filter_cost,filter_cost
CR-001382,VS-AC-1000i,3,true,none,
CR-001383,CP-XM-4PRO,5,true,none,
CR-001384,CP-LV-C400S,5,true,none,
CR-001385,CP-DY-TP09,2,true,noise,noise
CR-001386,VS-AP-3000i,5,true,none,
CR-001387,VS-AC-1000i,5,true,none,
CR-001388,CP-DY-TP09,1,true,none,
CR-001389,VS-AP-2000,5,true,none,
CR-001390,VS-AP-2000,5,true,none,
CR-001391,CP-LV-C400S,5,true,none,
CR-001392,VS-AC-1000i,4,true,none,
CR-001393,VS-AC-1000i,5,true,none,
CR-001394,VS-AP-3000i,5,true,none,
CR-001395,VS-AP-2000,1,true,noise,noise|sensor_trust
CR-001396,VS-AC-1000i,5,true,none,
CR-001397,VS-AP-4000i,5,true,none,
CR-001398,CP-DY-TP09,4,true,none,
CR-001399,VS-AP-3000i,5,true,none,
CR-001400,VS-AP-4000i,5,true,none,
CR-001401,CP-DY-TP09,4,true,none,
CR-001402,VS-AP-4000i,2,true,filter_cost,filter_cost
CR-001403,CP-BB-DM5440,5,true,none,
CR-001404,CP-XM-4PRO,4,true,none,
CR-001405,CP-BB-DM5440,1,true,connectivity,connectivity|sensor_trust
CR-001406,CP-DY-TP09,5,true,none,
CR-001407,CP-BB-DM5440,5,true,none,
CR-001408,VS-AP-8000i,5,false,connectivity,connectivity
CR-001409,VS-AC-1000i,4,true,none,
CR-001410,VS-AP-8000i,3,true,none,
CR-001411,CP-DY-TP09,3,true,sensor_trust,sensor_trust
CR-001412,VS-AP-3000i,3,true,app_software,app_software
CR-001413,VS-AP-8000i,4,true,none,
CR-001414,CP-XM-4PRO,5,true,none,
CR-001415,VS-AP-4000i,4,true,none,
CR-001416,VS-AP-8000i,5,true,none,
CR-001417,VS-AC-1000i,3,true,app_software,app_software
CR-001418,CP-LV-C400S,5,true,none,
CR-001419,VS-AP-4000i,4,true,none,
CR-001420,VS-AP-3000i,1,true,connectivity,app_software|connectivity
CR-001421,CP-BB-DM5440,5,false,reliability,app_software|reliability
CR-001422,VS-AP-8000i,3,true,reliability,reliability
CR-001423,CP-XM-4PRO,4,true,none,
CR-001424,VS-AP-4000i,4,true,none,
CR-001425,CP-XM-4PRO,5,true,none,
CR-001426,CP-BB-DM5440,4,true,none,
CR-001427,CP-BB-DM5440,1,true,connectivity,app_software|connectivity
CR-001428,VS-AP-2000,2,true,none,
CR-001429,VS-AP-4000i,5,true,none,
CR-001430,CP-DY-TP09,5,true,none,
CR-001431,VS-AP-2000,1,true,noise,noise
CR-001432,CP-BB-DM5440,1,true,sensor_trust,sensor_trust
CR-001433,VS-AP-4000i,5,true,none,
CR-001434,VS-AC-1000i,4,true,none,
CR-001435,CP-BB-DM5440,4,true,none,
CR-001436,VS-AP-8000i,3,true,connectivity,connectivity
CR-001437,VS-AP-4000i,1,true,none,
CR-001438,VS-AP-3000i,4,true,none,
CR-001439,VS-AC-1000i,4,true,none,
CR-001440,VS-AP-3000i,5,true,none,
CR-001441,VS-AP-4000i,1,true,app_software,app_software
CR-001442,VS-AP-4000i,5,true,none,
CR-001443,VS-AP-8000i,4,true,none,
CR-001444,VS-AP-4000i,2,true,noise,app_software|noise
CR-001445,CP-BB-DM5440,4,true,none,
CR-001446,VS-AC-1000i,4,true,none,
CR-001447,VS-AP-8000i,5,true,none,
CR-001448,CP-DY-TP09,5,true,none,
CR-001449,CP-BB-DM5440,3,true,noise,noise
CR-001450,CP-LV-C400S,5,true,none,
CR-001451,VS-AP-4000i,5,true,none,
CR-001452,CP-XM-4PRO,3,true,none,
CR-001453,VS-AC-1000i,3,true,filter_cost,filter_cost
CR-001454,VS-AP-4000i,5,true,none,
CR-001455,CP-BB-DM5440,5,true,none,
CR-001456,CP-BB-DM5440,4,true,none,
CR-001457,VS-AP-8000i,5,true,none,
CR-001458,VS-AP-3000i,5,true,none,
CR-001459,CP-LV-C400S,5,true,none,
CR-001460,CP-LV-C400S,5,true,none,
CR-001461,VS-AP-3000i,4,true,none,
CR-001462,CP-LV-C400S,2,true,connectivity,connectivity
CR-001463,CP-DY-TP09,3,true,filter_cost,filter_cost
CR-001464,CP-XM-4PRO,4,true,none,
CR-001465,CP-XM-4PRO,5,true,none,
CR-001466,VS-AP-2000,5,true,none,
CR-001467,VS-AP-4000i,4,true,none,
CR-001468,VS-AP-3000i,5,true,none,
CR-001469,CP-LV-C400S,1,true,filter_cost,filter_cost|sensor_trust
CR-001470,CP-LV-C400S,5,true,none,
CR-001471,CP-XM-4PRO,4,true,none,
CR-001472,CP-XM-4PRO,4,true,none,
CR-001473,CP-DY-TP09,5,true,none,
CR-001474,CP-XM-4PRO,5,true,none,
CR-001475,VS-AP-2000,5,true,none,
CR-001476,CP-LV-C400S,4,true,none,
CR-001477,VS-AP-3000i,5,true,none,
CR-001478,CP-BB-DM5440,5,true,none,
CR-001479,VS-AP-8000i,5,true,none,
CR-001480,VS-AP-4000i,5,true,none,
CR-001481,CP-DY-TP09,2,true,reliability,connectivity|reliability
CR-001482,VS-AP-8000i,5,true,none,
CR-001483,CP-BB-DM5440,5,true,none,
CR-001484,VS-AP-3000i,4,true,none,
CR-001485,VS-AP-2000,2,true,connectivity,connectivity
CR-001486,VS-AP-2000,1,true,connectivity,connectivity
CR-001487,VS-AP-8000i,3,true,none,
CR-001488,VS-AP-8000i,5,true,none,
CR-001489,CP-LV-C400S,4,true,none,
CR-001490,VS-AP-4000i,5,true,none,
CR-001491,CP-LV-C400S,5,true,none,
CR-001492,VS-AP-3000i,4,true,none,
CR-001493,VS-AP-3000i,1,true,connectivity,connectivity|noise
CR-001494,CP-DY-TP09,5,true,none,
CR-001495,CP-BB-DM5440,5,true,none,
CR-001496,VS-AP-8000i,5,true,none,
CR-001497,VS-AP-2000,5,true,none,
CR-001498,CP-DY-TP09,4,true,none,
CR-001499,VS-AP-4000i,1,true,noise,app_software|noise
CR-001500,VS-AP-8000i,1,true,app_software,app_software
CR-001501,CP-BB-DM5440,5,true,none,
CR-001502,VS-AP-2000,4,true,none,
CR-001503,CP-LV-C400S,5,true,none,
CR-001504,CP-DY-TP09,2,true,connectivity,connectivity
CR-001505,VS-AC-1000i,4,true,none,
CR-001506,CP-LV-C400S,5,true,none,
CR-001507,VS-AP-4000i,1,true,none,
CR-001508,CP-LV-C400S,4,true,none,
CR-001509,VS-AP-4000i,4,true,none,
CR-001510,VS-AP-2000,2,true,connectivity,connectivity
CR-001511,CP-DY-TP09,5,true,none,
CR-001512,VS-AP-4000i,1,true,none,
CR-001513,VS-AC-1000i,5,true,none,
CR-001514,CP-XM-4PRO,4,true,none,
CR-001515,VS-AC-1000i,1,true,app_software,app_software
CR-001516,VS-AP-3000i,5,true,none,
CR-001517,VS-AP-4000i,5,true,none,
CR-001518,CP-DY-TP09,5,true,none,
CR-001519,VS-AP-2000,5,true,none,
CR-001520,CP-LV-C400S,5,true,none,
CR-001521,CP-BB-DM5440,3,true,sensor_trust,sensor_trust
CR-001522,VS-AC-1000i,5,true,none,
CR-001523,CP-DY-TP09,5,true,none,
CR-001524,VS-AC-1000i,5,true,none,
CR-001525,CP-DY-TP09,5,true,none,
CR-001526,VS-AP-2000,5,true,none,
CR-001527,CP-LV-C400S,5,true,none,
CR-001528,CP-XM-4PRO,3,true,noise,noise
CR-001529,CP-BB-DM5440,5,true,none,
CR-001530,CP-LV-C400S,5,true,none,
CR-001531,VS-AP-8000i,5,true,none,
CR-001532,CP-DY-TP09,5,true,none,
CR-001533,CP-XM-4PRO,5,true,none,
CR-001534,CP-BB-DM5440,5,true,none,
CR-001535,VS-AC-1000i,1,true,connectivity,app_software|connectivity
CR-001536,VS-AP-4000i,5,true,none,
CR-001537,VS-AP-2000,1,true,noise,noise
CR-001538,VS-AP-2000,5,true,none,
CR-001539,VS-AP-4000i,5,true,none,
CR-001540,VS-AC-1000i,4,true,none,
CR-001541,VS-AP-3000i,5,true,none,
CR-001542,CP-LV-C400S,5,true,none,
CR-001543,VS-AP-4000i,1,true,none,
CR-001544,CP-BB-DM5440,5,true,none,
CR-001545,CP-XM-4PRO,3,true,none,
CR-001546,CP-BB-DM5440,5,true,none,
CR-001547,VS-AP-2000,5,true,none,
CR-001548,VS-AP-2000,5,true,none,
CR-001549,VS-AC-1000i,3,true,app_software,app_software
CR-001550,CP-BB-DM5440,4,true,none,
CR-001551,VS-AP-3000i,5,true,none,
CR-001552,CP-LV-C400S,4,true,none,
CR-001553,VS-AC-1000i,4,true,none,
CR-001554,VS-AC-1000i,5,true,none,
CR-001555,CP-BB-DM5440,1,true,none,
CR-001556,VS-AP-8000i,5,true,none,
CR-001557,VS-AP-3000i,5,true,none,
CR-001558,VS-AC-1000i,2,true,reliability,connectivity|reliability
CR-001559,VS-AP-3000i,2,true,connectivity,connectivity|noise
CR-001560,VS-AP-3000i,5,true,none,
CR-001561,VS-AP-3000i,5,true,none,
CR-001562,VS-AP-4000i,1,true,noise,noise
CR-001563,VS-AP-3000i,4,true,none,
CR-001564,CP-LV-C400S,3,true,none,
CR-001565,VS-AC-1000i,5,true,none,
CR-001566,VS-AP-3000i,5,true,none,
CR-001567,CP-LV-C400S,4,true,none,
CR-001568,VS-AP-2000,5,true,none,
CR-001569,CP-BB-DM5440,5,false,noise,connectivity|noise
CR-001570,CP-XM-4PRO,5,true,none,
CR-001571,VS-AP-3000i,5,true,none,
CR-001572,CP-XM-4PRO,5,true,none,
CR-001573,CP-LV-C400S,1,true,filter_cost,filter_cost
CR-001574,VS-AP-3000i,3,true,none,
CR-001575,CP-LV-C400S,3,true,sensor_trust,sensor_trust
CR-001576,CP-BB-DM5440,5,true,none,
CR-001577,VS-AP-2000,3,true,none,
CR-001578,CP-DY-TP09,3,true,none,
CR-001579,CP-LV-C400S,5,true,none,
CR-001580,CP-DY-TP09,3,true,connectivity,connectivity
CR-001581,VS-AC-1000i,5,true,none,
CR-001582,VS-AP-2000,5,true,none,
CR-001583,VS-AP-8000i,1,true,connectivity,app_software|connectivity
CR-001584,CP-LV-C400S,4,true,none,
CR-001585,CP-XM-4PRO,4,true,none,
CR-001586,VS-AP-3000i,5,true,none,
CR-001587,VS-AP-3000i,4,true,none,
CR-001588,CP-XM-4PRO,5,true,none,
CR-001589,CP-BB-DM5440,5,true,none,
CR-001590,CP-XM-4PRO,5,true,none,
CR-001591,CP-BB-DM5440,5,true,none,
CR-001592,VS-AP-4000i,5,true,none,
CR-001593,VS-AP-2000,4,true,none,
CR-001594,VS-AP-3000i,4,true,none,
CR-001595,VS-AP-3000i,4,true,none,
CR-001596,CP-BB-DM5440,1,true,none,
CR-001597,VS-AC-1000i,2,true,sensor_trust,sensor_trust
CR-001598,VS-AP-4000i,5,true,none,
CR-001599,CP-DY-TP09,5,true,none,
CR-001600,VS-AP-3000i,4,true,none,
CR-001601,VS-AP-4000i,5,true,none,
CR-001602,CP-BB-DM5440,5,true,none,
CR-001603,VS-AP-2000,4,true,none,
CR-001604,VS-AP-2000,5,true,none,
CR-001605,CP-DY-TP09,5,true,none,
CR-001606,CP-BB-DM5440,4,true,none,
CR-001607,CP-XM-4PRO,4,true,none,
CR-001608,VS-AP-3000i,5,true,none,
CR-001609,CP-BB-DM5440,4,true,none,
CR-001610,CP-BB-DM5440,5,true,none,
CR-001611,VS-AP-2000,1,true,reliability,connectivity|reliability
CR-001612,VS-AP-4000i,4,true,none,
CR-001613,VS-AC-1000i,4,true,none,
CR-001614,CP-BB-DM5440,5,true,none,
CR-001615,CP-DY-TP09,4,true,none,
CR-001616,VS-AC-1000i,1,true,noise,connectivity|noise
CR-001617,CP-DY-TP09,4,true,none,
CR-001618,VS-AP-3000i,4,true,none,
CR-001619,VS-AC-1000i,5,true,none,
CR-001620,CP-BB-DM5440,5,true,none,
CR-001621,VS-AP-4000i,5,true,none,
CR-001622,VS-AC-1000i,5,true,none,
CR-001623,CP-XM-4PRO,2,true,connectivity,connectivity
CR-001624,VS-AC-1000i,5,true,none,
CR-001625,CP-XM-4PRO,4,true,none,
CR-001626,VS-AC-1000i,5,true,none,
CR-001627,CP-LV-C400S,5,true,none,
CR-001628,CP-BB-DM5440,1,true,connectivity,connectivity|sensor_trust
CR-001629,VS-AP-4000i,1,true,app_software,app_software|sensor_trust
CR-001630,VS-AP-3000i,5,true,none,
CR-001631,VS-AP-4000i,4,true,none,
CR-001632,CP-LV-C400S,5,true,none,
CR-001633,VS-AP-3000i,1,true,none,
CR-001634,VS-AP-2000,4,true,none,
CR-001635,CP-LV-C400S,3,true,filter_cost,filter_cost
CR-001636,VS-AP-4000i,4,true,none,
CR-001637,VS-AP-2000,3,true,none,
CR-001638,VS-AC-1000i,3,true,reliability,reliability
CR-001639,CP-BB-DM5440,1,true,noise,noise|sensor_trust
CR-001640,CP-LV-C400S,5,true,none,
CR-001641,VS-AP-3000i,5,true,none,
CR-001642,VS-AP-4000i,5,true,none,
CR-001643,VS-AP-2000,4,true,none,
CR-001644,CP-BB-DM5440,1,false,none,
CR-001645,VS-AP-8000i,1,true,noise,app_software|noise
CR-001646,VS-AP-4000i,5,true,none,
CR-001647,VS-AC-1000i,5,true,none,
CR-001648,VS-AP-8000i,5,true,none,
CR-001649,CP-BB-DM5440,5,true,none,
CR-001650,VS-AP-2000,1,true,app_software,app_software|noise
CR-001651,CP-BB-DM5440,1,true,reliability,noise|reliability
CR-001652,VS-AP-2000,5,true,none,
CR-001653,VS-AP-3000i,5,true,none,
CR-001654,VS-AP-3000i,5,true,none,
CR-001655,CP-DY-TP09,5,true,none,
CR-001656,VS-AP-8000i,5,true,none,
CR-001657,VS-AP-2000,5,false,app_software,app_software|noise
CR-001658,VS-AC-1000i,5,true,none,
CR-001659,CP-XM-4PRO,4,true,none,
CR-001660,CP-BB-DM5440,5,true,none,
CR-001661,VS-AP-3000i,1,true,none,
CR-001662,VS-AC-1000i,4,true,none,
CR-001663,VS-AC-1000i,3,true,none,
CR-001664,VS-AP-3000i,5,true,none,
CR-001665,CP-XM-4PRO,3,true,connectivity,connectivity
CR-001666,CP-XM-4PRO,4,true,none,
CR-001667,CP-LV-C400S,5,true,none,
CR-001668,CP-DY-TP09,4,true,none,
CR-001669,CP-BB-DM5440,1,true,noise,noise|sensor_trust
CR-001670,VS-AC-1000i,5,true,none,
CR-001671,VS-AP-3000i,4,true,none,
CR-001672,VS-AC-1000i,1,true,none,
CR-001673,VS-AP-4000i,5,true,none,
CR-001674,VS-AP-2000,5,true,none,
CR-001675,CP-XM-4PRO,4,true,none,
CR-001676,VS-AP-3000i,5,true,none,
CR-001677,VS-AP-3000i,5,true,none,
CR-001678,CP-DY-TP09,5,true,none,
CR-001679,VS-AP-8000i,5,true,none,
CR-001680,VS-AP-4000i,1,true,connectivity,app_software|connectivity
CR-001681,VS-AP-8000i,1,true,sensor_trust,noise|sensor_trust
CR-001682,VS-AP-3000i,5,true,none,
CR-001683,VS-AC-1000i,4,true,none,
CR-001684,CP-XM-4PRO,5,true,none,
CR-001685,VS-AP-3000i,5,true,none,
CR-001686,VS-AC-1000i,5,true,none,
CR-001687,CP-DY-TP09,2,true,reliability,reliability
CR-001688,CP-BB-DM5440,5,true,none,
CR-001689,VS-AP-4000i,3,true,none,
CR-001690,VS-AP-8000i,4,true,none,
CR-001691,CP-XM-4PRO,4,true,none,
CR-001692,CP-LV-C400S,5,true,none,
CR-001693,VS-AP-8000i,3,true,none,
CR-001694,VS-AP-8000i,5,true,none,
CR-001695,CP-LV-C400S,4,true,none,
CR-001696,VS-AP-8000i,4,true,none,
CR-001697,CP-DY-TP09,3,true,none,
CR-001698,CP-LV-C400S,5,true,none,
CR-001699,CP-LV-C400S,5,true,none,
CR-001700,VS-AP-3000i,5,true,none,
CR-001701,VS-AP-3000i,5,true,none,
CR-001702,CP-LV-C400S,5,true,none,
CR-001703,VS-AC-1000i,4,true,none,
CR-001704,CP-XM-4PRO,1,true,sensor_trust,connectivity|sensor_trust
CR-001705,CP-XM-4PRO,3,true,none,
CR-001706,CP-LV-C400S,4,true,none,
CR-001707,VS-AP-4000i,5,true,none,
CR-001708,CP-LV-C400S,4,true,none,
CR-001709,CP-XM-4PRO,5,true,none,
CR-001710,VS-AP-8000i,5,true,none,
CR-001711,VS-AP-3000i,5,true,none,
CR-001712,VS-AP-8000i,5,true,none,
CR-001713,VS-AP-8000i,5,true,none,
CR-001714,CP-LV-C400S,4,true,none,
CR-001715,CP-LV-C400S,4,true,none,
CR-001716,CP-DY-TP09,5,true,none,
CR-001717,VS-AP-2000,4,true,none,
CR-001718,CP-XM-4PRO,5,true,none,
CR-001719,CP-LV-C400S,5,true,none,
CR-001720,CP-DY-TP09,3,true,none,
CR-001721,CP-DY-TP09,1,true,noise,noise
CR-001722,VS-AP-2000,5,true,none,
CR-001723,CP-LV-C400S,5,true,none,
CR-001724,CP-XM-4PRO,4,true,none,
CR-001725,CP-LV-C400S,5,true,none,
CR-001726,VS-AP-2000,2,true,filter_cost,filter_cost
CR-001727,VS-AP-3000i,1,true,connectivity,app_software|connectivity
CR-001728,VS-AC-1000i,1,true,app_software,app_software
CR-001729,VS-AP-3000i,5,true,none,
CR-001730,VS-AP-8000i,5,false,connectivity,connectivity
CR-001731,VS-AP-4000i,1,true,filter_cost,filter_cost
CR-001732,VS-AP-2000,1,true,app_software,app_software
CR-001733,VS-AP-4000i,5,true,none,
CR-001734,VS-AP-4000i,4,true,none,
CR-001735,CP-DY-TP09,5,true,none,
CR-001736,CP-XM-4PRO,5,true,none,
CR-001737,CP-XM-4PRO,4,true,none,
CR-001738,CP-BB-DM5440,4,true,none,
CR-001739,VS-AP-8000i,4,true,none,
CR-001740,VS-AP-2000,4,true,none,
CR-001741,VS-AP-3000i,5,true,none,
CR-001742,CP-DY-TP09,4,true,none,
CR-001743,VS-AP-3000i,4,true,none,
CR-001744,CP-LV-C400S,5,true,none,
CR-001745,VS-AC-1000i,4,true,none,
CR-001746,CP-DY-TP09,4,true,none,
CR-001747,CP-DY-TP09,4,true,none,
CR-001748,CP-LV-C400S,4,true,none,
CR-001749,CP-DY-TP09,5,true,none,
CR-001750,VS-AC-1000i,4,true,none,
CR-001751,CP-DY-TP09,5,true,none,
CR-001752,CP-DY-TP09,5,true,none,
CR-001753,VS-AP-4000i,5,true,none,
CR-001754,VS-AP-2000,3,true,none,
CR-001755,CP-LV-C400S,5,true,none,
CR-001756,VS-AC-1000i,2,true,app_software,app_software|noise
CR-001757,VS-AP-8000i,5,true,none,
CR-001758,CP-BB-DM5440,1,true,none,
CR-001759,VS-AC-1000i,4,true,none,
CR-001760,CP-XM-4PRO,2,true,sensor_trust,connectivity|sensor_trust
CR-001761,CP-LV-C400S,4,true,none,
CR-001762,CP-LV-C400S,1,true,app_software,app_software
CR-001763,CP-LV-C400S,1,true,connectivity,app_software|connectivity
CR-001764,VS-AP-2000,5,true,none,
CR-001765,VS-AP-4000i,5,true,none,
CR-001766,VS-AP-2000,5,true,none,
CR-001767,CP-LV-C400S,5,true,none,
CR-001768,VS-AP-8000i,3,true,none,
CR-001769,VS-AP-8000i,1,true,connectivity,connectivity|noise
CR-001770,VS-AC-1000i,5,true,none,
CR-001771,VS-AP-3000i,4,true,none,
CR-001772,CP-XM-4PRO,2,true,reliability,reliability
CR-001773,CP-BB-DM5440,3,true,none,
CR-001774,VS-AP-4000i,5,true,none,
CR-001775,VS-AP-2000,1,true,connectivity,connectivity|sensor_trust
CR-001776,VS-AP-8000i,1,true,sensor_trust,noise|sensor_trust
CR-001777,VS-AP-8000i,1,true,none,
CR-001778,VS-AP-3000i,4,true,none,
CR-001779,VS-AP-3000i,5,true,none,
CR-001780,CP-XM-4PRO,4,true,none,
CR-001781,VS-AP-3000i,2,true,none,
CR-001782,VS-AP-4000i,4,true,none,
CR-001783,VS-AP-2000,5,true,none,
CR-001784,VS-AP-3000i,5,true,none,
CR-001785,VS-AP-4000i,5,true,none,
CR-001786,CP-LV-C400S,5,true,none,
CR-001787,VS-AC-1000i,1,true,reliability,app_software|reliability
CR-001788,VS-AP-4000i,5,true,none,
CR-001789,VS-AP-8000i,5,true,none,
CR-001790,CP-BB-DM5440,1,true,none,
CR-001791,VS-AP-4000i,1,true,connectivity,connectivity|noise
CR-001792,CP-DY-TP09,5,true,none,
CR-001793,CP-LV-C400S,3,true,none,
CR-001794,VS-AP-3000i,5,true,none,
CR-001795,VS-AP-4000i,5,true,none,
CR-001796,VS-AP-8000i,5,true,none,
CR-001797,CP-BB-DM5440,5,true,none,
CR-001798,CP-BB-DM5440,1,true,none,
CR-001799,CP-BB-DM5440,5,true,none,
CR-001800,VS-AC-1000i,5,true,none,
CR-001801,CP-BB-DM5440,5,true,none,
CR-001802,CP-DY-TP09,1,true,sensor_trust,noise|sensor_trust
CR-001803,CP-LV-C400S,5,true,none,
CR-001804,VS-AC-1000i,4,true,none,
CR-001805,CP-DY-TP09,5,true,none,
CR-001806,CP-LV-C400S,5,true,none,
CR-001807,VS-AP-2000,1,true,noise,connectivity|noise
CR-001808,CP-LV-C400S,5,true,none,
CR-001809,VS-AP-4000i,4,true,none,
CR-001810,CP-XM-4PRO,3,true,noise,noise
CR-001811,CP-DY-TP09,5,true,none,
CR-001812,VS-AP-2000,4,true,none,
CR-001813,VS-AC-1000i,4,true,none,
CR-001814,CP-LV-C400S,1,true,noise,noise|sensor_trust
CR-001815,CP-BB-DM5440,3,true,none,
CR-001816,VS-AP-3000i,3,true,none,
CR-001817,CP-XM-4PRO,5,true,none,
CR-001818,VS-AP-4000i,5,true,none,
CR-001819,CP-XM-4PRO,5,true,none,
CR-001820,CP-LV-C400S,5,true,none,
CR-001821,VS-AC-1000i,5,true,none,
CR-001822,CP-LV-C400S,4,true,none,
CR-001823,VS-AC-1000i,4,true,none,
CR-001824,VS-AP-4000i,3,true,none,
CR-001825,CP-BB-DM5440,4,true,none,
CR-001826,CP-BB-DM5440,4,true,none,
CR-001827,VS-AP-4000i,4,true,none,
CR-001828,CP-XM-4PRO,4,true,none,
CR-001829,VS-AP-4000i,5,true,none,
CR-001830,VS-AP-4000i,5,true,none,
CR-001831,VS-AP-4000i,3,true,reliability,reliability
CR-001832,CP-DY-TP09,5,true,none,
CR-001833,CP-DY-TP09,5,true,none,
CR-001834,VS-AC-1000i,2,true,filter_cost,filter_cost
CR-001835,VS-AP-8000i,4,true,none,
CR-001836,VS-AC-1000i,5,true,none,
CR-001837,VS-AP-8000i,5,true,none,
CR-001838,VS-AP-4000i,3,true,app_software,app_software
CR-001839,VS-AP-3000i,5,true,none,
CR-001840,VS-AP-3000i,5,true,none,
CR-001841,VS-AC-1000i,5,true,none,
CR-001842,CP-DY-TP09,1,true,app_software,app_software
CR-001843,CP-DY-TP09,5,true,none,
CR-001844,CP-LV-C400S,2,true,reliability,app_software|reliability
CR-001845,VS-AC-1000i,3,true,app_software,app_software
CR-001846,CP-LV-C400S,5,true,none,
CR-001847,VS-AP-2000,5,true,none,
CR-001848,CP-LV-C400S,3,true,connectivity,connectivity
CR-001849,VS-AP-3000i,5,true,none,
CR-001850,CP-XM-4PRO,5,true,none,
CR-001851,CP-LV-C400S,5,true,none,
CR-001852,CP-BB-DM5440,5,true,none,
CR-001853,VS-AP-4000i,5,false,filter_cost,filter_cost
CR-001854,VS-AP-4000i,5,true,none,
CR-001855,VS-AP-3000i,5,true,none,
CR-001856,VS-AP-2000,4,true,none,
CR-001857,CP-LV-C400S,4,true,none,
CR-001858,VS-AC-1000i,3,true,connectivity,connectivity
CR-001859,VS-AP-8000i,5,true,none,
CR-001860,CP-BB-DM5440,1,true,noise,noise
CR-001861,VS-AC-1000i,3,true,app_software,app_software
CR-001862,VS-AP-3000i,4,true,none,
CR-001863,VS-AP-3000i,5,true,none,
CR-001864,VS-AP-2000,1,true,connectivity,connectivity|filter_cost
CR-001865,CP-XM-4PRO,4,true,none,
CR-001866,CP-BB-DM5440,5,true,none,
CR-001867,VS-AP-8000i,4,true,none,
CR-001868,CP-XM-4PRO,5,true,none,
CR-001869,CP-LV-C400S,5,false,connectivity,connectivity|noise
CR-001870,CP-XM-4PRO,5,true,none,
CR-001871,VS-AP-2000,5,true,none,
CR-001872,VS-AP-2000,2,true,app_software,app_software|reliability
CR-001873,VS-AP-4000i,4,true,none,
CR-001874,VS-AC-1000i,3,true,none,
CR-001875,CP-LV-C400S,4,true,none,
CR-001876,VS-AP-3000i,5,true,none,
CR-001877,CP-LV-C400S,5,false,connectivity,connectivity|reliability
CR-001878,CP-XM-4PRO,1,true,connectivity,connectivity
CR-001879,VS-AC-1000i,5,true,none,
CR-001880,CP-LV-C400S,4,true,none,
CR-001881,VS-AP-8000i,5,true,none,
CR-001882,VS-AP-3000i,4,true,none,
CR-001883,CP-BB-DM5440,5,true,none,
CR-001884,VS-AC-1000i,5,true,none,
CR-001885,VS-AP-3000i,3,true,none,
CR-001886,VS-AP-3000i,5,true,none,
CR-001887,VS-AP-4000i,5,false,noise,app_software|noise
CR-001888,VS-AP-2000,2,true,sensor_trust,sensor_trust
CR-001889,CP-LV-C400S,5,true,none,
CR-001890,VS-AP-8000i,5,true,none,
CR-001891,CP-XM-4PRO,5,true,none,
CR-001892,CP-LV-C400S,5,true,none,
CR-001893,VS-AC-1000i,5,true,none,
CR-001894,CP-XM-4PRO,4,true,none,
CR-001895,VS-AP-3000i,5,true,none,
CR-001896,VS-AC-1000i,5,true,none,
CR-001897,VS-AC-1000i,5,true,none,
CR-001898,VS-AP-8000i,5,true,none,
CR-001899,VS-AP-4000i,3,true,reliability,reliability
CR-001900,CP-BB-DM5440,5,true,none,
CR-001901,CP-XM-4PRO,4,true,none,
CR-001902,CP-DY-TP09,5,true,none,
CR-001903,VS-AP-4000i,4,true,none,
CR-001904,VS-AP-2000,5,true,none,
CR-001905,CP-BB-DM5440,4,true,none,
CR-001906,VS-AP-3000i,5,true,none,
CR-001907,CP-LV-C400S,4,true,none,
CR-001908,VS-AP-8000i,5,true,none,
CR-001909,CP-BB-DM5440,5,true,none,
CR-001910,VS-AP-3000i,4,true,none,
CR-001911,VS-AP-8000i,3,true,filter_cost,filter_cost
CR-001912,CP-DY-TP09,2,true,app_software,app_software
CR-001913,CP-BB-DM5440,4,true,none,
CR-001914,VS-AC-1000i,5,true,none,
CR-001915,CP-LV-C400S,3,true,filter_cost,filter_cost
CR-001916,CP-BB-DM5440,2,true,app_software,app_software
CR-001917,VS-AP-3000i,3,true,none,
CR-001918,VS-AP-2000,5,true,none,
CR-001919,CP-BB-DM5440,4,true,none,
CR-001920,VS-AP-4000i,3,true,none,
CR-001921,VS-AP-4000i,5,true,none,
CR-001922,CP-BB-DM5440,5,true,none,
CR-001923,CP-BB-DM5440,5,true,none,
CR-001924,VS-AP-3000i,1,true,noise,app_software|noise
CR-001925,CP-DY-TP09,2,true,app_software,app_software|noise
CR-001926,VS-AP-2000,5,true,none,
CR-001927,VS-AP-3000i,3,true,sensor_trust,sensor_trust
CR-001928,CP-DY-TP09,5,true,none,
CR-001929,VS-AP-3000i,2,true,sensor_trust,sensor_trust
CR-001930,CP-LV-C400S,5,false,filter_cost,app_software|filter_cost
CR-001931,VS-AC-1000i,5,true,none,
CR-001932,CP-XM-4PRO,2,true,noise,noise
CR-001933,VS-AC-1000i,5,true,none,
CR-001934,VS-AP-4000i,5,true,none,
CR-001935,CP-DY-TP09,5,true,none,
CR-001936,CP-XM-4PRO,4,true,none,
CR-001937,CP-DY-TP09,4,true,none,
CR-001938,CP-DY-TP09,4,true,none,
CR-001939,VS-AC-1000i,5,true,none,
CR-001940,CP-DY-TP09,4,true,none,
CR-001941,CP-XM-4PRO,5,true,none,
CR-001942,VS-AP-4000i,3,true,app_software,app_software
CR-001943,VS-AP-8000i,2,true,app_software,app_software
CR-001944,VS-AC-1000i,3,true,none,
CR-001945,CP-DY-TP09,5,true,none,
CR-001946,CP-LV-C400S,5,true,none,
CR-001947,VS-AP-8000i,1,true,filter_cost,filter_cost|sensor_trust
CR-001948,CP-XM-4PRO,5,true,none,
CR-001949,VS-AP-4000i,5,true,none,
CR-001950,CP-LV-C400S,5,true,none,
CR-001951,VS-AC-1000i,4,true,none,
CR-001952,VS-AP-4000i,4,true,none,
CR-001953,CP-XM-4PRO,4,true,none,
CR-001954,VS-AP-4000i,5,true,none,
CR-001955,VS-AP-4000i,5,true,none,
CR-001956,CP-BB-DM5440,5,true,none,
CR-001957,CP-LV-C400S,5,true,none,
CR-001958,CP-DY-TP09,5,true,none,
CR-001959,CP-BB-DM5440,5,true,none,
CR-001960,CP-XM-4PRO,5,true,none,
CR-001961,VS-AP-8000i,3,true,noise,noise
CR-001962,VS-AP-3000i,1,true,filter_cost,filter_cost|noise
CR-001963,VS-AC-1000i,5,true,none,
CR-001964,VS-AP-8000i,4,true,none,
CR-001965,CP-LV-C400S,2,true,connectivity,connectivity|filter_cost
CR-001966,CP-LV-C400S,5,true,none,
CR-001967,CP-XM-4PRO,3,true,connectivity,connectivity
CR-001968,CP-LV-C400S,4,true,none,
CR-001969,CP-BB-DM5440,5,true,none,
CR-001970,CP-LV-C400S,5,true,none,
CR-001971,VS-AP-3000i,5,true,none,
CR-001972,CP-XM-4PRO,2,true,app_software,app_software|connectivity
CR-001973,VS-AP-3000i,4,true,none,
CR-001974,VS-AP-3000i,5,true,none,
CR-001975,VS-AP-2000,1,true,filter_cost,filter_cost
CR-001976,VS-AP-8000i,5,true,none,
CR-001977,VS-AC-1000i,5,true,none,
CR-001978,CP-XM-4PRO,5,true,none,
CR-001979,VS-AP-8000i,2,true,noise,app_software|noise
CR-001980,CP-XM-4PRO,5,true,none,
CR-001981,VS-AP-4000i,3,true,connectivity,connectivity
CR-001982,VS-AP-8000i,4,true,none,
CR-001983,VS-AP-2000,3,true,none,
CR-001984,CP-XM-4PRO,5,true,none,
CR-001985,VS-AC-1000i,5,true,none,
CR-001986,VS-AC-1000i,5,true,none,
CR-001987,CP-DY-TP09,5,true,none,
CR-001988,CP-XM-4PRO,2,true,none,
CR-001989,VS-AP-2000,4,true,none,
CR-001990,VS-AP-2000,1,true,none,
CR-001991,CP-XM-4PRO,5,true,none,
CR-001992,VS-AP-8000i,2,true,app_software,app_software
CR-001993,VS-AP-3000i,1,true,sensor_trust,reliability|sensor_trust
CR-001994,CP-LV-C400S,5,true,none,
CR-001995,CP-DY-TP09,4,true,none,
CR-001996,CP-BB-DM5440,5,true,none,
CR-001997,CP-BB-DM5440,5,true,none,
CR-001998,VS-AP-2000,3,true,none,
CR-001999,VS-AP-3000i,5,true,none,
CR-002000,VS-AP-4000i,5,true,none,
CR-002001,VS-AC-1000i,2,true,reliability,reliability|sensor_trust
CR-002002,VS-AP-4000i,1,true,app_software,app_software|connectivity
CR-002003,CP-LV-C400S,4,true,none,
CR-002004,VS-AP-2000,1,true,none,
CR-002005,VS-AC-1000i,1,true,connectivity,connectivity
CR-002006,CP-BB-DM5440,1,true,reliability,reliability
CR-002007,CP-LV-C400S,2,true,noise,noise
CR-002008,VS-AP-4000i,5,true,none,
CR-002009,VS-AP-3000i,5,true,none,
CR-002010,VS-AP-8000i,4,true,none,
CR-002011,VS-AP-8000i,5,true,none,
CR-002012,VS-AP-3000i,4,true,none,
CR-002013,VS-AC-1000i,5,true,none,
CR-002014,VS-AP-3000i,5,true,none,
CR-002015,CP-LV-C400S,5,true,none,
CR-002016,CP-XM-4PRO,5,true,none,
CR-002017,CP-XM-4PRO,5,true,none,
CR-002018,VS-AP-8000i,5,true,none,
CR-002019,CP-DY-TP09,5,true,none,
CR-002020,VS-AP-8000i,5,true,none,
CR-002021,VS-AP-3000i,4,true,none,
CR-002022,CP-BB-DM5440,5,true,none,
CR-002023,VS-AP-4000i,4,true,none,
CR-002024,CP-BB-DM5440,5,true,none,
CR-002025,CP-BB-DM5440,5,true,none,
CR-002026,VS-AP-2000,5,true,none,
CR-002027,VS-AP-2000,4,true,none,
CR-002028,CP-DY-TP09,5,true,none,
CR-002029,VS-AP-8000i,4,true,none,
CR-002030,CP-BB-DM5440,4,true,none,
CR-002031,VS-AP-4000i,3,true,connectivity,connectivity
CR-002032,VS-AC-1000i,1,true,none,
CR-002033,VS-AP-4000i,5,true,none,
CR-002034,CP-XM-4PRO,1,true,connectivity,connectivity|filter_cost
CR-002035,CP-DY-TP09,1,true,none,
CR-002036,CP-BB-DM5440,5,true,none,
CR-002037,CP-DY-TP09,4,true,none,
CR-002038,CP-LV-C400S,5,true,none,
CR-002039,VS-AP-3000i,2,true,sensor_trust,sensor_trust
CR-002040,CP-LV-C400S,1,true,connectivity,connectivity
CR-002041,CP-DY-TP09,4,true,none,
CR-002042,CP-LV-C400S,5,true,none,
CR-002043,CP-LV-C400S,1,true,noise,filter_cost|noise
CR-002044,VS-AC-1000i,1,true,filter_cost,filter_cost
CR-002045,CP-LV-C400S,5,true,none,
CR-002046,CP-BB-DM5440,4,true,none,
CR-002047,VS-AP-4000i,1,true,reliability,noise|reliability
CR-002048,CP-DY-TP09,5,true,none,
CR-002049,CP-BB-DM5440,1,true,filter_cost,app_software|filter_cost
CR-002050,CP-XM-4PRO,3,true,none,
CR-002051,CP-DY-TP09,3,true,none,
CR-002052,CP-BB-DM5440,5,true,none,
CR-002053,CP-DY-TP09,3,true,noise,noise
CR-002054,CP-LV-C400S,1,true,connectivity,connectivity
CR-002055,CP-BB-DM5440,4,true,none,
CR-002056,CP-XM-4PRO,5,true,none,
CR-002057,VS-AP-4000i,3,true,none,
CR-002058,CP-XM-4PRO,4,true,none,
CR-002059,VS-AP-2000,5,true,none,
CR-002060,CP-DY-TP09,4,true,none,
CR-002061,VS-AP-8000i,4,true,none,
CR-002062,VS-AP-4000i,5,true,none,
CR-002063,VS-AP-3000i,3,true,noise,noise
CR-002064,VS-AP-2000,2,true,app_software,app_software
CR-002065,CP-XM-4PRO,5,true,none,
CR-002066,CP-LV-C400S,5,true,none,
CR-002067,CP-BB-DM5440,1,true,app_software,app_software|sensor_trust
CR-002068,CP-LV-C400S,5,true,none,
CR-002069,CP-DY-TP09,5,true,none,
CR-002070,VS-AP-2000,4,true,none,
CR-002071,CP-LV-C400S,5,true,none,
CR-002072,CP-LV-C400S,5,true,none,
CR-002073,VS-AP-4000i,5,true,none,
CR-002074,VS-AP-2000,5,true,none,
CR-002075,VS-AC-1000i,5,true,none,
CR-002076,CP-LV-C400S,1,true,app_software,app_software|noise
CR-002077,CP-DY-TP09,5,true,none,
CR-002078,CP-DY-TP09,2,true,sensor_trust,noise|sensor_trust
CR-002079,CP-LV-C400S,2,true,reliability,reliability
CR-002080,VS-AP-2000,4,true,none,
CR-002081,VS-AP-8000i,5,true,none,
CR-002082,CP-XM-4PRO,5,true,none,
CR-002083,CP-XM-4PRO,3,true,noise,noise
CR-002084,VS-AP-2000,5,true,none,
CR-002085,VS-AC-1000i,1,true,none,
CR-002086,VS-AP-8000i,5,true,none,
CR-002087,CP-BB-DM5440,5,true,none,
CR-002088,VS-AP-8000i,5,true,none,
CR-002089,CP-DY-TP09,4,true,none,
CR-002090,VS-AC-1000i,4,true,none,
CR-002091,VS-AP-2000,5,true,none,
CR-002092,CP-XM-4PRO,5,true,none,
CR-002093,CP-LV-C400S,4,true,none,
CR-002094,CP-DY-TP09,5,true,none,
CR-002095,VS-AP-8000i,4,true,none,
CR-002096,VS-AP-4000i,5,true,none,
CR-002097,VS-AC-1000i,5,true,none,
CR-002098,VS-AP-3000i,5,true,none,
CR-002099,CP-DY-TP09,5,true,none,
CR-002100,VS-AC-1000i,5,true,none,
CR-002101,VS-AP-2000,5,true,none,
CR-002102,VS-AP-8000i,1,true,connectivity,connectivity
CR-002103,VS-AP-8000i,5,true,none,
CR-002104,CP-BB-DM5440,5,true,none,
CR-002105,CP-DY-TP09,5,true,none,
CR-002106,CP-DY-TP09,3,true,none,
CR-002107,VS-AP-8000i,3,true,none,
CR-002108,VS-AP-8000i,5,true,none,
CR-002109,VS-AP-4000i,5,true,none,
CR-002110,CP-DY-TP09,4,true,none,
CR-002111,VS-AP-4000i,5,true,none,
CR-002112,VS-AP-3000i,1,true,filter_cost,filter_cost
CR-002113,CP-LV-C400S,3,true,none,
CR-002114,CP-DY-TP09,4,true,none,
CR-002115,CP-BB-DM5440,5,true,none,
CR-002116,CP-XM-4PRO,5,true,none,
CR-002117,VS-AP-3000i,5,true,none,
CR-002118,VS-AP-2000,4,true,none,
CR-002119,CP-DY-TP09,5,true,none,
CR-002120,VS-AP-8000i,5,true,none,
CR-002121,VS-AP-8000i,4,true,none,
CR-002122,VS-AP-4000i,5,true,none,
CR-002123,VS-AP-2000,4,true,none,
CR-002124,VS-AP-8000i,5,true,none,
CR-002125,CP-XM-4PRO,5,true,none,
CR-002126,CP-BB-DM5440,5,true,none,
CR-002127,VS-AP-2000,2,true,noise,noise
CR-002128,VS-AP-8000i,5,true,none,
CR-002129,VS-AC-1000i,1,true,none,
CR-002130,CP-BB-DM5440,5,true,none,
CR-002131,VS-AP-3000i,2,true,sensor_trust,connectivity|sensor_trust
CR-002132,CP-BB-DM5440,5,true,none,
CR-002133,VS-AP-2000,3,true,none,
CR-002134,CP-XM-4PRO,5,true,none,
CR-002135,VS-AP-2000,5,true,none,
CR-002136,VS-AP-8000i,4,true,none,
CR-002137,CP-DY-TP09,3,true,filter_cost,filter_cost
CR-002138,VS-AC-1000i,3,true,none,
CR-002139,CP-LV-C400S,4,true,none,
CR-002140,CP-XM-4PRO,4,true,none,
CR-002141,CP-XM-4PRO,5,true,none,
CR-002142,CP-BB-DM5440,5,true,none,
CR-002143,CP-LV-C400S,3,true,noise,noise
CR-002144,CP-LV-C400S,4,true,none,
CR-002145,VS-AP-4000i,5,true,none,
CR-002146,CP-LV-C400S,2,true,app_software,app_software|noise
CR-002147,CP-BB-DM5440,4,true,none,
CR-002148,CP-XM-4PRO,4,true,none,
CR-002149,VS-AP-8000i,4,true,none,
CR-002150,CP-XM-4PRO,5,true,none,
CR-002151,VS-AC-1000i,3,true,noise,noise
CR-002152,CP-DY-TP09,5,true,none,
CR-002153,VS-AP-4000i,3,true,none,
CR-002154,CP-XM-4PRO,5,true,none,
CR-002155,CP-DY-TP09,1,true,noise,noise
CR-002156,VS-AP-2000,3,true,app_software,app_software
CR-002157,VS-AP-8000i,4,true,none,
CR-002158,VS-AP-2000,5,true,none,
CR-002159,VS-AP-2000,4,true,none,
CR-002160,VS-AC-1000i,3,true,none,
CR-002161,CP-XM-4PRO,4,true,none,
CR-002162,CP-DY-TP09,5,true,none,
CR-002163,VS-AP-3000i,5,true,none,
CR-002164,CP-DY-TP09,5,true,none,
CR-002165,VS-AC-1000i,4,true,none,
CR-002166,CP-BB-DM5440,5,true,none,
CR-002167,CP-XM-4PRO,5,true,none,
CR-002168,CP-LV-C400S,5,true,none,
CR-002169,CP-DY-TP09,5,true,none,
CR-002170,VS-AP-3000i,5,true,none,
CR-002171,CP-DY-TP09,5,true,none,
CR-002172,VS-AP-4000i,5,true,none,
CR-002173,VS-AP-8000i,3,true,none,
CR-002174,VS-AC-1000i,4,true,none,
CR-002175,VS-AP-4000i,5,true,none,
CR-002176,VS-AP-4000i,5,true,none,
CR-002177,CP-XM-4PRO,5,true,none,
CR-002178,CP-BB-DM5440,5,true,none,
CR-002179,CP-DY-TP09,2,true,app_software,app_software|sensor_trust
CR-002180,CP-BB-DM5440,5,true,none,
CR-002181,VS-AP-4000i,5,true,none,
CR-002182,CP-BB-DM5440,5,true,none,
CR-002183,VS-AP-3000i,5,true,none,
CR-002184,VS-AC-1000i,5,true,none,
CR-002185,CP-XM-4PRO,4,true,none,
CR-002186,VS-AP-3000i,2,true,reliability,reliability|sensor_trust
CR-002187,VS-AP-3000i,5,true,none,
CR-002188,CP-DY-TP09,5,true,none,
CR-002189,VS-AP-4000i,4,true,none,
CR-002190,VS-AP-4000i,5,true,none,
CR-002191,CP-XM-4PRO,1,true,app_software,app_software
CR-002192,VS-AP-8000i,4,true,none,
CR-002193,VS-AP-8000i,1,true,sensor_trust,sensor_trust
CR-002194,CP-XM-4PRO,4,true,none,
CR-002195,CP-LV-C400S,4,true,none,
CR-002196,VS-AP-4000i,5,true,none,
CR-002197,VS-AP-2000,5,true,none,
CR-002198,VS-AP-3000i,5,true,none,
CR-002199,CP-BB-DM5440,5,true,none,
CR-002200,CP-BB-DM5440,5,true,none,
CR-002201,CP-DY-TP09,5,true,none,
CR-002202,VS-AP-4000i,5,true,none,
CR-002203,CP-BB-DM5440,5,true,none,
CR-002204,VS-AP-8000i,2,true,app_software,app_software
CR-002205,VS-AC-1000i,5,true,none,
CR-002206,VS-AP-4000i,5,true,none,
CR-002207,CP-XM-4PRO,2,true,noise,noise
CR-002208,CP-XM-4PRO,2,true,app_software,app_software
CR-002209,VS-AP-2000,3,true,reliability,reliability
CR-002210,VS-AC-1000i,4,true,none,
CR-002211,VS-AP-3000i,4,true,none,
CR-002212,VS-AP-3000i,2,true,app_software,app_software
CR-002213,VS-AP-3000i,3,true,none,
CR-002214,CP-BB-DM5440,5,true,none,
CR-002215,VS-AP-3000i,5,true,none,
CR-002216,VS-AP-4000i,5,true,none,
CR-002217,VS-AP-2000,4,true,none,
CR-002218,VS-AP-4000i,1,true,connectivity,connectivity
CR-002219,VS-AP-3000i,4,true,none,
CR-002220,VS-AP-4000i,1,true,app_software,app_software
CR-002221,CP-XM-4PRO,4,true,none,
CR-002222,VS-AP-4000i,4,true,none,
CR-002223,CP-XM-4PRO,1,true,app_software,app_software
CR-002224,VS-AP-4000i,5,true,none,
CR-002225,VS-AP-3000i,2,true,sensor_trust,connectivity|sensor_trust
CR-002226,VS-AC-1000i,3,true,none,
CR-002227,CP-XM-4PRO,5,true,none,
CR-002228,VS-AP-2000,5,true,none,
CR-002229,CP-LV-C400S,5,true,none,
CR-002230,VS-AP-8000i,5,true,none,
CR-002231,CP-LV-C400S,4,true,none,
CR-002232,CP-LV-C400S,5,true,none,
CR-002233,VS-AP-8000i,5,true,none,
CR-002234,CP-LV-C400S,5,true,none,
CR-002235,CP-DY-TP09,5,true,none,
CR-002236,CP-LV-C400S,1,true,filter_cost,filter_cost|reliability
CR-002237,CP-DY-TP09,4,true,none,
CR-002238,CP-XM-4PRO,5,true,none,
CR-002239,VS-AP-3000i,4,true,none,
CR-002240,VS-AP-2000,5,true,none,
CR-002241,CP-LV-C400S,5,true,none,
CR-002242,VS-AC-1000i,5,true,none,
CR-002243,VS-AP-2000,5,true,none,
CR-002244,CP-XM-4PRO,5,true,none,
CR-002245,CP-BB-DM5440,1,true,reliability,app_software|reliability
CR-002246,VS-AP-8000i,5,true,none,
CR-002247,VS-AP-8000i,4,true,none,
CR-002248,VS-AP-8000i,5,true,none,
CR-002249,CP-LV-C400S,5,true,none,
CR-002250,VS-AP-8000i,5,true,none,
CR-002251,VS-AP-4000i,5,true,none,
CR-002252,VS-AC-1000i,2,true,filter_cost,filter_cost
CR-002253,VS-AC-1000i,4,true,none,
CR-002254,VS-AP-3000i,5,true,none,
CR-002255,VS-AP-8000i,4,true,none,
CR-002256,CP-LV-C400S,5,true,none,
CR-002257,CP-BB-DM5440,3,true,filter_cost,filter_cost
CR-002258,VS-AP-3000i,5,true,none,
CR-002259,CP-LV-C400S,3,true,none,
CR-002260,VS-AP-4000i,5,true,none,
CR-002261,CP-XM-4PRO,4,true,none,
CR-002262,CP-DY-TP09,5,true,none,
CR-002263,VS-AP-8000i,2,true,app_software,app_software
CR-002264,VS-AP-3000i,4,true,none,
CR-002265,VS-AP-3000i,5,true,none,
CR-002266,CP-XM-4PRO,5,true,none,
CR-002267,CP-XM-4PRO,5,true,none,
CR-002268,CP-DY-TP09,5,true,none,
CR-002269,CP-LV-C400S,1,true,noise,noise
CR-002270,CP-XM-4PRO,5,true,none,
CR-002271,CP-DY-TP09,5,true,none,
CR-002272,CP-BB-DM5440,1,true,connectivity,connectivity
CR-002273,CP-BB-DM5440,2,true,sensor_trust,sensor_trust
CR-002274,VS-AP-3000i,4,true,none,
CR-002275,VS-AC-1000i,5,true,none,
CR-002276,VS-AP-8000i,3,true,noise,noise
CR-002277,CP-LV-C400S,2,true,noise,noise|sensor_trust
CR-002278,VS-AP-8000i,5,true,none,
CR-002279,VS-AC-1000i,5,true,none,
CR-002280,VS-AC-1000i,4,true,none,
CR-002281,VS-AP-8000i,4,true,none,
CR-002282,VS-AP-4000i,5,true,none,
CR-002283,CP-XM-4PRO,5,true,none,
CR-002284,CP-DY-TP09,5,true,none,
CR-002285,CP-XM-4PRO,4,true,none,
CR-002286,CP-XM-4PRO,5,true,none,
CR-002287,CP-DY-TP09,5,true,none,
CR-002288,VS-AP-3000i,4,true,none,
CR-002289,CP-LV-C400S,4,true,none,
CR-002290,CP-DY-TP09,5,true,none,
CR-002291,VS-AP-8000i,5,true,none,
CR-002292,CP-LV-C400S,5,true,none,
CR-002293,VS-AP-4000i,4,true,none,
CR-002294,CP-DY-TP09,2,true,connectivity,connectivity
CR-002295,VS-AP-8000i,5,true,none,
CR-002296,CP-DY-TP09,5,true,none,
CR-002297,VS-AC-1000i,5,true,none,
CR-002298,CP-XM-4PRO,5,true,none,
CR-002299,CP-XM-4PRO,2,true,noise,noise
CR-002300,CP-LV-C400S,5,true,none,
CR-002301,VS-AP-4000i,5,true,none,
CR-002302,CP-XM-4PRO,5,true,none,
CR-002303,CP-BB-DM5440,4,true,none,
CR-002304,VS-AC-1000i,2,true,sensor_trust,sensor_trust
CR-002305,CP-BB-DM5440,1,true,app_software,app_software
CR-002306,VS-AP-2000,5,true,none,
CR-002307,VS-AC-1000i,5,true,none,
CR-002308,CP-DY-TP09,5,true,none,
CR-002309,VS-AP-8000i,5,true,none,
CR-002310,VS-AP-4000i,4,true,none,
CR-002311,VS-AP-4000i,5,true,none,
CR-002312,VS-AP-3000i,4,true,none,
CR-002313,CP-DY-TP09,4,true,none,
CR-002314,CP-LV-C400S,1,true,noise,noise|sensor_trust
CR-002315,CP-BB-DM5440,5,true,none,
CR-002316,CP-BB-DM5440,5,true,none,
CR-002317,VS-AC-1000i,4,true,none,
CR-002318,CP-BB-DM5440,4,true,none,
CR-002319,CP-BB-DM5440,5,true,none,
CR-002320,VS-AP-2000,5,true,none,
CR-002321,VS-AP-2000,4,true,none,
CR-002322,VS-AP-2000,5,true,none,
CR-002323,CP-DY-TP09,5,true,none,
CR-002324,VS-AP-8000i,3,true,filter_cost,filter_cost
CR-002325,CP-BB-DM5440,5,true,none,
CR-002326,VS-AP-3000i,5,true,none,
CR-002327,VS-AC-1000i,5,true,none,
CR-002328,VS-AP-8000i,5,true,none,
CR-002329,VS-AP-3000i,4,true,none,
CR-002330,VS-AP-3000i,5,true,none,
CR-002331,VS-AC-1000i,1,true,connectivity,connectivity|noise
CR-002332,CP-XM-4PRO,5,true,none,
CR-002333,CP-BB-DM5440,5,true,none,
CR-002334,VS-AP-3000i,1,true,app_software,app_software
CR-002335,VS-AP-4000i,5,true,none,
CR-002336,CP-BB-DM5440,5,true,none,
CR-002337,CP-DY-TP09,1,true,filter_cost,filter_cost
CR-002338,VS-AC-1000i,4,true,none,
CR-002339,VS-AP-4000i,4,true,none,
CR-002340,CP-XM-4PRO,5,true,none,
CR-002341,VS-AP-2000,2,true,noise,noise
CR-002342,CP-XM-4PRO,2,true,app_software,app_software|connectivity
CR-002343,CP-BB-DM5440,4,true,none,
CR-002344,VS-AP-2000,5,true,none,
CR-002345,CP-BB-DM5440,5,true,none,
CR-002346,VS-AP-8000i,1,true,sensor_trust,sensor_trust
CR-002347,VS-AP-2000,5,true,none,
CR-002348,CP-XM-4PRO,5,true,none,
CR-002349,VS-AP-4000i,1,true,sensor_trust,sensor_trust
CR-002350,CP-BB-DM5440,4,true,none,
CR-002351,VS-AP-8000i,5,true,none,
CR-002352,VS-AP-3000i,5,true,none,
CR-002353,CP-BB-DM5440,2,true,sensor_trust,sensor_trust
CR-002354,VS-AP-8000i,1,true,noise,filter_cost|noise
CR-002355,VS-AP-8000i,5,true,none,
CR-002356,VS-AC-1000i,4,true,none,
CR-002357,CP-LV-C400S,5,true,none,
CR-002358,VS-AC-1000i,5,true,none,
CR-002359,CP-LV-C400S,5,true,none,
CR-002360,VS-AP-4000i,5,true,none,
CR-002361,VS-AP-2000,2,true,noise,noise
CR-002362,VS-AP-3000i,3,true,none,
CR-002363,CP-LV-C400S,5,true,none,
CR-002364,VS-AP-8000i,5,true,none,
CR-002365,VS-AP-8000i,5,true,none,
CR-002366,VS-AP-8000i,5,true,none,
CR-002367,CP-LV-C400S,5,true,none,
CR-002368,VS-AC-1000i,5,true,none,
CR-002369,VS-AP-2000,5,true,none,
CR-002370,VS-AP-3000i,5,true,none,
CR-002371,VS-AP-4000i,1,true,reliability,filter_cost|reliability
CR-002372,VS-AP-4000i,3,true,none,
CR-002373,VS-AP-2000,4,true,none,
CR-002374,VS-AC-1000i,4,true,none,
CR-002375,VS-AP-2000,5,true,none,
CR-002376,CP-LV-C400S,3,true,connectivity,connectivity
CR-002377,VS-AP-2000,3,true,none,
CR-002378,CP-LV-C400S,5,true,none,
CR-002379,VS-AP-2000,3,true,app_software,app_software
CR-002380,CP-DY-TP09,5,true,none,
CR-002381,VS-AP-8000i,5,true,none,
CR-002382,VS-AP-3000i,5,true,none,
CR-002383,CP-XM-4PRO,5,true,none,
CR-002384,VS-AP-3000i,5,true,none,
CR-002385,VS-AP-8000i,5,true,none,
CR-002386,VS-AP-4000i,1,true,sensor_trust,connectivity|sensor_trust
CR-002387,VS-AP-4000i,5,true,none,
CR-002388,CP-DY-TP09,1,true,noise,connectivity|noise
CR-002389,CP-LV-C400S,5,true,none,
CR-002390,VS-AP-8000i,5,true,none,
CR-002391,VS-AP-2000,4,true,none,
CR-002392,CP-DY-TP09,5,true,none,
CR-002393,VS-AP-2000,3,true,none,
CR-002394,CP-LV-C400S,4,true,none,
CR-002395,CP-XM-4PRO,4,true,none,
CR-002396,CP-BB-DM5440,4,true,none,
CR-002397,CP-XM-4PRO,5,true,none,
CR-002398,VS-AP-4000i,1,true,app_software,app_software
CR-002399,CP-LV-C400S,5,true,none,
CR-002400,VS-AP-4000i,3,true,app_software,app_software
CR-002401,VS-AC-1000i,3,true,none,
CR-002402,VS-AP-4000i,5,true,none,
CR-002403,VS-AP-3000i,5,true,none,
CR-002404,CP-DY-TP09,1,true,filter_cost,filter_cost|sensor_trust
CR-002405,CP-XM-4PRO,5,true,none,
CR-002406,CP-XM-4PRO,1,true,filter_cost,connectivity|filter_cost
CR-002407,VS-AP-8000i,5,true,none,
CR-002408,VS-AP-2000,5,true,none,
CR-002409,VS-AP-4000i,4,true,none,
CR-002410,CP-DY-TP09,5,true,none,
CR-002411,VS-AP-3000i,5,true,none,
CR-002412,CP-XM-4PRO,5,true,none,
CR-002413,VS-AC-1000i,1,true,connectivity,connectivity
CR-002414,VS-AP-4000i,5,true,none,
CR-002415,CP-BB-DM5440,5,true,none,
CR-002416,VS-AC-1000i,5,true,none,
CR-002417,VS-AP-2000,5,true,none,
CR-002418,VS-AP-3000i,5,true,none,
CR-002419,CP-LV-C400S,5,true,none,
CR-002420,VS-AP-3000i,3,true,none,
CR-002421,VS-AC-1000i,1,true,app_software,app_software
CR-002422,CP-XM-4PRO,5,true,none,
CR-002423,VS-AP-4000i,4,true,none,
CR-002424,VS-AC-1000i,5,true,none,
CR-002425,VS-AP-4000i,4,true,none,
CR-002426,VS-AP-4000i,5,true,none,
CR-002427,VS-AP-8000i,5,true,none,
CR-002428,VS-AP-8000i,1,true,noise,noise
CR-002429,VS-AP-2000,5,true,none,
CR-002430,VS-AP-3000i,1,true,reliability,reliability
CR-002431,VS-AP-3000i,3,true,none,
CR-002432,VS-AC-1000i,5,true,none,
CR-002433,CP-DY-TP09,3,true,connectivity,connectivity
CR-002434,VS-AP-3000i,4,true,none,
CR-002435,VS-AP-2000,5,true,none,
CR-002436,VS-AP-4000i,3,true,noise,noise
CR-002437,VS-AP-3000i,1,true,filter_cost,filter_cost
CR-002438,VS-AC-1000i,5,true,none,
CR-002439,CP-LV-C400S,4,true,none,
CR-002440,CP-LV-C400S,2,true,connectivity,connectivity|filter_cost
CR-002441,VS-AP-3000i,1,false,none,
CR-002442,VS-AP-2000,5,true,none,
CR-002443,CP-DY-TP09,5,true,none,
CR-002444,VS-AC-1000i,2,true,app_software,app_software
CR-002445,VS-AP-8000i,1,true,filter_cost,filter_cost
CR-002446,VS-AC-1000i,4,true,none,
CR-002447,VS-AP-3000i,1,false,none,
CR-002448,CP-DY-TP09,1,true,noise,noise
CR-002449,VS-AC-1000i,1,true,sensor_trust,sensor_trust
CR-002450,CP-BB-DM5440,3,true,connectivity,connectivity
CR-002451,VS-AP-8000i,4,true,none,
CR-002452,VS-AP-3000i,5,true,none,
CR-002453,CP-XM-4PRO,5,true,none,
CR-002454,CP-LV-C400S,5,true,none,
CR-002455,VS-AP-4000i,5,true,none,
CR-002456,CP-BB-DM5440,4,true,none,
CR-002457,VS-AP-2000,5,true,none,
CR-002458,VS-AP-4000i,1,true,noise,noise
CR-002459,VS-AP-3000i,5,true,none,
CR-002460,CP-DY-TP09,5,true,none,
CR-002461,VS-AC-1000i,1,true,noise,noise
CR-002462,CP-BB-DM5440,1,true,noise,connectivity|noise
CR-002463,CP-LV-C400S,3,true,app_software,app_software
CR-002464,VS-AP-3000i,5,true,none,
CR-002465,CP-BB-DM5440,1,true,noise,noise|sensor_trust
CR-002466,VS-AP-2000,4,true,none,
CR-002467,CP-DY-TP09,5,true,none,
CR-002512,VS-AP-4000i,3,true,noise,noise
CR-002530,VS-AP-8000i,5,true,none,
CR-002553,VS-AP-2000,5,true,none,
CR-002555,VS-AP-2000,5,true,none,
CR-002577,VS-AP-3000i,1,true,noise,connectivity|noise
CR-002600,VS-AP-8000i,5,true,none,
CR-002605,CP-DY-TP09,2,true,sensor_trust,sensor_trust
CR-002607,CP-XM-4PRO,5,true,none,
CR-002640,CP-LV-C400S,3,true,app_software,app_software
CR-002646,VS-AP-2000,5,true,none,
CR-002692,CP-BB-DM5440,4,true,none,
CR-002693,VS-AP-3000i,4,true,none,
CR-002717,CP-BB-DM5440,5,true,none,
CR-002761,VS-AP-8000i,2,true,filter_cost,connectivity|filter_cost
CR-002782,VS-AP-8000i,4,true,none,
CR-002783,CP-XM-4PRO,5,true,none,
CR-002784,VS-AC-1000i,2,true,connectivity,connectivity
CR-002785,CP-BB-DM5440,5,true,none,
CR-002786,VS-AC-1000i,4,true,none,
CR-002787,VS-AP-2000,2,true,app_software,app_software
CR-002788,VS-AC-1000i,4,true,none,
CR-002789,CP-LV-C400S,5,true,none,
CR-002790,VS-AP-3000i,5,true,none,
CR-002791,VS-AP-4000i,3,true,noise,noise
CR-002792,VS-AP-4000i,3,true,connectivity,connectivity
CR-002793,CP-XM-4PRO,5,true,none,
CR-002794,VS-AP-4000i,5,true,none,
CR-002795,VS-AC-1000i,5,true,none,
CR-002796,CP-BB-DM5440,5,true,none,
CR-002797,CP-BB-DM5440,1,true,app_software,app_software|filter_cost
CR-002798,CP-LV-C400S,1,true,none,
CR-002799,CP-XM-4PRO,5,true,none,
CR-002800,CP-BB-DM5440,5,true,none,
CR-002801,VS-AP-4000i,1,true,connectivity,connectivity|reliability
CR-002802,VS-AP-2000,5,true,none,
CR-002803,VS-AP-4000i,5,true,none,
CR-002804,VS-AP-4000i,5,true,none,
CR-002805,VS-AP-3000i,5,true,none,
CR-002806,VS-AP-8000i,5,true,none,
CR-002807,VS-AP-8000i,5,true,none,
CR-002808,CP-LV-C400S,4,true,none,
CR-002809,VS-AP-4000i,1,true,sensor_trust,connectivity|sensor_trust
CR-002810,CP-BB-DM5440,5,true,none,
CR-002811,VS-AP-8000i,5,true,none,
CR-002812,VS-AP-2000,5,true,none,
CR-002813,CP-BB-DM5440,5,true,none,
CR-002814,VS-AP-3000i,5,true,none,
CR-002815,CP-DY-TP09,5,true,none,
CR-002816,VS-AP-3000i,1,true,connectivity,connectivity|noise
CR-002817,VS-AP-4000i,1,false,none,
CR-002818,VS-AC-1000i,1,true,none,
CR-002819,VS-AC-1000i,4,true,none,
CR-002820,CP-XM-4PRO,5,true,none,
CR-002821,VS-AP-3000i,5,false,app_software,app_software|reliability
CR-002822,CP-LV-C400S,5,true,none,
CR-002823,CP-XM-4PRO,1,true,reliability,reliability
CR-002824,CP-XM-4PRO,4,true,none,
CR-002825,CP-LV-C400S,5,true,none,
CR-002826,CP-XM-4PRO,5,true,none,
CR-002827,CP-XM-4PRO,1,true,sensor_trust,noise|sensor_trust
CR-002828,VS-AP-2000,5,true,none,
CR-002829,CP-BB-DM5440,2,true,reliability,reliability
CR-002830,VS-AP-4000i,4,true,none,
CR-002831,CP-DY-TP09,5,true,none,
CR-002832,CP-DY-TP09,1,true,reliability,reliability
CR-002833,CP-DY-TP09,2,true,noise,noise
CR-002834,VS-AC-1000i,5,true,none,
CR-002835,CP-XM-4PRO,4,true,none,
CR-002836,VS-AP-2000,5,true,none,
CR-002837,VS-AP-2000,2,true,filter_cost,app_software|filter_cost
CR-002838,VS-AP-8000i,5,true,none,
CR-002839,CP-LV-C400S,4,true,none,
CR-002840,VS-AP-8000i,5,true,none,
CR-002841,CP-BB-DM5440,1,true,none,
CR-002842,VS-AP-3000i,4,true,none,
CR-002843,VS-AC-1000i,5,true,none,
CR-002844,VS-AP-4000i,2,true,reliability,connectivity|reliability
CR-002845,CP-LV-C400S,5,true,none,
CR-002846,VS-AP-3000i,5,true,none,
CR-002847,VS-AC-1000i,5,true,none,
CR-002848,VS-AP-2000,5,true,none,
CR-002849,VS-AP-4000i,1,true,app_software,app_software|reliability
CR-002850,VS-AP-4000i,5,true,none,
CR-002851,VS-AP-8000i,2,true,connectivity,connectivity|sensor_trust
CR-002852,CP-BB-DM5440,2,true,noise,noise|sensor_trust
CR-002853,VS-AP-2000,5,true,none,
CR-002854,CP-XM-4PRO,5,true,none,
CR-002855,VS-AP-4000i,4,true,none,
CR-002856,VS-AP-8000i,5,true,none,
CR-002857,CP-DY-TP09,2,true,noise,connectivity|noise
CR-002858,VS-AC-1000i,4,true,none,
CR-002859,VS-AP-8000i,1,true,connectivity,connectivity|sensor_trust
CR-002860,VS-AP-3000i,1,true,app_software,app_software
CR-002861,CP-LV-C400S,5,true,none,
CR-002862,VS-AP-8000i,5,true,none,
CR-002863,CP-BB-DM5440,4,true,none,
CR-002864,VS-AP-3000i,2,true,filter_cost,filter_cost
CR-002865,VS-AP-2000,5,true,none,
CR-002866,CP-DY-TP09,5,true,none,
CR-002867,CP-BB-DM5440,5,true,none,
CR-002868,CP-BB-DM5440,5,true,none,
CR-002869,VS-AP-8000i,5,true,none,
CR-002870,CP-BB-DM5440,1,true,app_software,app_software|noise
CR-002871,CP-XM-4PRO,5,true,none,
CR-002872,CP-XM-4PRO,5,true,none,
CR-002873,CP-LV-C400S,1,true,noise,noise
CR-002874,VS-AP-8000i,2,true,app_software,app_software|filter_cost
CR-002875,VS-AC-1000i,5,true,none,
CR-002876,VS-AP-3000i,5,true,none,
CR-002877,CP-LV-C400S,5,true,none,
CR-002878,CP-LV-C400S,5,true,none,
CR-002879,CP-DY-TP09,5,true,none,
CR-002880,CP-DY-TP09,5,true,none,
CR-002881,VS-AP-2000,5,true,none,
CR-002882,VS-AP-8000i,5,true,none,
CR-002883,VS-AP-4000i,5,true,none,
CR-002884,VS-AP-8000i,2,true,noise,app_software|noise
CR-002885,CP-XM-4PRO,4,true,none,
CR-002886,VS-AP-8000i,2,true,filter_cost,filter_cost
CR-002887,VS-AP-8000i,4,true,none,
CR-002888,CP-BB-DM5440,3,true,none,
CR-002889,VS-AC-1000i,4,true,none,
CR-002890,VS-AP-3000i,4,true,none,
CR-002891,VS-AP-3000i,4,true,none,
CR-002892,VS-AP-4000i,4,true,none,
CR-002893,CP-BB-DM5440,5,true,none,
CR-002894,VS-AP-4000i,4,true,none,
CR-002895,VS-AC-1000i,5,true,none,
CR-002896,VS-AP-2000,5,true,none,
CR-002897,VS-AC-1000i,5,true,none,
CR-002898,CP-DY-TP09,4,true,none,
CR-002899,VS-AC-1000i,5,true,none,
CR-002900,VS-AP-8000i,1,true,connectivity,connectivity
CR-002901,CP-LV-C400S,5,true,none,
CR-002902,CP-XM-4PRO,5,true,none,
CR-002903,CP-BB-DM5440,5,true,none,
CR-002904,CP-XM-4PRO,5,true,none,
CR-002905,VS-AP-4000i,1,true,connectivity,connectivity
CR-002906,VS-AP-8000i,4,true,none,
CR-002907,CP-DY-TP09,4,true,none,
CR-002908,VS-AP-3000i,4,true,none,
CR-002909,CP-BB-DM5440,5,true,none,
CR-002910,VS-AC-1000i,5,true,none,
CR-002911,CP-DY-TP09,4,true,none,
CR-002912,VS-AP-2000,4,true,none,
CR-002913,VS-AP-2000,5,true,none,
CR-002914,VS-AP-3000i,4,true,none,
CR-002915,CP-BB-DM5440,4,true,none,
CR-002916,CP-XM-4PRO,5,true,none,
CR-002917,VS-AP-4000i,1,true,reliability,connectivity|reliability
CR-002918,VS-AC-1000i,1,true,connectivity,connectivity
CR-002919,VS-AP-8000i,5,true,none,
CR-002920,VS-AP-4000i,4,true,none,
CR-002921,CP-BB-DM5440,3,true,none,
CR-002922,CP-BB-DM5440,4,true,none,
CR-002923,VS-AP-2000,1,true,noise,noise
CR-002924,VS-AP-4000i,4,true,none,
CR-002925,VS-AP-3000i,3,true,app_software,app_software
CR-002926,VS-AP-3000i,5,true,none,
CR-002927,CP-BB-DM5440,4,true,none,
CR-002928,VS-AC-1000i,3,true,noise,noise
CR-002929,VS-AP-3000i,5,true,none,
CR-002930,VS-AP-3000i,1,true,connectivity,connectivity
CR-002931,VS-AP-3000i,3,true,none,
CR-002932,VS-AP-4000i,4,true,none,
CR-002933,CP-LV-C400S,5,true,none,
CR-002934,VS-AP-8000i,4,true,none,
CR-002935,VS-AC-1000i,4,true,none,
CR-002936,CP-DY-TP09,3,true,noise,noise
CR-002937,CP-XM-4PRO,5,true,none,
CR-002938,CP-DY-TP09,5,true,none,
CR-002939,VS-AP-2000,1,true,noise,noise
CR-002940,VS-AP-8000i,4,true,none,
CR-002941,CP-BB-DM5440,3,true,none,
CR-002942,VS-AP-2000,3,true,none,
CR-002943,VS-AC-1000i,4,true,none,
CR-002944,VS-AP-3000i,5,true,none,
CR-002945,VS-AP-2000,5,true,none,
CR-002946,VS-AC-1000i,4,true,none,
CR-002947,VS-AP-8000i,5,true,none,
CR-002948,VS-AP-4000i,5,true,none,
CR-002949,VS-AP-8000i,4,true,none,
CR-002950,VS-AP-8000i,5,true,none,
CR-002951,CP-BB-DM5440,4,true,none,
CR-002952,CP-LV-C400S,5,true,none,
CR-002953,VS-AC-1000i,5,true,none,
CR-002954,CP-BB-DM5440,4,true,none,
CR-002955,VS-AP-2000,5,true,none,
CR-002956,CP-BB-DM5440,3,true,none,
CR-002957,VS-AP-8000i,5,true,none,
CR-002958,CP-LV-C400S,5,true,none,
CR-002959,VS-AP-3000i,5,true,none,
CR-002960,VS-AP-4000i,4,true,none,
CR-002961,VS-AC-1000i,5,true,none,
CR-002962,CP-LV-C400S,5,true,none,
CR-002963,CP-BB-DM5440,5,true,none,
CR-002964,CP-BB-DM5440,2,true,app_software,app_software
CR-002965,CP-DY-TP09,1,true,noise,app_software|noise
CR-002966,VS-AP-3000i,4,true,none,
CR-002967,VS-AP-8000i,1,true,connectivity,connectivity|reliability
CR-002968,CP-DY-TP09,5,true,none,
CR-002969,VS-AP-2000,5,true,none,
CR-002970,CP-XM-4PRO,1,true,reliability,reliability
CR-002971,VS-AP-4000i,5,true,none,
CR-002972,CP-DY-TP09,5,true,none,
CR-002973,CP-XM-4PRO,5,true,none,
CR-002974,VS-AP-4000i,5,true,none,
CR-002975,VS-AP-4000i,5,true,none,
CR-002976,VS-AC-1000i,1,true,noise,noise|reliability
CR-002977,CP-LV-C400S,3,true,none,
CR-002978,CP-XM-4PRO,4,true,none,
CR-002979,CP-BB-DM5440,5,true,none,
CR-002980,CP-BB-DM5440,3,true,connectivity,connectivity
CR-002981,VS-AP-4000i,5,true,none,
CR-002982,VS-AP-2000,5,true,none,
CR-002983,CP-BB-DM5440,4,true,none,
CR-002984,VS-AP-8000i,5,true,none,
CR-002985,VS-AP-2000,2,true,noise,noise
CR-002986,VS-AP-2000,2,true,noise,noise
CR-002987,VS-AC-1000i,5,true,none,
CR-002988,VS-AP-2000,5,true,none,
CR-002989,CP-BB-DM5440,5,true,none,
CR-002990,CP-DY-TP09,5,true,none,
CR-002991,CP-XM-4PRO,1,true,connectivity,connectivity|noise
CR-002992,VS-AP-8000i,3,true,connectivity,connectivity
CR-002993,CP-XM-4PRO,4,true,none,
CR-002994,VS-AP-3000i,4,true,none,
CR-002995,CP-LV-C400S,5,true,none,
CR-002996,VS-AP-8000i,5,true,none,
CR-002997,CP-DY-TP09,1,true,app_software,app_software|connectivity
CR-002998,VS-AC-1000i,5,true,none,
CR-002999,VS-AP-8000i,5,true,none,
CR-003000,CP-DY-TP09,2,true,reliability,filter_cost|reliability
CR-003001,CP-XM-4PRO,5,true,none,
CR-003002,VS-AP-8000i,2,true,filter_cost,filter_cost|sensor_trust
CR-003003,VS-AP-3000i,4,true,none,
CR-003004,VS-AP-8000i,4,true,none,
CR-003005,VS-AP-2000,2,true,app_software,app_software|sensor_trust
CR-003006,VS-AC-1000i,5,true,none,
CR-003007,CP-LV-C400S,4,true,none,
CR-003008,VS-AP-2000,2,true,connectivity,connectivity|noise
CR-003009,VS-AC-1000i,3,true,filter_cost,filter_cost
CR-003010,VS-AP-4000i,3,true,none,
CR-003011,VS-AP-2000,5,true,none,
CR-003012,VS-AP-4000i,5,true,none,
CR-003013,VS-AP-2000,5,true,none,
CR-003014,CP-LV-C400S,1,true,filter_cost,filter_cost
CR-003015,VS-AP-4000i,5,true,none,
CR-003016,CP-LV-C400S,4,true,none,
CR-003017,VS-AP-2000,5,true,none,
CR-003018,VS-AP-3000i,5,true,none,
CR-003019,VS-AP-2000,3,true,none,
CR-003020,VS-AP-4000i,5,true,none,
CR-003021,CP-BB-DM5440,5,true,none,
CR-003022,CP-DY-TP09,5,true,none,
CR-003023,CP-LV-C400S,5,true,none,
CR-003024,CP-BB-DM5440,4,true,none,
CR-003025,VS-AP-2000,4,true,none,
CR-003026,VS-AP-8000i,4,true,none,
CR-003027,VS-AC-1000i,4,true,none,
CR-003028,VS-AP-8000i,1,true,sensor_trust,noise|sensor_trust
CR-003029,CP-LV-C400S,5,true,none,
CR-003030,VS-AP-4000i,4,true,none,
CR-003031,VS-AP-2000,4,true,none,
CR-003032,VS-AP-3000i,4,true,none,
CR-003033,CP-DY-TP09,5,true,none,
CR-003034,VS-AC-1000i,1,true,sensor_trust,sensor_trust
CR-003035,VS-AP-2000,5,true,none,
CR-003036,CP-DY-TP09,4,true,none,
CR-003037,VS-AC-1000i,5,true,none,
CR-003038,VS-AP-4000i,5,true,none,
CR-003039,VS-AP-4000i,5,true,none,
CR-003040,VS-AC-1000i,1,true,filter_cost,app_software|filter_cost
CR-003041,VS-AP-4000i,1,false,none,
CR-003042,CP-DY-TP09,5,true,none,
CR-003043,CP-XM-4PRO,5,true,none,
CR-003044,VS-AP-4000i,4,true,none,
CR-003045,VS-AP-4000i,5,true,none,
CR-003046,CP-BB-DM5440,1,true,app_software,app_software|noise
CR-003047,VS-AP-4000i,5,true,none,
CR-003048,VS-AP-3000i,4,true,none,
CR-003049,CP-XM-4PRO,4,true,none,
CR-003050,CP-BB-DM5440,5,true,none,
CR-003051,CP-DY-TP09,5,true,none,
CR-003052,VS-AP-8000i,5,true,none,
CR-003053,VS-AP-8000i,5,true,none,
CR-003054,VS-AP-4000i,1,true,noise,app_software|noise
CR-003055,VS-AP-2000,1,true,noise,noise
CR-003056,VS-AP-4000i,5,true,none,
CR-003057,VS-AP-3000i,5,true,none,
CR-003058,CP-BB-DM5440,4,true,none,
CR-003059,VS-AP-2000,4,true,none,
CR-003060,CP-DY-TP09,5,true,none,
CR-003061,VS-AC-1000i,1,true,reliability,noise|reliability
CR-003062,VS-AP-2000,5,true,none,
CR-003063,VS-AP-8000i,3,true,none,
CR-003064,CP-BB-DM5440,5,true,none,
CR-003065,VS-AP-3000i,1,true,filter_cost,filter_cost
CR-003066,CP-BB-DM5440,3,true,filter_cost,filter_cost
CR-003067,CP-XM-4PRO,1,true,reliability,reliability
CR-003068,CP-DY-TP09,4,true,none,
CR-003069,CP-LV-C400S,5,true,none,
CR-003070,CP-BB-DM5440,4,true,none,
CR-003071,VS-AP-2000,5,true,none,
CR-003072,VS-AP-3000i,5,true,none,
CR-003073,VS-AP-2000,4,true,none,
CR-003074,CP-BB-DM5440,1,true,sensor_trust,sensor_trust
CR-003075,VS-AP-3000i,4,true,none,
CR-003076,VS-AP-2000,4,true,none,
CR-003077,CP-XM-4PRO,5,true,none,
CR-003078,VS-AP-4000i,5,true,none,
CR-003079,CP-XM-4PRO,4,true,none,
CR-003080,CP-DY-TP09,1,false,none,
CR-003081,CP-DY-TP09,5,true,none,
CR-003082,CP-DY-TP09,5,true,none,
CR-003083,CP-XM-4PRO,5,true,none,
CR-003084,CP-XM-4PRO,5,true,none,
CR-003085,CP-DY-TP09,5,true,none,
CR-003086,CP-XM-4PRO,3,true,app_software,app_software
CR-003087,VS-AP-2000,5,true,none,
CR-003088,VS-AP-8000i,5,true,none,
CR-003089,VS-AC-1000i,5,true,none,
CR-003090,VS-AP-3000i,5,true,none,
CR-003091,CP-LV-C400S,3,true,none,
CR-003092,VS-AP-2000,5,true,none,
CR-003093,VS-AP-4000i,1,true,sensor_trust,noise|sensor_trust
CR-003094,CP-XM-4PRO,5,true,none,
CR-003095,CP-XM-4PRO,5,false,sensor_trust,noise|sensor_trust
CR-003096,CP-BB-DM5440,4,true,none,
CR-003097,VS-AP-4000i,4,true,none,
CR-003098,VS-AP-3000i,5,true,none,
CR-003099,VS-AP-3000i,4,true,none,
CR-003100,CP-XM-4PRO,4,true,none,
CR-003101,VS-AP-4000i,5,true,none,
CR-003102,CP-XM-4PRO,3,true,none,
CR-003103,CP-DY-TP09,5,true,none,
CR-003104,VS-AC-1000i,3,true,none,
CR-003105,CP-DY-TP09,5,true,none,
CR-003106,CP-BB-DM5440,5,true,none,
CR-003107,VS-AC-1000i,2,true,noise,filter_cost|noise
CR-003108,CP-BB-DM5440,5,true,none,
CR-003109,CP-XM-4PRO,4,true,none,
CR-003110,VS-AP-4000i,5,false,app_software,app_software|noise
CR-003111,CP-LV-C400S,5,true,none,
CR-003112,VS-AP-4000i,5,true,none,
CR-003113,VS-AC-1000i,1,true,filter_cost,connectivity|filter_cost
CR-003114,CP-LV-C400S,4,true,none,
CR-003115,VS-AP-3000i,5,true,none,
CR-003116,CP-DY-TP09,5,true,none,
CR-003117,VS-AP-3000i,5,true,none,
CR-003118,VS-AP-2000,5,true,none,
CR-003119,CP-XM-4PRO,5,true,none,
CR-003120,VS-AP-2000,4,true,none,
CR-003121,VS-AP-8000i,4,true,none,
CR-003122,VS-AP-4000i,3,true,filter_cost,filter_cost
CR-003123,VS-AP-4000i,5,true,none,
CR-003124,CP-DY-TP09,5,true,none,
CR-003125,CP-LV-C400S,4,true,none,
CR-003126,VS-AP-4000i,5,true,none,
CR-003127,VS-AP-3000i,5,true,none,
CR-003128,VS-AP-8000i,5,true,none,
CR-003129,VS-AP-8000i,2,true,filter_cost,filter_cost
CR-003130,VS-AP-3000i,5,true,none,
CR-003131,VS-AP-3000i,5,true,none,
CR-003132,VS-AP-3000i,4,true,none,
CR-003133,VS-AC-1000i,5,true,none,
CR-003134,VS-AP-3000i,5,true,none,
CR-003135,CP-BB-DM5440,1,true,connectivity,connectivity
CR-003136,VS-AP-3000i,5,true,none,
CR-003137,VS-AP-4000i,1,true,noise,noise
CR-003138,VS-AP-3000i,4,true,none,
CR-003139,VS-AP-2000,4,true,none,
CR-003140,VS-AP-8000i,5,true,none,
CR-003141,VS-AP-2000,3,true,app_software,app_software
CR-003142,CP-DY-TP09,4,true,none,
CR-003143,CP-XM-4PRO,3,true,filter_cost,filter_cost
CR-003144,VS-AP-3000i,5,true,none,
CR-003145,CP-XM-4PRO,5,true,none,
CR-003146,CP-BB-DM5440,5,true,none,
CR-003147,CP-XM-4PRO,4,true,none,
CR-003148,VS-AP-4000i,2,true,noise,filter_cost|noise
CR-003149,VS-AP-4000i,5,true,none,
CR-003150,VS-AC-1000i,5,true,none,
CR-003151,VS-AP-4000i,5,true,none,
CR-003152,VS-AP-3000i,4,true,none,
CR-003153,VS-AP-8000i,2,true,noise,noise
CR-003154,CP-XM-4PRO,4,true,none,
CR-003155,CP-XM-4PRO,5,true,none,
CR-003156,CP-XM-4PRO,1,true,noise,noise|sensor_trust
CR-003157,VS-AP-3000i,5,true,none,
CR-003158,VS-AP-4000i,5,true,none,
CR-003159,VS-AP-2000,1,true,none,
CR-003160,VS-AP-4000i,3,true,noise,noise
CR-003161,VS-AP-3000i,5,true,none,
CR-003162,CP-BB-DM5440,3,true,none,
CR-003163,VS-AC-1000i,4,true,none,
CR-003164,VS-AC-1000i,1,true,connectivity,connectivity
CR-003165,VS-AP-3000i,5,true,none,
CR-003166,VS-AP-2000,5,true,none,
CR-003167,VS-AP-4000i,5,true,none,
CR-003168,VS-AP-8000i,5,true,none,
CR-003169,CP-BB-DM5440,2,true,sensor_trust,sensor_trust
CR-003170,VS-AP-4000i,5,true,none,
CR-003171,VS-AC-1000i,4,true,none,
CR-003172,VS-AP-2000,1,true,filter_cost,filter_cost
CR-003173,CP-XM-4PRO,5,true,none,
CR-003174,VS-AP-8000i,2,true,connectivity,connectivity
CR-003175,VS-AC-1000i,5,true,none,
CR-003176,CP-XM-4PRO,5,true,none,
CR-003177,VS-AP-2000,5,true,none,
CR-003178,CP-LV-C400S,3,true,none,
CR-003179,CP-BB-DM5440,5,true,none,
CR-003180,CP-LV-C400S,3,true,connectivity,connectivity
CR-003181,CP-BB-DM5440,5,true,none,
CR-003182,VS-AP-8000i,5,true,none,
CR-003183,VS-AP-3000i,5,false,sensor_trust,filter_cost|sensor_trust
CR-003184,CP-DY-TP09,4,true,none,
CR-003185,VS-AP-2000,1,true,sensor_trust,sensor_trust
CR-003186,VS-AP-3000i,5,false,connectivity,connectivity|filter_cost
CR-003187,CP-BB-DM5440,5,true,none,
CR-003188,VS-AP-2000,1,true,none,
CR-003189,VS-AP-8000i,5,true,none,
CR-003190,CP-LV-C400S,4,true,none,
CR-003191,CP-DY-TP09,5,true,none,
CR-003192,CP-DY-TP09,5,true,none,
CR-003193,VS-AP-2000,4,true,none,
CR-003194,CP-XM-4PRO,3,true,none,
CR-003195,VS-AP-2000,5,true,none,
CR-003196,VS-AP-8000i,1,true,filter_cost,filter_cost
CR-003197,VS-AP-8000i,5,true,none,
CR-003198,VS-AP-2000,5,true,none,
CR-003199,VS-AP-4000i,5,true,none,
CR-003200,CP-BB-DM5440,5,true,none,
CR-003201,CP-DY-TP09,5,true,none,
CR-003202,CP-XM-4PRO,4,true,none,
CR-003203,VS-AC-1000i,3,true,noise,noise
CR-003204,CP-DY-TP09,4,true,none,
CR-003205,CP-BB-DM5440,5,true,none,
CR-003206,VS-AP-2000,1,true,none,
CR-003207,VS-AP-8000i,5,true,none,
CR-003208,VS-AC-1000i,5,true,none,
CR-003209,VS-AP-8000i,5,true,none,
CR-003210,CP-LV-C400S,4,true,none,
CR-003211,CP-BB-DM5440,3,true,noise,noise
CR-003212,VS-AP-3000i,5,true,none,
CR-003213,CP-BB-DM5440,1,true,none,
CR-003214,VS-AP-3000i,4,true,none,
CR-003215,VS-AC-1000i,1,true,connectivity,connectivity
CR-003216,CP-LV-C400S,3,true,none,
CR-003217,CP-DY-TP09,4,true,none,
CR-003218,CP-LV-C400S,3,true,noise,noise
CR-003219,CP-LV-C400S,5,true,none,
CR-003220,VS-AP-8000i,2,true,connectivity,connectivity
CR-003221,CP-XM-4PRO,5,true,none,
CR-003222,CP-LV-C400S,1,true,noise,noise
CR-003223,VS-AP-3000i,1,true,filter_cost,filter_cost|noise
CR-003224,VS-AP-3000i,5,true,none,
CR-003225,CP-DY-TP09,1,true,sensor_trust,sensor_trust
CR-003226,CP-XM-4PRO,5,true,none,
CR-003227,VS-AP-8000i,4,true,none,
CR-003228,CP-DY-TP09,5,true,none,
CR-003229,VS-AC-1000i,4,true,none,
CR-003230,VS-AP-2000,2,true,reliability,app_software|reliability
CR-003231,VS-AP-3000i,4,true,none,
CR-003232,VS-AC-1000i,5,true,none,
CR-003233,VS-AC-1000i,5,true,none,
CR-003234,CP-BB-DM5440,2,true,noise,noise
CR-003235,VS-AP-8000i,1,true,app_software,app_software|sensor_trust
CR-003236,CP-LV-C400S,4,true,none,
CR-003237,VS-AP-8000i,4,true,none,
CR-003238,VS-AP-2000,5,true,none,
CR-003239,VS-AP-8000i,1,false,none,
CR-003240,VS-AP-2000,4,true,none,
CR-003241,CP-LV-C400S,4,true,none,
CR-003242,CP-DY-TP09,2,true,noise,noise
CR-003243,CP-XM-4PRO,4,true,none,
CR-003244,VS-AP-3000i,5,true,none,
CR-003245,VS-AC-1000i,5,true,none,
CR-003246,VS-AC-1000i,5,true,none,
CR-003247,CP-XM-4PRO,4,true,none,
CR-003248,VS-AP-3000i,5,true,none,
CR-003249,VS-AP-3000i,4,true,none,
CR-003250,VS-AP-2000,5,true,none,
CR-003251,CP-LV-C400S,5,true,none,
CR-003252,VS-AP-4000i,5,true,none,
CR-003253,CP-LV-C400S,2,true,app_software,app_software|reliability
CR-003254,VS-AP-3000i,5,true,none,
CR-003255,CP-DY-TP09,5,true,none,
CR-003256,VS-AP-2000,5,true,none,
CR-003257,CP-BB-DM5440,5,true,none,
CR-003258,CP-DY-TP09,3,true,none,
CR-003259,VS-AP-2000,1,true,noise,filter_cost|noise
CR-003260,VS-AP-4000i,2,true,sensor_trust,sensor_trust
CR-003261,CP-DY-TP09,5,true,none,
CR-003262,CP-BB-DM5440,5,true,none,
CR-003263,CP-DY-TP09,5,true,none,
CR-003264,VS-AP-8000i,5,true,none,
CR-003265,VS-AP-8000i,5,true,none,
CR-003266,CP-XM-4PRO,5,true,none,
CR-003267,VS-AP-8000i,4,true,none,
CR-003268,CP-BB-DM5440,2,true,filter_cost,filter_cost
CR-003269,CP-LV-C400S,4,true,none,
CR-003270,VS-AP-3000i,1,true,connectivity,connectivity|sensor_trust
CR-003271,VS-AP-2000,1,true,connectivity,connectivity
CR-003272,CP-XM-4PRO,4,true,none,
CR-003273,VS-AP-4000i,5,true,none,
CR-003274,CP-DY-TP09,4,true,none,
CR-003275,CP-DY-TP09,5,true,none,
CR-003276,CP-BB-DM5440,3,true,noise,noise
CR-003277,VS-AP-4000i,5,true,none,
CR-003278,CP-XM-4PRO,5,true,none,
CR-003279,CP-LV-C400S,5,true,none,
CR-003280,VS-AP-2000,1,true,none,
CR-003281,CP-BB-DM5440,5,true,none,
CR-003282,VS-AC-1000i,2,true,connectivity,connectivity
CR-003283,CP-DY-TP09,5,true,none,
CR-003284,VS-AP-8000i,5,true,none,
CR-003285,CP-LV-C400S,3,true,connectivity,connectivity
CR-003286,VS-AP-2000,4,true,none,
CR-003287,CP-BB-DM5440,4,true,none,
CR-003288,CP-XM-4PRO,4,true,none,
CR-003289,VS-AP-2000,5,true,none,
CR-003290,CP-DY-TP09,1,true,app_software,app_software|reliability
CR-003291,VS-AP-3000i,1,true,filter_cost,filter_cost
CR-003292,CP-DY-TP09,5,true,none,
CR-003293,CP-XM-4PRO,5,true,none,
CR-003294,CP-LV-C400S,5,true,none,
CR-003295,VS-AP-2000,5,true,none,
CR-003296,VS-AP-4000i,5,true,none,
CR-003297,VS-AC-1000i,4,true,none,
CR-003298,VS-AC-1000i,3,true,connectivity,connectivity
CR-003299,CP-LV-C400S,5,false,filter_cost,app_software|filter_cost
CR-003300,VS-AP-2000,5,true,none,
CR-003301,VS-AP-8000i,5,true,none,
CR-003302,CP-DY-TP09,4,true,none,
CR-003303,CP-BB-DM5440,3,true,none,
CR-003304,VS-AP-2000,5,true,none,
CR-003305,VS-AC-1000i,5,true,none,
CR-003306,VS-AP-3000i,5,true,none,
CR-003307,VS-AC-1000i,5,true,none,
CR-003308,CP-XM-4PRO,1,true,reliability,reliability
CR-003309,CP-LV-C400S,4,true,none,
CR-003310,VS-AP-3000i,4,true,none,
CR-003311,CP-DY-TP09,4,true,none,
CR-003312,VS-AP-4000i,1,true,app_software,app_software
CR-003313,CP-LV-C400S,5,true,none,
CR-003314,VS-AP-2000,5,true,none,
CR-003315,CP-LV-C400S,4,true,none,
CR-003316,VS-AP-8000i,5,true,none,
CR-003317,CP-XM-4PRO,4,true,none,
CR-003318,VS-AP-3000i,5,true,none,
CR-003319,CP-LV-C400S,5,true,none,
CR-003320,VS-AP-3000i,5,true,none,
CR-003321,CP-DY-TP09,5,true,none,
CR-003322,VS-AP-8000i,5,true,none,
CR-003323,VS-AP-3000i,4,true,none,
CR-003324,CP-DY-TP09,5,true,none,
CR-003325,CP-XM-4PRO,5,true,none,
CR-003326,VS-AP-4000i,5,true,none,
CR-003327,CP-XM-4PRO,5,true,none,
CR-003328,CP-BB-DM5440,5,true,none,
CR-003329,CP-BB-DM5440,1,false,none,
CR-003330,CP-BB-DM5440,5,true,none,
CR-003331,VS-AP-8000i,3,true,none,
CR-003332,VS-AC-1000i,5,true,none,
CR-003333,VS-AP-8000i,5,true,none,
CR-003334,VS-AP-8000i,4,true,none,
CR-003335,VS-AC-1000i,2,true,none,
CR-003336,VS-AP-3000i,5,true,none,
CR-003337,CP-DY-TP09,5,true,none,
CR-003338,CP-BB-DM5440,1,true,app_software,app_software
CR-003339,CP-BB-DM5440,4,true,none,
CR-003340,VS-AP-3000i,4,true,none,
CR-003341,CP-BB-DM5440,5,true,none,
CR-003342,VS-AP-8000i,5,true,none,
CR-003343,VS-AP-8000i,5,true,none,
CR-003344,VS-AC-1000i,4,true,none,
CR-003345,CP-DY-TP09,5,true,none,
CR-003346,VS-AP-4000i,4,true,none,
CR-003347,CP-LV-C400S,5,true,none,
CR-003348,VS-AP-2000,4,true,none,
CR-003349,CP-XM-4PRO,1,true,sensor_trust,sensor_trust
CR-003350,VS-AP-4000i,1,true,connectivity,app_software|connectivity
CR-003351,CP-LV-C400S,4,true,none,
CR-003352,VS-AP-8000i,5,true,none,
CR-003353,CP-DY-TP09,1,true,noise,noise
CR-003354,CP-DY-TP09,5,true,none,
CR-003355,VS-AP-3000i,5,true,none,
CR-003356,VS-AC-1000i,4,true,none,
CR-003357,CP-LV-C400S,1,true,reliability,reliability
CR-003358,VS-AP-2000,2,true,filter_cost,filter_cost
CR-003359,VS-AC-1000i,5,true,none,
CR-003360,CP-XM-4PRO,5,true,none,
CR-003361,VS-AP-4000i,5,true,none,
CR-003362,CP-DY-TP09,5,true,none,
CR-003363,CP-XM-4PRO,2,true,app_software,app_software|noise
CR-003364,CP-BB-DM5440,4,true,none,
CR-003365,VS-AP-4000i,3,true,app_software,app_software
CR-003366,VS-AP-3000i,4,true,none,
CR-003367,CP-BB-DM5440,2,true,connectivity,connectivity|noise
CR-003368,VS-AC-1000i,5,true,none,
CR-003369,VS-AP-3000i,5,true,none,
CR-003370,VS-AP-2000,3,true,none,
CR-003371,VS-AP-8000i,5,true,none,
CR-003372,VS-AP-4000i,1,true,filter_cost,connectivity|filter_cost
CR-003373,CP-XM-4PRO,4,true,none,
CR-003374,VS-AP-8000i,5,true,none,
CR-003375,VS-AP-3000i,5,true,none,
CR-003376,VS-AP-3000i,5,true,none,
CR-003377,CP-XM-4PRO,1,true,sensor_trust,sensor_trust
CR-003378,VS-AP-8000i,5,true,none,
CR-003379,VS-AP-8000i,3,true,app_software,app_software
CR-003380,CP-BB-DM5440,5,true,none,
CR-003381,VS-AP-8000i,4,true,none,
CR-003382,VS-AP-3000i,4,true,none,
CR-003383,VS-AP-4000i,4,true,none,
CR-003384,VS-AP-4000i,5,true,none,
CR-003385,CP-BB-DM5440,5,true,none,
CR-003386,CP-BB-DM5440,2,true,noise,noise
CR-003387,VS-AP-8000i,5,true,none,
CR-003388,CP-LV-C400S,5,true,none,
CR-003389,CP-DY-TP09,5,true,none,
CR-003390,CP-XM-4PRO,4,true,none,
CR-003391,VS-AP-3000i,5,true,none,
CR-003392,CP-LV-C400S,5,true,none,
CR-003393,VS-AP-2000,5,true,none,
CR-003394,CP-BB-DM5440,4,true,none,
CR-003395,VS-AP-4000i,4,true,none,
CR-003396,VS-AP-8000i,1,true,filter_cost,filter_cost
CR-003397,VS-AP-8000i,3,true,none,
CR-003398,CP-LV-C400S,1,true,connectivity,connectivity|sensor_trust
CR-003399,VS-AP-4000i,4,true,none,
CR-003400,VS-AP-3000i,2,true,connectivity,connectivity
CR-003401,VS-AP-4000i,1,true,filter_cost,filter_cost|noise
CR-003402,CP-XM-4PRO,5,true,none,
CR-003403,CP-DY-TP09,4,true,none,
CR-003404,VS-AP-8000i,5,true,none,
CR-003405,VS-AP-2000,5,true,none,
CR-003406,VS-AC-1000i,1,true,connectivity,connectivity|sensor_trust
CR-003407,VS-AC-1000i,5,true,none,
CR-003408,CP-XM-4PRO,4,true,none,
CR-003409,VS-AP-8000i,1,true,noise,app_software|noise
CR-003410,CP-XM-4PRO,4,true,none,
CR-003411,CP-XM-4PRO,4,true,none,
CR-003412,CP-LV-C400S,1,true,connectivity,connectivity
CR-003413,CP-DY-TP09,2,true,none,
CR-003414,VS-AP-2000,4,true,none,
CR-003415,CP-LV-C400S,5,true,none,
CR-003416,CP-BB-DM5440,4,true,none,
CR-003417,CP-LV-C400S,5,true,none,
CR-003418,VS-AP-3000i,2,true,app_software,app_software
CR-003419,VS-AP-2000,5,true,none,
CR-003420,VS-AP-8000i,5,true,none,
CR-003421,VS-AP-8000i,4,true,none,
CR-003422,CP-BB-DM5440,5,true,none,
CR-003423,CP-BB-DM5440,5,true,none,
CR-003424,VS-AP-8000i,4,true,none,
CR-003425,CP-BB-DM5440,5,true,none,
CR-003426,CP-XM-4PRO,1,true,connectivity,connectivity
CR-003427,CP-DY-TP09,2,true,reliability,noise|reliability
CR-003428,CP-DY-TP09,5,true,none,
CR-003429,VS-AP-3000i,5,true,none,
CR-003430,CP-XM-4PRO,1,true,connectivity,connectivity
CR-003431,CP-DY-TP09,4,true,none,
CR-003432,VS-AP-8000i,1,true,none,
CR-003433,VS-AP-3000i,3,true,filter_cost,filter_cost
CR-003434,VS-AC-1000i,5,true,none,
CR-003435,CP-DY-TP09,1,true,none,
CR-003436,CP-DY-TP09,5,false,connectivity,connectivity|filter_cost
CR-003437,CP-DY-TP09,4,true,none,
CR-003438,CP-BB-DM5440,4,true,none,
CR-003439,VS-AP-8000i,3,true,sensor_trust,sensor_trust
CR-003440,VS-AP-2000,5,true,none,
CR-003441,VS-AP-2000,5,true,none,
CR-003442,VS-AP-2000,5,true,none,
CR-003443,VS-AC-1000i,5,true,none,
CR-003444,CP-XM-4PRO,5,true,none,
CR-003445,CP-DY-TP09,5,true,none,
CR-003446,VS-AP-3000i,5,true,none,
CR-003447,VS-AP-2000,5,true,none,
CR-003448,VS-AP-2000,5,false,sensor_trust,connectivity|sensor_trust
CR-003449,CP-XM-4PRO,3,true,none,
CR-003450,CP-XM-4PRO,5,true,none,
CR-003451,VS-AC-1000i,5,true,none,
CR-003452,VS-AP-2000,1,true,noise,app_software|noise
CR-003453,VS-AP-4000i,5,true,none,
CR-003454,CP-XM-4PRO,1,true,none,
CR-003455,CP-DY-TP09,5,true,none,
CR-003456,VS-AP-4000i,5,true,none,
CR-003457,CP-BB-DM5440,5,true,none,
CR-003458,CP-XM-4PRO,1,true,noise,noise
CR-003459,CP-LV-C400S,1,true,sensor_trust,sensor_trust
CR-003460,CP-XM-4PRO,3,true,none,
CR-003461,CP-BB-DM5440,4,true,none,
CR-003462,CP-XM-4PRO,1,true,none,
CR-003463,VS-AC-1000i,2,true,none,
CR-003464,VS-AP-3000i,4,true,none,
CR-003465,VS-AP-8000i,4,true,none,
CR-003466,VS-AP-8000i,5,true,none,
CR-003467,CP-LV-C400S,5,true,none,
CR-003468,CP-LV-C400S,4,true,none,
CR-003469,VS-AP-2000,5,true,none,
CR-003470,CP-XM-4PRO,4,true,none,
CR-003471,CP-DY-TP09,5,true,none,
CR-003472,VS-AP-2000,4,true,none,
CR-003473,CP-LV-C400S,4,true,none,
CR-003474,VS-AP-2000,5,true,none,
CR-003475,VS-AP-4000i,5,true,none,
CR-003476,CP-LV-C400S,4,true,none,
CR-003477,CP-XM-4PRO,1,true,app_software,app_software
CR-003478,VS-AP-2000,5,true,none,
CR-003479,CP-BB-DM5440,5,true,none,
CR-003480,CP-LV-C400S,4,true,none,
CR-003481,VS-AP-2000,5,true,none,
CR-003482,VS-AP-2000,1,true,none,
CR-003483,VS-AP-2000,4,true,none,
CR-003484,VS-AC-1000i,5,true,none,
CR-003485,VS-AP-4000i,5,true,none,
CR-003486,VS-AP-2000,5,true,none,
CR-003487,CP-DY-TP09,5,true,none,
CR-003488,CP-DY-TP09,5,true,none,
CR-003489,CP-BB-DM5440,1,true,filter_cost,filter_cost|noise
CR-003490,VS-AP-3000i,5,true,none,
CR-003491,CP-XM-4PRO,5,true,none,
CR-003492,VS-AP-2000,4,true,none,
CR-003493,CP-DY-TP09,4,true,none,
CR-003494,VS-AC-1000i,5,true,none,
CR-003495,VS-AP-2000,5,true,none,
CR-003496,CP-DY-TP09,5,true,none,
CR-003497,VS-AP-4000i,5,true,none,
CR-003498,CP-XM-4PRO,5,true,none,
CR-003499,CP-BB-DM5440,5,true,none,
CR-003500,CP-BB-DM5440,4,true,none,
